# Time (s), X (m), Y (m), Z (m), Vx (m/s), Vy (m/s), Vz (m/s), ω1 (rad/s), ω2 (rad/s), ω3 (rad/s), R3 (N)
0.000000,0.000000,0.000000,100.000000,0.000000,0.000000,0.000000,0.000000,0.000000,0.000000,-0.044337
0.001716,0.000000,0.000000,100.000000,0.000000,-0.000000,0.000000,-0.000000,-0.000000,0.000000,-0.036139
0.003432,-0.000000,0.000000,100.000000,-0.000000,-0.000000,0.000000,0.000000,0.000000,0.000000,-0.036139
0.004118,-0.000000,0.000000,100.000000,-0.000045,0.000026,0.000594,-0.000000,-0.000000,-0.000000,-0.036139
0.004805,-0.000000,0.000000,100.000002,-0.000182,0.000105,0.002399,0.000000,-0.000000,0.000000,-0.036140
0.006122,-0.000001,0.000000,100.000009,-0.000614,0.000354,0.008099,0.000000,0.000000,-0.000000,-0.036144
0.007440,-0.000002,0.000001,100.000026,-0.001384,0.000799,0.018265,-0.000000,-0.000000,0.000000,-0.036152
0.008757,-0.000005,0.000003,100.000060,-0.002493,0.001439,0.032897,-0.000000,0.000000,-0.000000,-0.036164
0.021933,-0.000194,0.000112,100.002561,-0.032198,0.018590,0.424960,-0.000000,-0.000000,-0.000000,-0.037035
0.024544,-0.000291,0.000168,100.003841,-0.042103,0.024308,0.555685,0.000000,-0.000000,0.000000,-0.037558
0.027154,-0.000416,0.000240,100.005486,-0.053338,0.030795,0.703966,0.000000,-0.000000,-0.000000,-0.038292
0.029765,-0.000571,0.000330,100.007540,-0.065903,0.038049,0.869806,-0.000000,-0.000000,0.000000,-0.039287
0.030809,-0.000643,0.000371,100.008485,-0.071220,0.041119,0.939982,0.000000,0.000000,0.000000,-0.039757
0.031853,-0.000720,0.000416,100.009503,-0.076563,0.044204,1.010498,0.000000,0.000000,-0.000000,-0.040262
0.032897,-0.000803,0.000463,100.010595,-0.081908,0.047289,1.081040,0.000000,0.000000,0.000000,-0.040801
0.034986,-0.000985,0.000569,100.013000,-0.092603,0.053464,1.222204,-0.000000,0.000000,-0.000000,-0.041979
0.037074,-0.001190,0.000687,100.015700,-0.103307,0.059644,1.363474,0.000000,0.000000,0.000000,-0.043290
0.039163,-0.001416,0.000818,100.018695,-0.114019,0.065829,1.504850,-0.000000,0.000000,-0.000000,-0.044733
0.060047,-0.004919,0.002840,100.064926,-0.221578,0.127928,2.924450,0.000000,-0.000000,0.000000,-0.066459
0.080931,-0.010677,0.006165,100.140922,-0.329995,0.190523,4.355370,-0.000000,0.000000,-0.000000,-0.101318
0.101815,-0.018709,0.010802,100.246929,-0.439346,0.253657,5.798621,0.000000,0.000000,0.000000,-0.149080
0.122699,-0.029034,0.016763,100.383202,-0.549606,0.317315,7.253852,-0.000000,-0.000000,-0.000000,-0.209426
0.182955,-0.071898,0.041510,100.948924,-0.873099,0.504084,11.523410,0.000000,0.000000,0.000000,-0.450935
0.243211,-0.134501,0.077654,101.775187,-1.204823,0.695605,15.901597,0.000000,-0.000000,-0.000000,-0.784828
0.303467,-0.217347,0.125486,102.868612,-1.544971,0.891990,20.390978,0.000000,-0.000000,-0.000000,-1.199221
0.408241,-0.410990,0.237285,105.424360,-2.156953,1.245318,28.468090,0.000000,0.000000,0.000000,-2.066980
0.418890,-0.434299,0.250743,105.732007,-2.220651,1.282093,29.308786,-0.000000,0.000000,0.000000,-2.162735
0.429540,-0.458288,0.264593,106.048621,-2.284531,1.318975,30.151896,0.000000,-0.000000,0.000000,-2.259299
0.440189,-0.482958,0.278836,106.374219,-2.348487,1.355899,30.996003,-0.000000,-0.000000,-0.000000,-2.356385
0.450350,-0.507129,0.292791,106.693239,-2.409528,1.391142,31.801645,-0.000000,-0.000000,0.000000,-2.449308
0.456890,-0.523014,0.301962,106.902891,-2.448389,1.413578,32.314543,0.000000,0.000000,0.000000,-2.508546
0.463429,-0.539150,0.311279,107.115861,-2.486401,1.435524,32.816231,-0.000000,-0.000000,-0.000000,-2.566516
0.469969,-0.555532,0.320737,107.332075,-2.523562,1.456979,33.306697,0.000000,0.000000,0.000000,-2.623189
0.474135,-0.566093,0.326834,107.471460,-2.546811,1.470402,33.613540,0.000000,0.000000,0.000000,-2.659203
0.476463,-0.572054,0.330279,107.550110,-2.560436,1.479528,33.782294,-0.000414,-0.001138,0.000000,-2.685577
0.478791,-0.578047,0.333744,107.629150,-2.573949,1.488593,33.949622,-0.000829,-0.002282,0.000000,-2.711858
0.483447,-0.590095,0.340718,107.788006,-2.600880,1.506677,34.283095,-0.001666,-0.004577,-0.000000,-2.764615
0.488103,-0.602267,0.347775,107.948411,-2.627686,1.524704,34.615101,-0.002513,-0.006891,-0.000000,-2.817645
0.492760,-0.614565,0.354917,108.110361,-2.654442,1.542709,34.946541,-0.003368,-0.009222,-0.000000,-2.871089
0.517601,-0.682270,0.394427,109.000335,-2.796651,1.638326,36.707101,-0.008088,-0.021934,-0.000000,-3.163404
0.542442,-0.753506,0.436302,109.933949,-2.938716,1.733151,38.460131,-0.013055,-0.035063,-0.000000,-3.468565
0.567283,-0.828281,0.480520,110.911075,-3.081583,1.826894,40.210301,-0.018245,-0.048525,0.000000,-3.787256
0.595258,-0.916767,0.533079,112.063525,-3.244326,1.930575,42.179112,-0.024319,-0.063960,0.000000,-4.162512
0.623234,-1.009847,0.588501,113.271052,-3.410077,2.031635,44.147816,-0.030584,-0.079530,0.000000,-4.555484
0.651210,-1.107621,0.646704,114.533657,-3.579825,2.129315,46.116694,-0.036979,-0.095053,0.000000,-4.966233
0.660931,-1.142712,0.667564,114.985283,-3.639885,2.162335,46.800682,-0.039220,-0.100404,0.000000,-5.113079
0.670652,-1.178391,0.688742,115.443558,-3.700598,2.194824,47.484797,-0.041465,-0.105714,0.000000,-5.262096
0.680373,-1.214663,0.710233,115.908485,-3.762029,2.226758,48.169286,-0.043710,-0.110975,-0.000000,-5.413339
0.690962,-1.254860,0.733994,116.422529,-3.829817,2.260873,48.915347,-0.046150,-0.116638,-0.000000,-5.580631
0.701552,-1.295781,0.758112,116.944475,-3.898545,2.294239,49.661630,-0.048581,-0.122216,-0.000000,-5.750524
0.712142,-1.337434,0.782580,117.474324,-3.968253,2.326807,50.407942,-0.050998,-0.127696,-0.000000,-5.922976
0.737201,-1.438995,0.841810,118.759636,-4.137540,2.400438,52.174735,-0.056618,-0.140175,-0.000000,-6.341410
0.762260,-1.544882,0.902820,120.089235,-4.313435,2.468859,53.942583,-0.062047,-0.151829,-0.000000,-6.774423
0.782859,-1.635281,0.954212,121.215392,-4.463401,2.520831,55.395943,-0.066310,-0.160650,0.000000,-7.141148
0.803459,-1.728825,1.006632,122.371494,-4.618693,2.568659,56.849924,-0.070339,-0.168658,0.000000,-7.517738
0.824058,-1.825626,1.059993,123.557561,-4.779742,2.612105,58.305163,-0.074084,-0.175736,0.000000,-7.904384
0.850325,-1.953960,1.129268,125.113464,-4.993884,2.660810,60.162015,-0.078374,-0.183243,0.000000,-8.411882
0.876593,-2.088064,1.199712,126.718155,-5.218519,2.701545,62.019705,-0.082006,-0.188796,0.000000,-8.935502
0.902860,-2.228211,1.271119,128.371653,-5.454173,2.733992,63.878095,-0.084879,-0.192178,0.000000,-9.475244
0.929127,-2.374699,1.343266,130.073980,-5.701368,2.757914,65.737668,-0.086887,-0.193181,0.000000,-10.031293
0.961321,-2.563338,1.432371,132.227035,-6.020561,2.775433,68.018486,-0.088033,-0.190911,0.000000,-10.734978
0.993515,-2.762542,1.521830,134.453528,-6.357750,2.779954,70.299684,-0.087586,-0.184553,0.000000,-11.462387
1.025709,-2.972893,1.611230,136.753483,-6.713040,2.771797,72.582420,-0.085429,-0.173966,0.000000,-12.214346
1.057903,-3.194967,1.700172,139.126946,-7.085923,2.751600,74.866184,-0.081490,-0.159139,0.000000,-12.990740
1.070522,-3.285337,1.734826,140.077348,-7.236712,2.740600,75.761673,-0.079453,-0.152195,0.000000,-13.301750
1.083141,-3.377626,1.769330,141.039051,-7.390008,2.727973,76.657370,-0.077141,-0.144636,0.000000,-13.616536
1.095760,-3.471864,1.803666,142.012059,-7.545730,2.713799,77.553304,-0.074558,-0.136481,0.000000,-13.935110
1.130324,-3.740187,1.896707,144.735023,-7.983914,2.667779,80.008442,-0.066140,-0.111303,0.000000,-14.827068
1.158748,-3.972380,1.971916,147.037877,-8.355703,2.623281,82.028741,-0.057844,-0.087863,-0.000000,-15.581842
1.187172,-4.215267,2.045794,149.398172,-8.736146,2.574253,84.050264,-0.048469,-0.062478,0.000000,-16.355791
1.215595,-4.469070,2.118232,151.815952,-9.123503,2.522249,86.073623,-0.038216,-0.035759,0.000000,-17.149097
1.244019,-4.733959,2.189170,154.291278,-9.515856,2.468942,88.099585,-0.027333,-0.008411,0.000000,-17.962004
1.278181,-5.067149,2.272426,157.342580,-9.990896,2.405642,90.537755,-0.013835,0.024168,0.000000,-18.964753
1.312343,-5.416581,2.353575,160.477245,-10.466050,2.346128,92.980130,-0.000435,0.055007,0.000000,-19.995725
1.346506,-5.782192,2.432800,163.695431,-10.937457,2.293418,95.427657,0.012235,0.082557,0.000000,-21.055137
1.380668,-6.163788,2.510380,166.997321,-11.401287,2.250295,97.880416,0.023520,0.105300,0.000000,-22.142834
1.414830,-6.561052,2.586685,170.383099,-11.854197,2.219117,100.339036,0.032784,0.121852,0.000000,-23.258907
1.425029,-6.682630,2.609282,171.410201,-11.986879,2.212407,101.074345,0.035071,0.125415,0.000000,-23.597514
1.435228,-6.805555,2.631818,172.444806,-12.118278,2.206961,101.810237,0.037112,0.128298,0.000000,-23.938371
1.445427,-6.929813,2.654304,173.486918,-12.248339,2.202807,102.546715,0.038894,0.130480,-0.000000,-24.281753
1.455626,-7.055391,2.676755,174.536545,-12.377013,2.199969,103.283763,0.040408,0.131941,-0.000000,-24.627651
1.475733,-7.306780,2.720965,176.627959,-12.626498,2.198280,104.738570,0.042564,0.132662,-0.000000,-25.316972
1.495841,-7.563130,2.765194,178.748650,-12.870266,2.201804,106.195748,0.043571,0.130463,-0.000000,-26.016126
1.515948,-7.824323,2.809546,180.898665,-13.108254,2.210475,107.655339,0.043389,0.125338,-0.000000,-26.725135
1.536056,-8.090243,2.854122,183.078051,-13.340502,2.224110,109.117107,0.042005,0.117350,-0.000000,-27.443895
1.542220,-8.172688,2.867847,183.752014,-13.410573,2.229242,109.565618,0.041340,0.114347,-0.000000,-27.666171
1.548384,-8.255563,2.881605,184.428742,-13.480131,2.234803,110.014319,0.040565,0.111091,-0.000000,-27.889359
1.554548,-8.338865,2.895398,185.108236,-13.549188,2.240781,110.463207,0.039680,0.107590,-0.000000,-28.113457
1.582267,-8.718693,2.957930,188.198248,-13.853836,2.272462,112.483881,0.034392,0.088994,-0.000000,-29.132362
1.609987,-9.106841,3.021439,191.344313,-14.149859,2.310905,114.507318,0.027124,0.066324,-0.000000,-30.169281
1.637707,-9.503097,3.086088,194.546507,-14.439131,2.354409,116.533638,0.018185,0.040557,-0.000000,-31.224404
1.665427,-9.907305,3.151990,197.804913,-14.723978,2.400992,118.563148,0.007983,0.012884,-0.000000,-32.298067
1.696719,-10.373059,3.227963,201.550979,-15.043468,2.454563,120.858027,-0.004434,-0.018955,-0.000000,-33.532632
1.728012,-10.848825,3.305589,205.368911,-15.364589,2.506012,123.156077,-0.017013,-0.049401,-0.000000,-34.790947
1.759305,-11.334717,3.384749,209.258790,-15.691282,2.552162,125.456050,-0.028889,-0.076355,-0.000000,-36.072647
1.790598,-11.830970,3.465233,213.220664,-16.027384,2.590147,127.757524,-0.039205,-0.097863,-0.000000,-37.377801
1.821891,-12.337934,3.546747,217.254598,-16.376454,2.617667,130.061987,-0.047178,-0.112289,-0.000000,-38.707557
1.834469,-12.544832,3.579724,218.896409,-16.520943,2.625387,130.988485,-0.049572,-0.115809,-0.000000,-39.248678
1.847048,-12.753562,3.612785,220.549874,-16.668001,2.631085,131.914966,-0.051451,-0.117940,-0.000000,-39.793532
1.859626,-12.964160,3.645905,222.214992,-16.817720,2.634724,132.841439,-0.052787,-0.118651,-0.000000,-40.342128
1.872205,-13.176657,3.679058,223.891764,-16.970171,2.636293,133.767986,-0.053561,-0.117928,-0.000000,-40.894523
1.885757,-13.407783,3.714786,225.711475,-17.137544,2.635683,134.766570,-0.053752,-0.115549,-0.000000,-41.493748
1.899310,-13.641198,3.750490,227.544720,-17.308112,2.632741,135.765282,-0.053271,-0.111543,-0.000000,-42.097039
1.912863,-13.876947,3.786139,229.391499,-17.481776,2.627556,136.763849,-0.052122,-0.105966,-0.000000,-42.704575
1.926416,-14.115069,3.821703,231.251812,-17.658437,2.620255,137.762311,-0.050322,-0.098904,-0.000000,-43.316371
1.939969,-14.355606,3.857154,233.125658,-17.838000,2.610997,138.761029,-0.047896,-0.090466,-0.000000,-43.932636
1.953522,-14.598594,3.892468,235.013042,-18.020293,2.599973,139.760156,-0.044883,-0.080786,-0.000000,-44.553451
1.967075,-14.844071,3.927622,236.913968,-18.205015,2.587407,140.759275,-0.041331,-0.070022,-0.000000,-45.178534
1.991978,-15.301707,3.991738,240.442148,-18.549792,2.561146,142.594954,-0.033599,-0.048031,-0.000000,-46.338044
2.016881,-15.768002,4.055164,244.016058,-18.900068,2.532237,144.432096,-0.024682,-0.024245,-0.000000,-47.512631
2.041784,-16.243064,4.117857,247.635737,-19.253586,2.502560,146.270798,-0.015098,-0.000057,-0.000000,-48.702151
2.066687,-16.726944,4.179821,251.301215,-19.607781,2.474050,148.110208,-0.005417,0.023078,-0.000000,-49.905800
2.091590,-17.219629,4.241109,255.012520,-19.960376,2.448569,149.951342,0.003767,0.043738,-0.000000,-51.123987
2.116493,-17.721051,4.301818,258.769698,-20.309102,2.427794,151.794370,0.011882,0.060625,-0.000000,-52.356575
2.141396,-18.231090,4.362082,262.572809,-20.652157,2.413097,153.640503,0.018411,0.072662,0.000000,-53.604164
2.171925,-18.867884,4.435595,267.297938,-21.062784,2.404787,155.908425,0.023639,0.079674,0.000000,-55.154155
2.202454,-19.517026,4.509028,272.092375,-21.460810,2.407850,158.180631,0.025352,0.077592,0.000000,-56.725969
2.232983,-20.178121,4.582723,276.956237,-21.845910,2.421876,160.456425,0.023412,0.066713,0.000000,-58.319040
2.263512,-20.850789,4.656995,281.889630,-22.219394,2.445252,162.735622,0.018073,0.048303,0.000000,-59.933316
2.294042,-21.534716,4.732092,286.892657,-22.584037,2.475338,165.018332,0.009972,0.024483,0.000000,-61.569127
2.324302,-22.223518,4.807493,291.920438,-22.940547,2.508418,167.284046,0.000167,-0.001735,0.000000,-63.211903
2.354562,-22.923087,4.883897,297.016805,-23.296418,2.541018,169.551016,-0.010248,-0.027498,0.000000,-64.869706
2.384823,-23.633474,4.961235,302.181788,-23.656358,2.569483,171.819223,-0.020029,-0.049778,-0.000000,-66.547293
2.418486,-24.436688,5.048153,308.008245,-24.066601,2.592527,174.343173,-0.028753,-0.067329,0.000000,-68.437550
2.442128,-25.009161,5.109569,312.151026,-24.363360,2.601589,176.115720,-0.032807,-0.073676,-0.000000,-69.780109
2.465770,-25.588745,5.171122,316.335712,-24.668381,2.604142,177.887986,-0.034796,-0.074555,-0.000000,-71.134972
2.485300,-26.073030,5.221963,319.824158,-24.926794,2.601350,179.351588,-0.034786,-0.071164,-0.000000,-72.263317
2.504830,-26.562418,5.272707,323.341182,-25.190862,2.594411,180.814670,-0.033296,-0.064295,-0.000000,-73.399773
2.524360,-27.057016,5.323278,326.886775,-25.460142,2.583828,182.277300,-0.030429,-0.054377,-0.000000,-74.544318
2.543890,-27.556919,5.373613,330.460933,-25.733973,2.570301,183.739898,-0.026363,-0.042015,-0.000000,-75.697182
2.563420,-28.062207,5.423662,334.063657,-26.011436,2.554695,185.202777,-0.021347,-0.027958,-0.000000,-76.858486
2.582950,-28.572940,5.473394,337.694954,-26.291391,2.537990,186.666026,-0.015688,-0.013055,-0.000000,-78.028143
2.602480,-29.089155,5.522797,341.354830,-26.572537,2.521225,188.129496,-0.009731,0.001789,-0.000000,-79.205856
2.622010,-29.610862,5.571879,345.043293,-26.853584,2.505429,189.593339,-0.003840,0.015676,-0.000000,-80.391560
2.648303,-30.321877,5.637506,350.054196,-27.229688,2.487345,191.565292,0.003366,0.031416,-0.000000,-82.000661
2.674596,-31.042721,5.702724,355.116968,-27.600767,2.474667,193.539001,0.009021,0.042224,-0.000000,-83.624399
2.696055,-31.638227,5.755761,359.287530,-27.898480,2.469273,195.151495,0.012046,0.046559,-0.000000,-84.960520
2.717515,-32.240066,5.808734,363.492710,-28.190853,2.468671,196.765407,0.013414,0.046567,-0.000000,-86.306261
2.738975,-32.848119,5.861744,367.732538,-28.477731,2.472757,198.380655,0.013056,0.042345,-0.000000,-87.661496
2.760434,-33.462273,5.914889,372.007047,-28.759490,2.481049,199.997402,0.011043,0.034331,-0.000000,-89.026380
2.781894,-34.082425,5.968250,376.316262,-29.036902,2.492722,201.615399,0.007581,0.023267,-0.000000,-90.402118
2.803353,-34.708492,6.021888,380.660210,-29.311150,2.506675,203.234459,0.002993,0.010147,-0.000000,-91.788501
2.824813,-35.340424,6.075840,385.038915,-29.583731,2.521620,204.854460,-0.002301,-0.003865,0.000000,-93.184509
2.846272,-35.978201,6.130111,389.452385,-29.856217,2.536190,206.474697,-0.007825,-0.017539,0.000000,-94.589715
2.867732,-36.621838,6.184679,393.900626,-30.130246,2.549068,208.094718,-0.013084,-0.029681,0.000000,-96.003916
2.889192,-37.271386,6.239496,398.383631,-30.407381,2.559096,209.714438,-0.017614,-0.039246,0.000000,-97.427217
2.910651,-37.926925,6.294490,402.901389,-30.688926,2.565389,211.333864,-0.021019,-0.045431,0.000000,-98.859771
2.932111,-38.588562,6.349573,407.453893,-30.975766,2.567406,212.952853,-0.023012,-0.047753,0.000000,-100.301545
2.953570,-39.256414,6.404653,412.041132,-31.268274,2.565011,214.571051,-0.023440,-0.046094,0.000000,-101.752241
2.975030,-39.930603,6.459635,416.663087,-31.566319,2.558477,216.188192,-0.022301,-0.040713,0.000000,-103.211564
2.999480,-40.706613,6.522057,421.971415,-31.911916,2.546847,218.029758,-0.019286,-0.030844,0.000000,-104.884927
3.023930,-41.491139,6.584152,427.324764,-32.262533,2.532192,219.871340,-0.014865,-0.018323,0.000000,-106.570330
3.048380,-42.284280,6.645868,432.723138,-32.616098,2.516338,221.713432,-0.009645,-0.004838,-0.000000,-108.267876
3.072830,-43.086077,6.707202,438.166556,-32.970147,2.501211,223.555725,-0.004329,0.007827,-0.000000,-109.976861
3.097280,-43.896511,6.768195,443.655025,-33.322285,2.488581,225.397927,0.000384,0.018036,-0.000000,-111.696587
3.121730,-44.715511,6.828924,449.188539,-33.670579,2.479826,227.240248,0.003894,0.024517,-0.000000,-113.426877
3.146180,-45.542965,6.889496,454.767097,-34.013714,2.475752,229.082805,0.005776,0.026532,-0.000000,-115.167563
3.170630,-46.378740,6.950027,460.390711,-34.351240,2.476491,230.926090,0.005836,0.023970,-0.000000,-116.918962
3.195080,-47.222702,7.010630,466.059408,-34.683595,2.481490,232.770657,0.004137,0.017361,-0.000000,-118.681607
3.219530,-48.074737,7.071397,471.773219,-35.011926,2.489588,234.616377,0.000993,0.007801,-0.000000,-120.463303
3.243980,-48.934767,7.132385,477.532165,-35.337902,2.499194,236.462346,-0.003079,-0.003210,-0.000000,-122.265141
3.268430,-49.802759,7.193607,483.336240,-35.663551,2.508522,238.307599,-0.007440,-0.013996,-0.000000,-124.077375
3.292880,-50.678731,7.255037,489.185426,-35.991116,2.515872,240.152299,-0.011424,-0.022958,-0.000000,-125.900462
3.317330,-51.562756,7.316608,495.079706,-36.322545,2.519874,241.996639,-0.014438,-0.028816,-0.000000,-127.734855
3.341780,-52.454945,7.378227,501.019068,-36.659086,2.519699,243.840135,-0.016056,-0.030797,-0.000000,-129.580218
3.366230,-53.355431,7.439788,507.003489,-37.001166,2.515176,245.682070,-0.016080,-0.028755,-0.000000,-131.435833
3.390680,-54.264345,7.501189,513.032919,-37.348308,2.506817,247.521510,-0.014567,-0.023179,0.000000,-133.300589
3.415130,-55.181799,7.562348,519.107298,-37.699462,2.495715,249.358886,-0.011822,-0.015116,-0.000000,-135.174664
3.439580,-56.107874,7.623218,525.226586,-38.053124,2.483359,251.195508,-0.008341,-0.005982,-0.000000,-137.059072
3.464031,-57.042606,7.683786,531.390772,-38.407368,2.471381,253.031990,-0.004723,0.002671,-0.000000,-138.954057
3.488481,-57.985986,7.744082,537.599856,-38.760145,2.461283,254.867972,-0.001575,0.009424,-0.000000,-140.858815
3.512185,-58.908789,7.802335,543.662371,-39.099193,2.454352,256.647281,0.000548,0.013152,0.000000,-142.714249
3.535889,-59.839587,7.860461,549.767062,-39.434463,2.450752,258.426245,0.001456,0.013622,0.000000,-144.578425
3.554930,-60.593007,7.907117,554.701405,-39.700911,2.450241,259.855118,0.001238,0.011677,0.000000,-146.082259
3.573971,-61.351478,7.953782,559.662950,-39.965028,2.451542,261.283747,0.000235,0.007963,0.000000,-147.591641
3.593012,-62.114959,8.000485,564.651697,-40.227339,2.454164,262.712222,-0.001412,0.002951,0.000000,-149.106721
3.612053,-62.883423,8.047245,569.667642,-40.488557,2.457478,264.140503,-0.003496,-0.002757,-0.000000,-150.627550
3.631095,-63.656857,8.094070,574.710779,-40.749490,2.460788,265.568344,-0.005765,-0.008497,-0.000000,-152.153972
3.652936,-64.550154,8.147851,580.529019,-41.049339,2.463710,267.204255,-0.008254,-0.014288,-0.000000,-154.930731
3.674777,-65.450012,8.201679,586.382945,-41.350490,2.464868,268.835609,-0.010266,-0.018440,-0.000000,-159.779233
3.696619,-66.356468,8.255507,592.272434,-41.653520,2.463675,270.460489,-0.011514,-0.020393,-0.000000,-164.689579
3.718460,-67.269564,8.309282,598.197332,-41.958648,2.459916,272.077464,-0.011839,-0.019946,-0.000000,-169.657133
3.740301,-68.189348,8.362948,604.157461,-42.265818,2.453773,273.686446,-0.011229,-0.017279,-0.000000,-174.680980
3.762143,-69.115859,8.416459,610.152650,-42.574602,2.445781,275.287960,-0.009819,-0.012911,-0.000000,-179.761900
3.783984,-70.049124,8.469782,616.182740,-42.884181,2.436741,276.882469,-0.007866,-0.007607,-0.000000,-184.900327
3.805825,-70.989151,8.522904,622.247581,-43.193493,2.427576,278.470368,-0.005703,-0.002256,0.000000,-190.096410
3.827667,-71.935920,8.575832,628.347031,-43.501360,2.419191,280.051587,-0.003683,0.002283,0.000000,-195.348731
3.849508,-72.889389,8.628592,634.480941,-43.806724,2.412315,281.625911,-0.002123,0.005317,0.000000,-200.655382
3.871350,-73.849493,8.681222,640.649161,-44.108863,2.407396,283.193257,-0.001252,0.006423,0.000000,-206.015009
3.893191,-74.816158,8.733767,646.851531,-44.407350,2.404530,284.752822,-0.001177,0.005517,0.000000,-211.423907
3.915032,-75.789304,8.786269,653.087879,-44.702360,2.403458,286.304688,-0.001865,0.002854,0.000000,-216.881626
3.936874,-76.768862,8.838762,659.358044,-44.994553,2.403617,287.849362,-0.003159,-0.001026,0.000000,-222.389518
3.958715,-77.754777,8.891266,665.661864,-45.284714,2.404255,289.386332,-0.004803,-0.005401,0.000000,-227.945475
3.980556,-78.747015,8.943783,671.999159,-45.573685,2.404560,290.914610,-0.006496,-0.009494,-0.000000,-233.545616
4.002398,-79.745558,8.996296,678.369737,-45.862384,2.403797,292.433841,-0.007936,-0.012604,-0.000000,-239.188264
4.028289,-80.937422,9.058501,685.964365,-46.205333,2.400818,294.223385,-0.008992,-0.014362,-0.000000,-245.932820
4.049510,-81.920925,9.109407,692.223493,-46.487495,2.396458,295.681113,-0.009172,-0.014018,-0.000000,-251.505813
4.070730,-82.910424,9.160202,698.513459,-46.770459,2.390512,297.129976,-0.008730,-0.012206,-0.000000,-257.115524
4.074974,-83.109045,9.170345,699.775136,-46.827098,2.389168,297.418581,-0.008575,-0.011700,-0.000000,-258.241357
4.079219,-83.307907,9.180482,701.038038,-46.883741,2.387782,297.706794,-0.008401,-0.011157,-0.000000,-259.368450
4.080067,-83.347713,9.182508,701.290789,-46.895115,2.387499,297.764647,-0.008364,-0.011043,-0.000000,-259.595040
4.080916,-83.387529,9.184535,701.543590,-46.906394,2.387215,297.821926,-0.008326,-0.010928,-0.000000,-259.819462
4.082420,-83.458112,9.188125,701.991704,-46.926081,2.386714,297.921622,-0.008256,-0.010720,-0.000000,-260.210248
4.083925,-83.528724,9.191714,702.439966,-46.945469,2.386213,298.019517,-0.008185,-0.010508,-0.000000,-260.594199
4.094738,-84.037059,9.217498,705.666021,-47.077080,2.382661,298.676784,-0.007627,-0.008917,-0.000000,-263.177758
4.105551,-84.546714,9.243244,708.898568,-47.193117,2.379251,299.241137,-0.006998,-0.007222,-0.000000,-265.401930
4.109930,-84.753453,9.253660,710.209313,-47.235661,2.377921,299.443242,-0.006727,-0.006515,-0.000000,-266.292596
4.112694,-84.884064,9.260232,711.037242,-47.261752,2.377092,299.566265,-0.006552,-0.006068,-0.000000,-266.882689
4.115459,-85.014747,9.266802,711.865513,-47.287697,2.376266,299.688388,-0.006376,-0.005622,-0.000000,-267.469058
4.118223,-85.145503,9.273370,712.694123,-47.313600,2.375442,299.810242,-0.006198,-0.005179,-0.000000,-268.054755
4.122451,-85.345608,9.283409,713.961988,-47.353213,2.374190,299.996568,-0.005927,-0.004509,-0.000000,-268.951565
4.126678,-85.545882,9.293444,715.230642,-47.392831,2.372951,300.182921,-0.005656,-0.003854,-0.000000,-269.849989
4.130906,-85.746322,9.303473,716.500083,-47.432458,2.371728,300.369355,-0.005387,-0.003218,-0.000000,-270.750292
4.145480,-86.438626,9.338011,720.882536,-47.569067,2.367721,301.012992,-0.004519,-0.001245,-0.000000,-273.869784
4.160055,-87.132921,9.372495,725.274382,-47.705579,2.364106,301.658069,-0.003773,0.000313,-0.000000,-277.013841
4.172032,-87.704954,9.400795,728.890482,-47.817600,2.361491,302.189290,-0.003282,0.001224,-0.000000,-279.616144
4.184009,-88.278327,9.429066,732.512950,-47.929401,2.359246,302.721550,-0.002929,0.001754,0.000000,-282.235412
4.195986,-88.853038,9.457312,736.141800,-48.040943,2.357386,303.254849,-0.002727,0.001886,0.000000,-284.871699
4.214637,-89.750684,9.501260,741.805691,-48.214118,2.355241,304.087409,-0.002722,0.001321,0.000000,-289.011205
4.233288,-90.651556,9.545174,747.485129,-48.386707,2.353909,304.922439,-0.003081,-0.000080,-0.000000,-293.192321
4.251940,-91.555644,9.589069,753.180166,-48.558921,2.353170,305.759875,-0.003745,-0.002103,-0.000000,-297.415232
4.270591,-92.462942,9.632953,758.890844,-48.731094,2.352718,306.599629,-0.004608,-0.004445,-0.000000,-301.680115
4.294450,-93.628246,9.689077,766.218818,-48.951922,2.352016,307.677062,-0.005799,-0.007375,-0.000000,-307.197208
4.318309,-94.798833,9.745179,773.572541,-49.174177,2.350562,308.757914,-0.006838,-0.009636,-0.000000,-312.783600
4.342168,-95.974746,9.801232,780.952091,-49.398563,2.347853,309.842003,-0.007485,-0.010736,0.000000,-318.439654
4.366027,-97.156042,9.857204,788.357543,-49.625443,2.343684,310.929203,-0.007609,-0.010478,0.000000,-324.165713
4.389886,-98.342780,9.913059,795.788970,-49.854755,2.338196,312.019456,-0.007209,-0.009002,0.000000,-329.962081
4.411458,-99.420496,9.963439,802.530507,-50.063816,2.332453,313.007839,-0.006500,-0.006967,0.000000,-335.263610
4.433030,-100.502735,10.013692,809.293392,-50.274002,2.326416,313.998765,-0.005616,-0.004702,0.000000,-340.623080
4.450458,-101.380389,10.054196,814.772737,-50.444234,2.321648,314.801226,-0.004898,-0.003018,0.000000,-344.995449
4.467886,-102.261012,10.094620,820.266083,-50.614536,2.317208,315.605404,-0.004273,-0.001687,0.000000,-349.405869
4.485313,-103.144602,10.134969,825.773459,-50.784686,2.313250,316.411315,-0.003813,-0.000856,0.000000,-353.854460
4.502741,-104.031155,10.175254,831.294895,-50.954538,2.309857,317.218954,-0.003568,-0.000603,0.000000,-358.341299
4.523178,-105.074517,10.222425,837.787434,-51.153278,2.306592,318.168192,-0.003573,-0.001036,0.000000,-363.651554
4.543614,-106.121938,10.269536,844.299395,-51.351632,2.303981,319.119728,-0.003876,-0.002141,0.000000,-369.014696
4.564051,-107.173411,10.316598,850.830825,-51.549832,2.301789,320.073473,-0.004406,-0.003695,0.000000,-374.430840
4.584487,-108.228937,10.363616,857.381767,-51.748220,2.299712,321.029326,-0.005059,-0.005405,0.000000,-379.900123
4.604924,-109.288522,10.410590,863.952265,-51.947180,2.297431,321.987177,-0.005714,-0.006967,0.000000,-385.422684
4.625360,-110.352183,10.457513,870.542357,-52.147071,2.294667,322.946916,-0.006256,-0.008116,0.000000,-390.998619
4.645797,-111.419941,10.504373,877.152081,-52.348161,2.291231,323.908452,-0.006593,-0.008673,0.000000,-396.628036
4.668392,-112.605276,10.556092,884.482835,-52.572065,2.286549,324.973555,-0.006663,-0.008505,-0.000000,-402.914435
4.690987,-113.795688,10.607696,891.837679,-52.797588,2.281016,326.040715,-0.006414,-0.007588,-0.000000,-409.266474
4.713582,-114.991211,10.659169,899.216658,-53.024460,2.274897,327.109916,-0.005918,-0.006173,-0.000000,-415.684241
4.736177,-116.191872,10.710500,906.619819,-53.252252,2.268558,328.181172,-0.005299,-0.004610,0.000000,-422.167837
4.758772,-117.397686,10.761688,914.047209,-53.480489,2.262379,329.254512,-0.004701,-0.003255,0.000000,-428.717373
4.785382,-118.824392,10.821800,922.825597,-53.749294,2.255713,330.521277,-0.004197,-0.002309,0.000000,-436.515439
4.811993,-120.258250,10.881745,931.637752,-54.017970,2.249948,331.792472,-0.004040,-0.002294,0.000000,-442.961360
4.815824,-120.465285,10.890363,932.909309,-54.056672,2.249194,331.976091,-0.004050,-0.002371,0.000000,-443.400405
4.819655,-120.672468,10.898979,934.181571,-54.095402,2.248457,332.159980,-0.004068,-0.002465,0.000000,-443.840293
4.823487,-120.879799,10.907593,935.454537,-54.134165,2.247734,332.344154,-0.004092,-0.002576,0.000000,-444.281067
4.827318,-121.087279,10.916203,936.728210,-54.172961,2.247024,332.528616,-0.004124,-0.002701,0.000000,-444.722734
4.828850,-121.170325,10.919646,937.237934,-54.188492,2.246745,332.602504,-0.004139,-0.002756,0.000000,-444.899707
4.830383,-121.253394,10.923089,937.747772,-54.204112,2.246466,332.676912,-0.004155,-0.002814,0.000000,-445.078094
4.831146,-121.294733,10.924802,938.001479,-54.211559,2.246335,332.712084,-0.004163,-0.002843,0.000000,-445.161907
4.831908,-121.336077,10.926515,938.255212,-54.218680,2.246211,332.745405,-0.004172,-0.002872,0.000000,-445.240771
4.833433,-121.418775,10.929940,938.762724,-54.232270,2.245979,332.808343,-0.004189,-0.002932,0.000000,-445.388599
4.834958,-121.501493,10.933365,939.270326,-54.244558,2.245778,332.863876,-0.004208,-0.002995,0.000000,-445.516618
4.836483,-121.584229,10.936790,939.778007,-54.255544,2.245607,332.912005,-0.004227,-0.003058,0.000000,-445.624822
4.846936,-122.151510,10.960264,943.258266,-54.295815,2.245243,333.042786,-0.004380,-0.003535,0.000000,-445.833405
4.857390,-122.718832,10.983742,946.737731,-54.275009,2.246276,332.826394,-0.004564,-0.004065,0.000000,-445.112887
4.857948,-122.749118,10.984995,946.923449,-54.272182,2.246371,332.805082,-0.004575,-0.004095,0.000000,-445.048343
4.858506,-122.779402,10.986249,947.109155,-54.269180,2.246469,332.782782,-0.004586,-0.004125,0.000000,-444.981163
4.859064,-122.809684,10.987502,947.294850,-54.266005,2.246572,332.759495,-0.004597,-0.004154,0.000000,-444.911349
4.859915,-122.855898,10.989416,947.578232,-54.260824,2.246735,332.722051,-0.004613,-0.004200,0.000000,-444.799725
4.860767,-122.902108,10.991329,947.861580,-54.254726,2.246920,332.679394,-0.004630,-0.004246,0.000000,-516.693838
4.861600,-122.947325,10.993202,948.138840,-54.248311,2.247110,332.635104,-0.004647,-0.004291,0.000000,-516.543203
4.862434,-122.992536,10.995075,948.416064,-54.241897,2.247300,332.590824,-0.004663,-0.004336,0.000000,-516.392628
4.863267,-123.037743,10.996948,948.693250,-54.235485,2.247491,332.546555,-0.004680,-0.004381,0.000000,-516.242113
4.867379,-123.260691,11.006192,950.060213,-54.203871,2.248431,332.328308,-0.004764,-0.004604,0.000000,-515.500433
4.871491,-123.483509,11.015439,951.426280,-54.172293,2.249371,332.110318,-0.004850,-0.004827,0.000000,-514.760218
4.875603,-123.706198,11.024690,952.791450,-54.140755,2.250309,331.892584,-0.004937,-0.005049,0.000000,-514.021467
4.877852,-123.827933,11.029751,953.537696,-54.123523,2.250821,331.773611,-0.004984,-0.005168,0.000000,-513.618054
4.880101,-123.949630,11.034814,954.283675,-54.106304,2.251331,331.654715,-0.005032,-0.005287,0.000000,-513.215077
4.882350,-124.071288,11.039877,955.029386,-54.089098,2.251840,331.535895,-0.005080,-0.005404,0.000000,-512.812535
4.885140,-124.222204,11.046162,955.954395,-54.067764,2.252469,331.388552,-0.005139,-0.005546,0.000000,-512.313609
4.887931,-124.373061,11.052449,956.878993,-54.046453,2.253095,331.241340,-0.005197,-0.005685,0.000000,-511.700467
4.890722,-124.523859,11.058738,957.803181,-54.025178,2.253717,331.094329,-0.005255,-0.005820,0.000000,-510.594643
4.897976,-124.915560,11.075092,960.203571,-53.970095,2.255311,330.713397,-0.005401,-0.006151,0.000000,-507.735918
4.905230,-125.306862,11.091458,962.601205,-53.915334,2.256868,330.334196,-0.005538,-0.006447,0.000000,-504.899715
4.912484,-125.697769,11.107835,964.996094,-53.860900,2.258384,329.956711,-0.005663,-0.006702,0.000000,-502.085787
4.925467,-126.396421,11.137172,969.275582,-53.764303,2.260977,329.285332,-0.005849,-0.007042,0.000000,-497.104327
4.938450,-127.093826,11.166543,973.546389,-53.668777,2.263409,328.619321,-0.005980,-0.007222,0.000000,-492.192086
4.951433,-127.789998,11.195943,977.808582,-53.574322,2.265677,327.958600,-0.006050,-0.007236,0.000000,-487.347735
4.984523,-129.558835,11.271002,988.633089,-53.338291,2.270806,326.298100,-0.005961,-0.006620,0.000000,-475.299450
5.017613,-131.319971,11.346219,999.403213,-53.108545,2.275329,324.670369,-0.005575,-0.005403,0.000000,-463.663131
5.050703,-133.073596,11.421585,1010.120005,-52.884276,2.279801,323.074422,-0.005101,-0.004171,0.000000,-452.419608
5.083792,-134.819879,11.497105,1020.784500,-52.664695,2.284709,321.509301,-0.004753,-0.003444,-0.000000,-441.550708
5.102441,-135.800843,11.539740,1026.771966,-52.542767,2.287788,320.640471,-0.004680,-0.003391,0.000000,-435.583867
5.121089,-136.779546,11.582434,1032.743316,-52.422104,2.291085,319.780958,-0.004705,-0.003588,0.000000,-429.727640
5.139737,-137.756010,11.625191,1038.698724,-52.302712,2.294557,318.930584,-0.004821,-0.003992,0.000000,-423.979201
5.169985,-139.335148,11.694683,1048.324988,-52.111860,2.300401,317.570283,-0.005151,-0.004921,0.000000,-414.877626
5.200232,-140.908573,11.764352,1057.910473,-51.924714,2.306200,316.232782,-0.005542,-0.005866,0.000000,-406.041162
5.230480,-142.476397,11.834192,1067.455836,-51.741542,2.311661,314.917370,-0.005864,-0.006512,0.000000,-397.459331
5.260728,-144.038741,11.904190,1076.961738,-51.562496,2.316609,313.623366,-0.006021,-0.006667,0.000000,-389.122068
5.271226,-144.579749,11.928520,1080.251981,-51.501319,2.318198,313.179124,-0.006027,-0.006596,0.000000,-386.283732
5.281725,-145.120117,11.952865,1083.537574,-51.440629,2.319729,312.737361,-0.006009,-0.006468,0.000000,-383.473316
5.292223,-145.659851,11.977227,1086.818541,-51.380413,2.321210,312.298054,-0.005970,-0.006292,0.000000,-380.690443
5.310149,-146.579981,12.018858,1092.410105,-51.278647,2.323656,311.553558,-0.005863,-0.005914,0.000000,-376.001314
5.328075,-147.498298,12.060534,1097.988385,-51.178144,2.326040,310.816052,-0.005722,-0.005484,0.000000,-371.389589
5.346001,-148.414824,12.102251,1103.553506,-51.078823,2.328417,310.085433,-0.005567,-0.005056,0.000000,-366.853507
5.377443,-150.018132,12.175529,1113.283239,-50.907181,2.332730,308.820173,-0.005337,-0.004490,0.000000,-359.074274
5.401875,-151.260322,12.232567,1120.816676,-50.775954,2.336257,307.851040,-0.005222,-0.004263,0.000000,-353.180688
5.426307,-152.499327,12.289694,1128.326580,-50.646496,2.339973,306.893923,-0.005188,-0.004261,0.000000,-347.415153
5.450740,-153.735191,12.346913,1135.813243,-50.518770,2.343857,305.948563,-0.005238,-0.004467,0.000000,-341.773851
5.495274,-155.979935,12.451458,1149.400781,-50.290465,2.351197,304.254892,-0.005495,-0.005194,0.000000,-331.799338
5.526621,-157.553909,12.525240,1158.919800,-50.133316,2.356398,303.084877,-0.005750,-0.005804,0.000000,-325.007528
5.557968,-159.123007,12.599183,1168.402428,-49.979266,2.361409,301.932483,-0.005978,-0.006266,0.000000,-318.396700
5.589315,-160.687327,12.673279,1177.849211,-49.828429,2.366087,300.797205,-0.006112,-0.006429,0.000000,-311.960233
5.620662,-162.246969,12.747517,1187.260674,-49.680815,2.370394,299.678578,-0.006114,-0.006249,-0.000000,-305.691852
5.652009,-163.802031,12.821886,1196.637329,-49.536307,2.374402,298.576182,-0.005994,-0.005794,-0.000000,-299.585563
5.683355,-165.352607,12.896380,1205.979676,-49.394673,2.378270,297.489627,-0.005799,-0.005225,-0.000000,-293.635633
5.714702,-166.898782,12.970994,1215.288187,-49.255473,2.382191,296.417740,-0.005604,-0.004740,-0.000000,-288.406190
5.739779,-168.132560,13.030774,1222.710702,-49.145427,2.385509,295.569368,-0.005510,-0.004556,-0.000000,-284.871656
5.764855,-169.363597,13.090640,1230.112062,-49.036404,2.389009,294.728533,-0.005489,-0.004574,-0.000000,-281.395874
5.789932,-170.591913,13.150595,1237.492437,-48.928386,2.392662,293.895041,-0.005541,-0.004769,-0.000000,-277.977233
5.827232,-172.413973,13.239945,1248.431793,-48.769626,2.398289,292.668614,-0.005726,-0.005291,-0.000000,-272.995277
5.858137,-173.919211,13.314137,1257.461295,-48.639909,2.402988,291.664187,-0.005933,-0.005792,-0.000000,-268.957923
5.889043,-175.420469,13.388473,1266.459916,-48.511986,2.407569,290.670122,-0.006130,-0.006199,-0.000000,-265.000115
5.919948,-176.917803,13.462947,1275.427978,-48.385965,2.411929,289.686189,-0.006265,-0.006401,-0.000000,-261.119713
5.950854,-178.411272,13.537552,1284.365789,-48.261888,2.416031,288.712183,-0.006308,-0.006355,-0.000000,-257.314666
5.981759,-179.900936,13.612281,1293.273650,-48.139710,2.419908,287.747917,-0.006259,-0.006093,-0.000000,-253.582982
6.012665,-181.386851,13.687128,1302.151858,-48.019309,2.423655,286.793219,-0.006144,-0.005708,-0.000000,-249.922730
6.043570,-182.869070,13.762091,1311.000706,-47.900520,2.427389,285.847934,-0.006006,-0.005325,-0.000000,-246.332038
6.074476,-184.347640,13.837170,1319.820483,-47.783175,2.431222,284.911908,-0.005892,-0.005059,-0.000000,-242.809097
6.105381,-185.822605,13.912370,1328.611473,-47.667146,2.435221,283.984987,-0.005842,-0.004983,-0.000000,-239.352158
6.136287,-187.294003,13.987696,1337.373955,-47.552368,2.439399,283.067009,-0.005872,-0.005115,-0.000000,-235.959530
6.174731,-189.119390,14.081579,1348.234432,-47.411367,2.444760,281.937334,-0.006005,-0.005484,-0.000000,-231.826654
6.213175,-190.939397,14.175669,1359.051735,-47.272448,2.450155,280.820886,-0.006195,-0.005927,-0.000000,-227.787728
6.251619,-192.754107,14.269963,1369.826366,-47.135764,2.455416,279.717329,-0.006374,-0.006273,-0.000000,-223.839837
6.290063,-194.563607,14.364455,1380.558814,-47.001430,2.460433,278.626341,-0.006483,-0.006399,-0.000000,-219.980184
6.335627,-196.701644,14.476693,1393.225182,-46.845276,2.466027,277.349153,-0.006483,-0.006220,-0.000000,-215.516213
6.381192,-198.832637,14.589181,1405.833742,-46.692283,2.471359,276.088773,-0.006363,-0.005801,-0.000000,-211.168132
6.417992,-200.548637,14.680205,1415.975074,-46.570789,2.475649,275.082867,-0.006247,-0.005474,0.000000,-207.738303
6.454791,-202.260197,14.771390,1426.079582,-46.450922,2.480068,274.087487,-0.006176,-0.005307,0.000000,-204.379333
6.491590,-203.967374,14.862739,1436.147650,-46.332555,2.484673,273.102436,-0.006186,-0.005363,0.000000,-201.089228
6.528389,-205.670224,14.954260,1446.179656,-46.215656,2.489440,272.127502,-0.006280,-0.005618,0.000000,-197.866065
6.578474,-207.980972,15.079105,1459.776078,-46.059063,2.495991,270.816452,-0.006478,-0.006083,0.000000,-193.583526
6.615196,-209.670281,15.170850,1469.703557,-45.946179,2.500718,269.866504,-0.006620,-0.006375,0.000000,-190.517555
6.651918,-211.355476,15.262765,1479.596325,-45.835030,2.505270,268.925894,-0.006705,-0.006508,0.000000,-187.512300
6.688640,-213.036622,15.354844,1489.454720,-45.725641,2.509612,267.994426,-0.006713,-0.006444,0.000000,-184.566128
6.725362,-214.713781,15.447079,1499.279076,-45.617958,2.513776,267.071927,-0.006656,-0.006221,-0.000000,-181.677463
6.774649,-216.958611,15.571111,1512.411844,-45.475899,2.519242,265.847622,-0.006555,-0.005853,-0.000000,-177.888187
6.814804,-218.782411,15.672363,1523.067171,-45.362048,2.523733,264.861623,-0.006499,-0.005637,-0.000000,-174.873039
6.854959,-220.601670,15.773797,1533.683109,-45.249730,2.528363,263.885728,-0.006502,-0.005596,0.000000,-171.920646
6.895114,-222.416450,15.875420,1544.260060,-45.138880,2.533153,262.919733,-0.006572,-0.005748,0.000000,-169.029240
6.935269,-224.226805,15.977237,1554.798395,-45.029337,2.538056,261.962467,-0.006689,-0.006033,0.000000,-166.721846
6.985819,-226.499562,16.105691,1568.010204,-44.892768,2.544241,260.765995,-0.006845,-0.006402,0.000000,-165.048828
7.025603,-228.283441,16.207005,1578.365803,-44.786166,2.549020,259.829554,-0.006938,-0.006591,0.000000,-163.746324
7.065387,-230.063095,16.308506,1588.684238,-44.680353,2.553653,258.897317,-0.006979,-0.006623,0.000000,-162.455764
7.105170,-231.838556,16.410190,1598.965671,-44.575334,2.558138,257.969258,-0.006966,-0.006500,-0.000000,-161.177025
7.144954,-233.609854,16.512050,1609.210268,-44.471056,2.562533,257.045410,-0.006917,-0.006281,-0.000000,-159.910033
7.200919,-236.094580,16.655637,1623.559532,-44.325422,2.568738,255.752951,-0.006846,-0.005988,-0.000000,-158.147404
7.244604,-238.028490,16.767963,1634.710315,-44.212467,2.573712,254.749858,-0.006829,-0.005886,-0.000000,-156.787301
7.288290,-239.957479,16.880510,1645.817386,-44.100058,2.578868,253.751799,-0.006871,-0.005959,-0.000000,-155.440843
7.331975,-241.881569,16.993284,1656.880965,-43.988198,2.584190,252.758720,-0.006970,-0.006191,-0.000000,-154.107848
7.375661,-243.800788,17.106292,1667.901269,-43.876969,2.589592,251.770552,-0.007099,-0.006492,-0.000000,-152.788140
7.429754,-246.170540,17.246549,1681.487425,-43.740302,2.596216,250.553651,-0.007241,-0.006787,-0.000000,-151.172177
7.440324,-246.632705,17.273996,1684.134354,-43.713754,2.597484,250.316733,-0.007261,-0.006817,-0.000000,-150.858754
7.450893,-247.094589,17.301456,1686.778780,-43.687260,2.598741,250.080093,-0.007277,-0.006836,-0.000000,-150.546084
7.461462,-247.556194,17.328929,1689.420708,-43.660820,2.599987,249.843728,-0.007288,-0.006843,-0.000000,-150.234165
7.482601,-248.478568,17.383915,1694.697079,-43.608100,2.602449,249.371823,-0.007301,-0.006826,-0.000000,-149.612569
7.503739,-249.399829,17.438953,1699.963488,-43.555588,2.604876,248.901015,-0.007300,-0.006772,-0.000000,-148.993948
7.524878,-250.319983,17.494042,1705.219956,-43.503273,2.607276,248.431302,-0.007288,-0.006690,-0.000000,-148.378283
7.571856,-252.360936,17.616650,1716.866173,-43.387660,2.612564,247.391341,-0.007239,-0.006458,-0.000000,-147.020560
7.618833,-254.396473,17.739507,1728.463650,-43.272832,2.617884,246.356741,-0.007193,-0.006255,-0.000000,-145.677155
7.665810,-256.426633,17.862617,1740.012650,-43.158662,2.623335,245.327467,-0.007187,-0.006181,-0.000000,-144.347869
7.712788,-258.451444,17.985987,1751.513424,-43.045095,2.628954,244.303474,-0.007240,-0.006272,0.000000,-143.032511
7.759765,-260.470935,18.109623,1762.966218,-42.932152,2.634707,243.284700,-0.007341,-0.006494,0.000000,-141.730891
7.806743,-262.485138,18.233530,1774.371274,-42.819918,2.640507,242.271073,-0.007463,-0.006755,0.000000,-140.442825
7.853720,-264.494088,18.357708,1785.728832,-42.708498,2.646254,241.262516,-0.007567,-0.006954,0.000000,-139.168131
7.864054,-264.935301,18.385060,1788.220837,-42.684109,2.647501,241.041333,-0.007584,-0.006980,0.000000,-138.889509
7.874388,-265.376263,18.412425,1790.710557,-42.659765,2.648740,240.820392,-0.007598,-0.006997,0.000000,-138.611524
7.884721,-265.816973,18.439803,1793.197996,-42.635465,2.649971,240.599690,-0.007610,-0.007006,0.000000,-138.334173
7.905389,-266.697641,18.494597,1798.166041,-42.586999,2.652412,240.159006,-0.007625,-0.007003,0.000000,-137.781367
7.926056,-267.577310,18.549440,1803.124989,-42.538708,2.654828,239.719278,-0.007631,-0.006973,0.000000,-137.231077
7.946724,-268.455983,18.604333,1808.074859,-42.490585,2.657223,239.280501,-0.007629,-0.006922,0.000000,-136.683288
8.001576,-270.783193,18.750261,1821.168055,-42.363627,2.663528,238.120578,-0.007603,-0.006735,-0.000000,-135.241464
8.056428,-273.103463,18.896536,1834.197793,-42.237658,2.669854,236.967296,-0.007579,-0.006568,-0.000000,-133.816890
8.111280,-275.416849,19.043161,1847.164453,-42.112547,2.676305,235.820598,-0.007594,-0.006526,-0.000000,-132.409296
8.166132,-277.723394,19.190143,1860.068397,-41.988237,2.682915,234.680415,-0.007662,-0.006640,0.000000,-131.018420
8.220984,-280.023146,19.337490,1872.909977,-41.864760,2.689639,233.546661,-0.007772,-0.006864,0.000000,-129.644008
8.275836,-282.316150,19.485206,1885.689544,-41.742212,2.696377,232.419238,-0.007891,-0.007097,0.000000,-128.285809
8.330688,-284.602460,19.633290,1898.407441,-41.620698,2.703028,231.298048,-0.007986,-0.007240,0.000000,-126.943579
8.380580,-286.676262,19.768295,1909.922027,-41.511118,2.708955,230.283576,-0.008030,-0.007246,0.000000,-125.736382
8.430472,-288.744622,19.903595,1921.386152,-41.402406,2.714795,229.274133,-0.008044,-0.007166,0.000000,-124.542012
8.480364,-290.807579,20.039186,1932.800048,-41.294504,2.720596,228.269680,-0.008040,-0.007048,0.000000,-123.360299
8.545959,-293.511676,20.217896,1947.730334,-41.153783,2.728234,226.956603,-0.008034,-0.006905,0.000000,-121.831079
8.611554,-296.206573,20.397111,1962.574720,-41.014212,2.735997,225.651964,-0.008064,-0.006886,0.000000,-120.326837
8.677149,-298.892353,20.576838,1977.333806,-40.875716,2.743923,224.355639,-0.008147,-0.007030,0.000000,-118.843081
8.742744,-301.569088,20.757088,1992.008139,-40.738319,2.751962,223.067501,-0.008276,-0.007287,0.000000,-117.379451
8.817704,-304.616992,20.963715,2008.674384,-40.582811,2.761114,221.605306,-0.008430,-0.007551,-0.000000,-115.731062
8.874242,-306.908188,21.120014,2021.172552,-40.466687,2.767889,220.509278,-0.008512,-0.007627,-0.000000,-114.504551
8.930781,-309.192847,21.276694,2033.608917,-40.351604,2.774527,219.419036,-0.008549,-0.007570,-0.000000,-113.292236
8.987319,-311.471027,21.433747,2045.983805,-40.237510,2.781078,218.334521,-0.008550,-0.007428,-0.000000,-112.093909
9.043857,-313.742781,21.591170,2058.297536,-40.124304,2.787630,217.255690,-0.008541,-0.007288,-0.000000,-110.909363
9.100395,-316.008157,21.748966,2070.550432,-40.011877,2.794268,216.182498,-0.008554,-0.007237,-0.000000,-109.738399
9.156934,-318.267197,21.907140,2082.742810,-39.900166,2.801031,215.114895,-0.008606,-0.007312,-0.000000,-108.580818
9.213472,-320.519942,22.065699,2094.874984,-39.789171,2.807895,214.052814,-0.008701,-0.007493,0.000000,-107.436428
9.294036,-323.719189,22.292308,2112.059262,-39.632374,2.817707,212.548792,-0.008870,-0.007796,0.000000,-105.828146
9.354699,-326.119868,22.463460,2124.918998,-39.515458,2.825023,211.423449,-0.008990,-0.007963,-0.000000,-104.634232
9.415362,-328.513487,22.635052,2137.710651,-39.399619,2.832202,210.304152,-0.009070,-0.008000,-0.000000,-103.454753
9.476026,-330.900109,22.807078,2150.434585,-39.284861,2.839242,209.190822,-0.009102,-0.007907,0.000000,-102.289489
9.536689,-333.279800,22.979529,2163.091161,-39.171117,2.846213,208.083403,-0.009101,-0.007750,0.000000,-101.138225
9.605142,-335.956816,23.174634,2177.292533,-39.043834,2.854122,206.840819,-0.009100,-0.007620,0.000000,-99.855673
9.618029,-336.459832,23.211426,2179.956650,-39.019981,2.855629,206.607715,-0.009103,-0.007614,0.000000,-99.616153
9.630917,-336.962541,23.248237,2182.617765,-38.996161,2.857144,206.374873,-0.009110,-0.007616,0.000000,-99.377242
9.643804,-337.464942,23.285068,2185.275880,-38.972372,2.858668,206.142292,-0.009119,-0.007627,0.000000,-99.138939
9.669578,-338.468828,23.358788,2190.583133,-38.924890,2.861734,205.677912,-0.009145,-0.007669,0.000000,-98.664148
9.695353,-339.471491,23.432588,2195.878432,-38.877539,2.864823,205.214570,-0.009182,-0.007736,0.000000,-98.191763
9.721128,-340.472936,23.506468,2201.161801,-38.830322,2.867930,204.752258,-0.009227,-0.007822,0.000000,-97.721771
9.782165,-342.839643,23.681744,2213.626051,-38.719082,2.875316,203.661520,-0.009357,-0.008065,0.000000,-96.618225
9.843203,-345.199586,23.857469,2226.023882,-38.608724,2.882667,202.576437,-0.009494,-0.008286,0.000000,-95.527811
9.904240,-347.552821,24.033640,2238.355654,-38.499335,2.889904,201.496917,-0.009607,-0.008409,0.000000,-94.450332
9.965277,-349.899411,24.210250,2250.621706,-38.390946,2.897006,200.422882,-0.009678,-0.008406,0.000000,-93.385594
10.026315,-352.239414,24.387290,2262.822370,-38.283530,2.904005,199.354273,-0.009710,-0.008310,0.000000,-92.333410
10.087352,-354.572887,24.564756,2274.957974,-38.177007,2.910974,198.291043,-0.009722,-0.008191,0.000000,-91.293593
10.148390,-356.899883,24.742650,2287.028844,-38.071281,2.917991,197.233149,-0.009741,-0.008126,0.000000,-90.265964
10.209404,-359.219584,24.920908,2299.030852,-37.966310,2.925102,196.180932,-0.009794,-0.008169,0.000000,-89.250713
10.270419,-361.532906,25.099602,2310.968854,-37.862048,2.932295,195.133933,-0.009884,-0.008306,0.000000,-88.247281
10.331433,-363.839893,25.278736,2322.843142,-37.758534,2.939519,194.092086,-0.009998,-0.008489,0.000000,-87.255500
10.392448,-366.140589,25.458309,2334.654021,-37.655815,2.946722,193.055319,-0.010119,-0.008666,0.000000,-86.275465
10.453462,-368.435043,25.638319,2346.401795,-37.553933,2.953862,192.023557,-0.010232,-0.008796,0.000000,-85.307639
10.514477,-370.723309,25.818762,2358.086766,-37.452909,2.960922,190.996735,-0.010325,-0.008860,0.000000,-84.350934
10.575491,-373.005436,25.999633,2369.709234,-37.352733,2.967909,189.974796,-0.010396,-0.008865,0.000000,-83.405191
10.636506,-375.281476,26.180929,2381.269496,-37.253374,2.974850,188.957690,-0.010450,-0.008836,0.000000,-82.470255
10.697520,-377.551476,26.362649,2392.767846,-37.154791,2.981779,187.945370,-0.010499,-0.008807,-0.000000,-81.545973
10.792677,-381.079783,26.646902,2410.577613,-37.002485,2.992630,186.376001,-0.010591,-0.008831,-0.000000,-80.125375
10.870033,-383.937452,26.878745,2424.946155,-36.879940,3.001490,185.108568,-0.010688,-0.008915,-0.000000,-78.988963
10.947390,-386.785684,27.111274,2439.216930,-36.758516,3.010378,183.848520,-0.010807,-0.009050,0.000000,-77.868779
11.024747,-389.624567,27.344490,2453.390509,-36.638229,3.019259,182.595746,-0.010939,-0.009206,-0.000000,-76.764536
11.114196,-392.895672,27.615017,2469.659157,-36.500582,3.029485,181.156086,-0.011097,-0.009377,-0.000000,-75.507209
11.203645,-396.154523,27.886455,2485.799369,-36.364514,3.039616,179.725844,-0.011245,-0.009490,-0.000000,-74.270415
11.293095,-399.401275,28.158796,2501.812074,-36.230034,3.049635,178.304842,-0.011367,-0.009529,0.000000,-73.053730
11.382544,-402.636069,28.432031,2517.698102,-36.097104,3.059574,176.892933,-0.011466,-0.009520,0.000000,-71.856754
11.489286,-406.480745,28.759250,2536.490523,-35.940379,3.071422,175.219798,-0.011582,-0.009540,0.000000,-70.453635
11.508102,-407.156749,28.817062,2539.784735,-35.912954,3.073519,174.926169,-0.011605,-0.009556,0.000000,-70.209099
11.526918,-407.832238,28.874914,2543.073426,-35.885586,3.075621,174.632929,-0.011630,-0.009578,0.000000,-69.965395
11.545734,-408.507212,28.932805,2546.356604,-35.858275,3.077726,174.340077,-0.011657,-0.009606,0.000000,-69.722519
11.583367,-409.855623,29.048707,2552.906456,-35.803826,3.081945,173.755530,-0.011716,-0.009675,0.000000,-69.239237
11.620999,-411.201990,29.164768,2559.434343,-35.749610,3.086170,173.172517,-0.011782,-0.009757,0.000000,-68.759225
11.658632,-412.546322,29.280987,2565.940319,-35.695632,3.090395,172.591028,-0.011854,-0.009847,0.000000,-68.282459
11.737814,-415.368331,29.526042,2579.558303,-35.582862,3.099247,171.372421,-0.012012,-0.010026,-0.000000,-67.289762
11.816996,-418.181461,29.771793,2593.080086,-35.471211,3.108027,170.160389,-0.012164,-0.010166,-0.000000,-66.311067
11.896179,-420.985797,30.018237,2606.506163,-35.360689,3.116724,168.954838,-0.012301,-0.010256,-0.000000,-65.346138
11.985412,-424.135650,30.296787,2621.522279,-35.237475,3.126437,167.603942,-0.012436,-0.010305,0.000000,-64.274955
12.074645,-427.274557,30.576201,2636.418138,-35.115636,3.136085,166.261055,-0.012555,-0.010327,0.000000,-63.220645
12.163879,-430.402651,30.856476,2651.194527,-34.995098,3.145720,164.926051,-0.012675,-0.010372,0.000000,-62.182880
12.253112,-433.520047,31.137611,2665.852154,-34.875786,3.155381,163.598822,-0.012819,-0.010485,0.000000,-61.161348
12.368562,-437.537628,31.502623,2684.641044,-34.723200,3.167912,161.893001,-0.013052,-0.010732,-0.000000,-59.863290
12.463914,-440.842624,31.805182,2700.011147,-34.598720,3.178236,160.493598,-0.013268,-0.010967,-0.000000,-58.810856
12.559267,-444.135820,32.108722,2715.248210,-34.475722,3.188450,159.102581,-0.013464,-0.011140,-0.000000,-57.775833
12.654619,-447.417357,32.413229,2730.353025,-34.354259,3.198507,157.719815,-0.013617,-0.011199,0.000000,-56.752736
12.749972,-450.687382,32.718691,2745.326378,-34.234283,3.208439,156.345190,-0.013739,-0.011184,0.000000,-55.746150
12.845324,-453.946033,33.025097,2760.169041,-34.115653,3.218349,154.978615,-0.013878,-0.011205,0.000000,-54.756242
12.940676,-457.193433,33.332449,2774.881779,-33.998225,3.228334,153.619993,-0.014078,-0.011367,-0.000000,-53.782687
13.036029,-460.429694,33.640756,2789.465343,-33.881963,3.238410,152.269192,-0.014341,-0.011676,-0.000000,-52.825166
13.115040,-463.102989,33.896956,2801.452346,-33.786587,3.246759,151.155690,-0.014568,-0.011965,-0.000000,-52.043665
13.194052,-465.768786,34.153814,2813.351573,-33.692208,3.255004,150.047338,-0.014754,-0.012170,-0.000000,-51.272793
13.273063,-468.427164,34.411318,2825.163430,-33.598894,3.263076,148.944044,-0.014876,-0.012227,0.000000,-50.512383
13.352075,-471.078209,34.669455,2836.888311,-33.506601,3.270987,147.845749,-0.014956,-0.012163,0.000000,-49.762273
13.431086,-473.721999,34.928213,2848.526611,-33.415193,3.278823,146.752422,-0.015048,-0.012081,0.000000,-49.022301
13.510098,-476.358598,35.187590,2860.078720,-33.324506,3.286710,145.664040,-0.015201,-0.012110,0.000000,-48.292309
13.589110,-478.988060,35.447592,2871.545028,-33.234482,3.294707,144.580552,-0.015424,-0.012296,-0.000000,-47.572142
13.668121,-481.610437,35.708230,2882.925918,-33.145168,3.302788,143.501877,-0.015687,-0.012598,-0.000000,-46.861650
13.744356,-484.134013,35.960315,2893.826309,-33.059761,3.310590,142.465577,-0.015940,-0.012919,-0.000000,-46.185155
13.820592,-486.651109,36.212993,2904.647861,-32.975197,3.318320,141.433582,-0.016161,-0.013187,-0.000000,-45.517401
13.896827,-489.161791,36.466256,2915.390901,-32.891516,3.325928,140.405823,-0.016338,-0.013359,-0.000000,-44.858259
13.973063,-491.666126,36.720096,2926.055749,-32.808715,3.333399,139.382241,-0.016473,-0.013426,-0.000000,-44.207606
14.060201,-494.520925,37.010930,2938.150456,-32.715098,3.341788,138.217333,-0.016599,-0.013404,-0.000000,-43.474139
14.147339,-497.367611,37.302490,2950.143889,-32.622461,3.350090,137.057779,-0.016736,-0.013360,-0.000000,-42.751424
14.234477,-500.206265,37.594773,2962.036513,-32.530672,3.358403,135.903539,-0.016922,-0.013395,-0.000000,-42.039284
14.321615,-503.036956,37.887781,2973.828786,-32.439648,3.366801,134.754561,-0.017178,-0.013577,0.000000,-41.337549
14.408753,-505.859749,38.181525,2985.521166,-32.349389,3.375298,133.610766,-0.017491,-0.013905,0.000000,-40.646049
14.495891,-508.674714,38.476011,2997.114100,-32.259998,3.383816,132.472044,-0.017815,-0.014290,0.000000,-39.964622
14.583029,-511.481928,38.771239,3008.608026,-32.171592,3.392255,131.338280,-0.018106,-0.014626,-0.000000,-39.293107
14.670167,-514.281483,39.067197,3020.003371,-32.084248,3.400534,130.209374,-0.018339,-0.014837,-0.000000,-38.631348
14.772382,-517.555798,39.415273,3033.245332,-31.983139,3.410009,128.891228,-0.018547,-0.014908,-0.000000,-37.867315
14.852032,-520.100123,39.687168,3043.470669,-31.905266,3.417267,127.868607,-0.018697,-0.014897,-0.000000,-37.280962
14.931681,-522.638274,39.959640,3053.614711,-31.828081,3.424497,126.849918,-0.018874,-0.014914,-0.000000,-36.702372
15.011330,-525.170304,40.232686,3063.677771,-31.751516,3.431754,125.835134,-0.019097,-0.015014,-0.000000,-36.131437
15.090979,-527.696259,40.506313,3073.660158,-31.675547,3.439062,124.824208,-0.019366,-0.015215,-0.000000,-35.568048
15.170629,-530.216188,40.780524,3083.562177,-31.600195,3.446412,123.817086,-0.019668,-0.015498,-0.000000,-35.011723
15.295633,-534.159043,41.212061,3098.941491,-31.483273,3.457949,122.243977,-0.020164,-0.016017,-0.000000,-34.153270
15.384842,-536.963954,41.520904,3109.796886,-31.400926,3.466104,121.126824,-0.020498,-0.016358,-0.000000,-33.551503
15.474051,-539.761561,41.830470,3120.552821,-31.319536,3.474138,120.014142,-0.020797,-0.016624,-0.000000,-32.958625
15.563260,-542.551950,42.140748,3131.209692,-31.239109,3.482031,118.905861,-0.021062,-0.016797,-0.000000,-32.374501
15.652469,-545.335204,42.451725,3141.767889,-31.159607,3.489796,117.801923,-0.021308,-0.016900,-0.000000,-31.798999
15.767745,-548.921281,42.854588,3155.265655,-31.058130,3.499710,116.381783,-0.021635,-0.017009,-0.000000,-31.067895
15.857471,-551.704497,43.168950,3165.658743,-30.980043,3.507390,115.281313,-0.021922,-0.017134,-0.000000,-30.508469
15.947197,-554.480740,43.484001,3175.953281,-30.902681,3.515085,114.185094,-0.022254,-0.017341,-0.000000,-29.957341
16.036924,-557.250075,43.799742,3186.149648,-30.826023,3.522816,113.093069,-0.022630,-0.017643,0.000000,-29.414389
16.126650,-560.012566,44.116178,3196.248216,-30.750087,3.530570,112.005169,-0.023039,-0.018023,0.000000,-28.879492
16.244619,-563.634310,44.533276,3209.377340,-30.651425,3.540734,110.580966,-0.023590,-0.018565,0.000000,-28.188282
16.336562,-566.449006,44.859182,3219.493667,-30.575514,3.548578,109.475702,-0.024004,-0.018964,0.000000,-27.658911
16.428506,-569.256764,45.185804,3229.508560,-30.500509,3.556303,108.374493,-0.024390,-0.019295,0.000000,-27.137595
16.520449,-572.057666,45.513132,3239.422389,-30.426418,3.563889,107.277272,-0.024745,-0.019542,-0.000000,-26.624215
16.612392,-574.851796,45.841152,3249.235518,-30.353212,3.571344,106.183985,-0.025081,-0.019719,-0.000000,-26.118658
16.735085,-578.569994,46.279937,3262.174364,-30.256794,3.581150,104.731114,-0.025537,-0.019921,-0.000000,-25.456008
16.829809,-581.432549,46.619515,3272.041980,-30.183274,3.588661,103.614126,-0.025921,-0.020104,-0.000000,-24.953639
16.924533,-584.288176,46.959804,3281.803982,-30.110485,3.596173,102.501175,-0.026350,-0.020363,-0.000000,-24.459179
17.019257,-587.136942,47.300805,3291.460750,-30.038396,3.603711,101.392207,-0.026830,-0.020721,0.000000,-23.972512
17.113981,-589.978914,47.642521,3301.012658,-29.967015,3.611272,100.287158,-0.027352,-0.021167,0.000000,-23.493524
17.253755,-594.160239,48.148059,3314.916613,-29.863064,3.622401,98.663544,-0.028155,-0.021904,0.000000,-22.800530
17.354157,-597.154839,48.512150,3324.764262,-29.789465,3.630323,97.502296,-0.028730,-0.022435,0.000000,-22.312722
17.454559,-600.142096,48.877032,3334.495527,-29.716810,3.638128,96.345138,-0.029285,-0.022912,-0.000000,-21.833118
17.554960,-603.122106,49.242692,3344.110814,-29.645116,3.645789,95.191990,-0.029814,-0.023313,0.000000,-21.361598
17.655362,-606.094963,49.609114,3353.610522,-29.574361,3.653305,94.042788,-0.030325,-0.023642,0.000000,-20.898043
17.789925,-610.068261,50.101382,3366.161874,-29.480917,3.663198,92.508685,-0.031016,-0.024029,0.000000,-20.289058
17.894816,-613.156771,50.486021,3375.802712,-29.409103,3.670813,91.317643,-0.031582,-0.024340,0.000000,-19.823962
17.999707,-616.237793,50.871456,3385.318837,-29.338114,3.678397,90.130743,-0.032196,-0.024714,0.000000,-19.367145
18.104598,-619.311411,51.257685,3394.710682,-29.267909,3.685982,88.947930,-0.032866,-0.025180,0.000000,-18.918263
18.209489,-622.377707,51.644710,3403.978671,-29.198477,3.693577,87.769135,-0.033589,-0.025743,-0.000000,-18.477374
18.334786,-626.031033,52.108069,3414.887881,-29.116581,3.702640,86.366172,-0.034502,-0.026511,-0.000000,-17.961109
18.460082,-629.674172,52.572560,3425.621648,-29.035871,3.711643,84.968677,-0.035444,-0.027327,-0.000000,-17.455975
18.585379,-633.307275,53.038172,3436.180649,-28.956405,3.720524,83.576500,-0.036389,-0.028128,-0.000000,-16.961785
18.710675,-636.930500,53.504887,3446.565541,-28.878218,3.729234,82.189502,-0.037322,-0.028865,-0.000000,-16.478358
18.858899,-641.204197,54.058398,3458.626812,-28.787368,3.739286,80.555229,-0.038412,-0.029637,0.000000,-15.920125
19.007124,-645.464554,54.613383,3470.446363,-28.698233,3.749085,78.927884,-0.039512,-0.030332,0.000000,-15.376425
19.030676,-646.140314,54.701703,3472.302302,-28.684216,3.750626,78.669930,-0.039693,-0.030443,0.000000,-15.291351
19.054229,-646.815744,54.790059,3474.152166,-28.670236,3.752164,78.412148,-0.039876,-0.030557,0.000000,-15.206635
19.077782,-647.490846,54.878451,3475.995962,-28.656293,3.753700,78.154537,-0.040061,-0.030674,0.000000,-15.122277
19.101335,-648.165619,54.966879,3477.833691,-28.642387,3.755233,77.897098,-0.040248,-0.030793,0.000000,-15.038276
19.148441,-649.514186,55.143844,3481.490971,-28.614685,3.758294,77.382729,-0.040631,-0.031040,0.000000,-14.871340
19.195546,-650.861451,55.320953,3485.124036,-28.587129,3.761349,76.869038,-0.041023,-0.031299,0.000000,-14.705818
19.242652,-652.207421,55.498206,3488.732920,-28.559715,3.764398,76.356020,-0.041426,-0.031572,0.000000,-14.541701
19.289758,-653.552103,55.675602,3492.317653,-28.532442,3.767444,75.843670,-0.041840,-0.031861,0.000000,-14.378983
19.442783,-657.911560,56.252872,3503.796551,-28.444812,3.777318,74.183819,-0.043255,-0.032902,0.000000,-13.859930
19.595808,-662.257721,56.831648,3515.021974,-28.358665,3.787149,72.530768,-0.044768,-0.034088,0.000000,-13.355266
19.748833,-666.590816,57.411922,3525.994945,-28.274041,3.796888,70.884304,-0.046353,-0.035360,0.000000,-12.864729
19.901858,-670.911081,57.993676,3536.716456,-28.190987,3.806472,69.244212,-0.047984,-0.036655,0.000000,-12.388063
20.054883,-675.218756,58.576883,3547.187468,-28.109524,3.815854,67.610295,-0.049650,-0.037928,0.000000,-11.925024
20.230506,-680.147349,59.247960,3558.897230,-28.017959,3.826353,65.742487,-0.051614,-0.039355,0.000000,-11.410096
20.406128,-685.060036,59.920859,3570.279642,-27.928369,3.836593,63.882372,-0.053662,-0.040786,0.000000,-10.912461
20.581751,-689.957155,60.595537,3581.336037,-27.840631,3.846640,62.029762,-0.055835,-0.042297,-0.000000,-10.431789
20.757373,-694.839022,61.271965,3592.067716,-27.754634,3.856563,60.184476,-0.058164,-0.043962,-0.000000,-9.967763
20.932996,-699.705935,61.950127,3602.475949,-27.670311,3.866400,58.346311,-0.060663,-0.045814,-0.000000,-9.520078
21.108618,-704.558184,62.630009,3612.561967,-27.587648,3.876143,56.515035,-0.063323,-0.047841,-0.000000,-9.088443
21.284241,-709.396062,63.311591,3622.326960,-27.506667,3.885748,54.690398,-0.066126,-0.049995,-0.000000,-8.672579
21.459863,-714.219863,63.994846,3631.772070,-27.427378,3.895162,52.872141,-0.069056,-0.052223,0.000000,-8.274108
21.635486,-719.029883,64.679736,3640.898392,-27.349735,3.904355,51.059983,-0.072114,-0.054499,0.000000,-7.899128
21.811108,-723.826407,65.366222,3649.706980,-27.273657,3.913329,49.253694,-0.075314,-0.056830,0.000000,-7.538021
21.986731,-728.609704,66.054266,3658.198847,-27.199067,3.922114,47.453110,-0.078683,-0.059257,0.000000,-7.190626
22.194108,-734.241199,66.868682,3667.819701,-27.112809,3.932296,45.334128,-0.082915,-0.062309,-0.000000,-6.797871
22.401486,-739.855003,67.685191,3677.001909,-27.028434,3.942328,43.222707,-0.087454,-0.065628,-0.000000,-6.423800
22.571803,-744.452622,68.357333,3684.216224,-26.960511,3.950469,41.494089,-0.091419,-0.068567,-0.000000,-6.130395
22.742121,-749.038779,69.030854,3691.136536,-26.893837,3.958497,39.770238,-0.095589,-0.071674,0.000000,-5.849331
22.912439,-753.613686,69.705731,3697.763641,-26.828427,3.966378,38.050991,-0.099959,-0.074918,0.000000,-5.580500
23.082757,-758.177559,70.381939,3704.098310,-26.764268,3.974106,36.336210,-0.104531,-0.078298,0.000000,-5.323799
23.253074,-762.730611,71.059447,3710.141290,-26.701322,3.981695,34.625775,-0.109322,-0.081834,0.000000,-5.079127
23.423392,-767.273047,71.738235,3715.893313,-26.639565,3.989155,32.919562,-0.114338,-0.085538,-0.000000,-4.846392
23.615650,-772.388140,72.505979,3722.037618,-26.571262,3.997435,30.998469,-0.120272,-0.089934,-0.000000,-4.597905
23.807909,-777.490243,73.275302,3727.813066,-26.504479,4.005534,29.082392,-0.126480,-0.094522,-0.000000,-4.364399
24.000167,-782.579654,74.046163,3733.220598,-26.439243,4.013425,27.171131,-0.132947,-0.099276,0.000000,-4.145764
24.192426,-787.656673,74.818521,3738.261122,-26.375550,4.021109,25.264506,-0.139668,-0.104191,0.000000,-3.941896
24.384684,-792.721595,75.592336,3742.935512,-26.313391,4.028605,23.362343,-0.146633,-0.109281,0.000000,-3.752695
24.576942,-797.774715,76.367575,3747.244608,-26.252776,4.035926,21.464451,-0.153819,-0.114538,0.000000,-3.578070
24.799583,-803.612020,77.267058,3751.779271,-26.184549,4.044183,19.271695,-0.162367,-0.120802,0.000000,-3.393951
25.022224,-809.434376,78.168351,3755.826308,-26.118494,4.052187,17.084011,-0.171075,-0.127188,0.000000,-3.229143
25.244865,-815.242272,79.071396,3759.386804,-26.054670,4.059922,14.900983,-0.179837,-0.133611,-0.000000,-3.083533
25.467505,-821.036209,79.976135,3762.461746,-25.993122,4.067377,12.722151,-0.188515,-0.139968,-0.000000,-2.957019
25.690146,-826.816698,80.882502,3765.052010,-25.933874,4.074546,10.546993,-0.196944,-0.146133,-0.000000,-2.849504
25.937924,-833.234655,81.893041,3767.365798,-25.870620,4.082187,8.129854,-0.205783,-0.152585,-0.000000,-2.752079
26.185703,-839.637281,82.905429,3769.081055,-25.810092,4.089478,5.715651,-0.213731,-0.158365,0.000000,-2.677963
26.433481,-846.025224,83.919582,3770.198391,-25.752056,4.096446,3.303419,-0.220411,-0.163192,-0.000000,-2.627054
26.681259,-852.399056,84.935426,3770.718169,-25.696106,4.103136,0.892156,-0.225411,-0.166763,-0.000000,-2.599251
26.772936,-854.753864,85.311701,3770.759067,-25.675818,4.105555,0.000048,-0.226751,-0.167704,-0.000000,-2.594800
