alpha,beta,mach,CDr [1/rad]
-0.03490658503988659,-0.03490658503988659,0.01,0.7286981381740203
-0.03490658503988659,-0.026179938779914945,0.01,0.7166782248472616
-0.03490658503988659,-0.017453292519943295,0.01,0.7643649551728662
-0.03490658503988659,-0.008726646259971648,0.01,0.6132444194542281
-0.03490658503988659,0.0,0.01,0.324146525372829
-0.03490658503988659,0.008726646259971648,0.01,-0.09478845285509929
-0.03490658503988659,0.017453292519943295,0.01,-0.43985295954263126
-0.03490658503988659,0.026179938779914945,0.01,-0.7181454834243493
-0.03490658503988659,0.03490658503988659,0.01,-0.9471410679343144
-0.026179938779914945,-0.03490658503988659,0.01,0.6675763379343893
-0.026179938779914945,-0.026179938779914945,0.01,0.5369456863232362
-0.026179938779914945,-0.017453292519943295,0.01,0.571235321397702
-0.026179938779914945,-0.008726646259971648,0.01,0.4837401379816093
-0.026179938779914945,0.0,0.01,0.19176447021898635
-0.026179938779914945,0.008726646259971648,0.01,-0.21113223655094404
-0.026179938779914945,0.017453292519943295,0.01,-0.4841647186829725
-0.026179938779914945,0.026179938779914945,0.01,-0.6567287840852329
-0.026179938779914945,0.03490658503988659,0.01,-0.7676724672476198
-0.017453292519943295,-0.03490658503988659,0.01,0.6937547300381772
-0.017453292519943295,-0.026179938779914945,0.01,0.4569228638293392
-0.017453292519943295,-0.017453292519943295,0.01,0.34793538841922933
-0.017453292519943295,-0.008726646259971648,0.01,0.35826415338778284
-0.017453292519943295,0.0,0.01,0.08857096266921383
-0.017453292519943295,0.008726646259971648,0.01,-0.2645445934406432
-0.017453292519943295,0.017453292519943295,0.01,-0.403933179713897
-0.017453292519943295,0.026179938779914945,0.01,-0.4336271845581572
-0.017453292519943295,0.03490658503988659,0.01,-0.5316741671494221
-0.008726646259971648,-0.03490658503988659,0.01,0.8226463468335744
-0.008726646259971648,-0.026179938779914945,0.01,0.5133393933576735
-0.008726646259971648,-0.017453292519943295,0.01,0.27038149704041725
-0.008726646259971648,-0.008726646259971648,0.01,0.16957994852298008
-0.008726646259971648,0.0,0.01,0.022727389051965075
-0.008726646259971648,0.008726646259971648,0.01,-0.18686808799880883
-0.008726646259971648,0.017453292519943295,0.01,-0.21537031972292198
-0.008726646259971648,0.026179938779914945,0.01,-0.34322729559131226
-0.008726646259971648,0.03490658503988659,0.01,-0.5053460195747568
0.0,-0.03490658503988659,0.01,1.0556888355526328
0.0,-0.026179938779914945,0.01,0.7299154089219042
0.0,-0.017453292519943295,0.01,0.43686165697550594
0.0,-0.008726646259971648,0.01,0.19235204076225795
0.0,0.0,0.01,-0.0
0.0,0.008726646259971648,0.01,-0.1641854021341564
0.0,0.017453292519943295,0.01,-0.3157192681723899
0.0,0.026179938779914945,0.01,-0.4661669485510974
0.0,0.03490658503988659,0.01,-0.6258387145672689
0.008726646259971648,-0.03490658503988659,0.01,1.1761815305451448
0.008726646259971648,-0.026179938779914945,0.01,0.8528524441868586
0.008726646259971648,-0.017453292519943295,0.01,0.5372106054249739
0.008726646259971648,-0.008726646259971648,0.01,0.1696693548976056
0.008726646259971648,0.0,0.01,0.022727389051965075
0.008726646259971648,0.008726646259971648,0.01,-0.18695749437343423
0.008726646259971648,0.017453292519943295,0.01,-0.4821994281074786
0.008726646259971648,0.026179938779914945,0.01,-0.6827403464204975
0.008726646259971648,0.03490658503988659,0.01,-0.8588777133366572
0.017453292519943295,-0.03490658503988659,0.01,1.1498533829704796
0.017453292519943295,-0.026179938779914945,0.01,0.7624525552200137
0.017453292519943295,-0.017453292519943295,0.01,0.3486477454339987
0.017453292519943295,-0.008726646259971648,0.01,0.09199284945577135
0.017453292519943295,0.0,0.01,0.08857096266921383
0.017453292519943295,0.008726646259971648,0.01,0.0017258379707278948
0.017453292519943295,0.017453292519943295,0.01,-0.40464553672866677
0.017453292519943295,0.026179938779914945,0.01,-0.7391586205914251
0.017453292519943295,0.03490658503988659,0.01,-0.9877728200817244
0.026179938779914945,-0.03490658503988659,0.01,0.9138550828722813
0.026179938779914945,-0.026179938779914945,0.01,0.5393509556929379
0.026179938779914945,-0.017453292519943295,0.01,0.2684162064649227
0.026179938779914945,-0.008726646259971648,0.01,0.1454052063454705
0.026179938779914945,0.0,0.01,0.19176447021898635
0.026179938779914945,0.008726646259971648,0.01,0.127202695085195
0.026179938779914945,0.017453292519943295,0.01,-0.1813456037501937
0.026179938779914945,0.026179938779914945,0.01,-0.6591340534549346
0.026179938779914945,0.03490658503988659,0.01,-1.0139512121855123
0.03490658503988659,-0.03490658503988659,0.01,0.7343864821855872
0.03490658503988659,-0.026179938779914945,0.01,0.4779342563538216
0.03490658503988659,-0.017453292519943295,0.01,0.31272796560526483
0.03490658503988659,-0.008726646259971648,0.01,0.2617524798580988
0.03490658503988659,0.0,0.01,0.324146525372829
0.03490658503988659,0.008726646259971648,0.01,0.2567069765578138
0.03490658503988659,0.017453292519943295,0.01,0.011785775265614085
0.03490658503988659,0.026179938779914945,0.01,-0.4794050036846613
0.03490658503988659,0.03490658503988659,0.01,-0.9528294119458822
-0.03490658503988659,-0.03490658503988659,0.1,0.7288793242971958
-0.03490658503988659,-0.026179938779914945,0.1,0.7158468180462423
-0.03490658503988659,-0.017453292519943295,0.1,0.762579901445593
-0.03490658503988659,-0.008726646259971648,0.1,0.6111800528802396
-0.03490658503988659,0.0,0.1,0.32255510832319495
-0.03490658503988659,0.008726646259971648,0.1,-0.09420545489572141
-0.03490658503988659,0.017453292519943295,0.1,-0.43918795268924393
-0.03490658503988659,0.026179938779914945,0.1,-0.7182430646138278
-0.03490658503988659,0.03490658503988659,0.1,-0.9488054826673462
-0.026179938779914945,-0.03490658503988659,0.1,0.6684177666268565
-0.026179938779914945,-0.026179938779914945,0.1,0.537042424419552
-0.026179938779914945,-0.017453292519943295,0.1,0.5703243927643267
-0.026179938779914945,-0.008726646259971648,0.1,0.48229863675727347
-0.026179938779914945,0.0,0.1,0.19077498157294873
-0.026179938779914945,0.008726646259971648,0.1,-0.2104524390701279
-0.026179938779914945,0.017453292519943295,0.1,-0.4837650314640838
-0.026179938779914945,0.026179938779914945,0.1,-0.6574930343633993
-0.026179938779914945,0.03490658503988659,0.1,-0.7702651947532222
-0.017453292519943295,-0.03490658503988659,0.1,0.6948692371288119
-0.017453292519943295,-0.026179938779914945,0.1,0.4576835192287505
-0.017453292519943295,-0.017453292519943295,0.1,0.34796327957507067
-0.017453292519943295,-0.008726646259971648,0.1,0.3574456339968233
-0.017453292519943295,0.0,0.1,0.08808927625154479
-0.017453292519943295,0.008726646259971648,0.1,-0.26399744391799485
-0.017453292519943295,0.017453292519943295,0.1,-0.4042001688379291
-0.017453292519943295,0.026179938779914945,0.1,-0.435330281728846
-0.017453292519943295,0.03490658503988659,0.1,-0.5351533088964482
-0.008726646259971648,-0.03490658503988659,0.1,0.8234608634199366
-0.008726646259971648,-0.026179938779914945,0.1,0.5141672798859429
-0.008726646259971648,-0.017453292519943295,0.1,0.2710105939916132
-0.008726646259971648,-0.008726646259971648,0.1,0.16958518052337856
-0.008726646259971648,0.0,0.1,0.022597363673039304
-0.008726646259971648,0.008726646259971648,0.1,-0.18692218859799803
-0.008726646259971648,0.017453292519943295,0.1,-0.21646279052520123
-0.008726646259971648,0.026179938779914945,0.1,-0.34543823774737503
-0.008726646259971648,0.03490658503988659,0.1,-0.5090800069729247
0.0,-0.03490658503988659,0.1,1.0542754059361816
0.0,-0.026179938779914945,0.1,0.7290175395949441
0.0,-0.017453292519943295,0.1,0.4364096396487803
0.0,-0.008726646259971648,0.1,0.19222812395818104
0.0,0.0,0.1,-0.0
0.0,0.008726646259971648,0.1,-0.1643695320331721
0.0,0.017453292519943295,0.1,-0.31646972164919307
0.0,0.026179938779914945,0.1,-0.46792342178255575
0.0,0.03490658503988659,0.1,-0.6290983275592824
0.008726646259971648,-0.03490658503988659,0.1,1.1742902365728694
0.008726646259971648,-0.026179938779914945,0.1,0.8515027236301247
0.008726646259971648,-0.017453292519943295,0.1,0.5364148255321284
0.008726646259971648,-0.008726646259971648,0.1,0.1696745947398055
0.008726646259971648,0.0,0.1,0.022597363673039304
0.008726646259971648,0.008726646259971648,0.1,-0.18701160281442486
0.008726646259971648,0.017453292519943295,0.1,-0.4818687673063602
0.008726646259971648,0.026179938779914945,0.1,-0.6827710637967264
0.008726646259971648,0.03490658503988659,0.1,-0.859909380125857
0.017453292519943295,-0.03490658503988659,0.1,1.148216934649346
0.017453292519943295,-0.026179938779914945,0.1,0.7616080619538232
0.017453292519943295,-0.017453292519943295,0.1,0.3486774472194005
0.017453292519943295,-0.008726646259971648,0.1,0.09260021207335845
0.017453292519943295,0.0,0.1,0.08808753101090107
0.017453292519943295,0.008726646259971648,0.1,0.0008488506590200728
0.017453292519943295,0.017453292519943295,0.1,-0.4049143364822587
0.017453292519943295,0.026179938779914945,0.1,-0.7392548244539188
0.017453292519943295,0.03490658503988659,0.1,-0.9885010064169819
0.026179938779914945,-0.03490658503988659,0.1,0.9131015588429019
0.026179938779914945,-0.026179938779914945,0.1,0.5394453093192699
0.026179938779914945,-0.017453292519943295,0.1,0.2691125845932456
0.026179938779914945,-0.008726646259971648,0.1,0.1461443442676753
0.026179938779914945,0.0,0.1,0.19077236387811797
0.026179938779914945,0.008726646259971648,0.1,0.12570185341947004
0.026179938779914945,0.017453292519943295,0.1,-0.18255496853364628
0.026179938779914945,0.026179938779914945,0.1,-0.659898536957948
0.026179938779914945,0.03490658503988659,0.1,-1.0149524769189369
0.03490658503988659,-0.03490658503988659,0.1,0.7345612709287774
0.03490658503988659,-0.026179938779914945,0.1,0.47869527906884146
0.03490658503988659,-0.017453292519943295,0.1,0.31369489802686346
0.03490658503988659,-0.008726646259971648,0.1,0.26239220109563166
0.03490658503988659,0.0,0.1,0.3225516183735247
0.03490658503988659,0.008726646259971648,0.1,0.2545797797256524
0.03490658503988659,0.017453292519943295,0.1,0.009700540147619563
0.03490658503988659,0.026179938779914945,0.1,-0.48109501439017954
0.03490658503988659,0.03490658503988659,0.1,-0.9544944070722856
-0.03490658503988659,-0.03490658503988659,0.2,0.7290762721381863
-0.03490658503988659,-0.026179938779914945,0.2,0.7138866335688365
-0.03490658503988659,-0.017453292519943295,0.2,0.7586080441812735
-0.03490658503988659,-0.008726646259971648,0.2,0.6069437991426079
-0.03490658503988659,0.0,0.2,0.31802864360088057
-0.03490658503988659,0.008726646259971648,0.2,-0.09220351508756663
-0.03490658503988659,0.017453292519943295,0.2,-0.43763934588278275
-0.03490658503988659,0.026179938779914945,0.2,-0.7178011648003846
-0.03490658503988659,0.03490658503988659,0.2,-0.9506531767023652
-0.026179938779914945,-0.03490658503988659,0.2,0.6699057904064691
-0.026179938779914945,-0.026179938779914945,0.2,0.5371463177198583
-0.026179938779914945,-0.017453292519943295,0.2,0.5682544695821763
-0.026179938779914945,-0.008726646259971648,0.2,0.47933261855319165
-0.026179938779914945,0.0,0.2,0.18774107326406625
-0.026179938779914945,0.008726646259971648,0.2,-0.20868703316137527
-0.026179938779914945,0.017453292519943295,0.2,-0.4827541451446149
-0.026179938779914945,0.026179938779914945,0.2,-0.6583429706904802
-0.026179938779914945,0.03490658503988659,0.2,-0.7741776123981179
-0.017453292519943295,-0.03490658503988659,0.2,0.6969126365335474
-0.017453292519943295,-0.026179938779914945,0.2,0.4590962016941016
-0.017453292519943295,-0.017453292519943295,0.2,0.34799620310926205
-0.017453292519943295,-0.008726646259971648,0.2,0.3556959690786834
-0.017453292519943295,0.0,0.2,0.08653601207862657
-0.017453292519943295,0.008726646259971648,0.2,-0.2628690481193976
-0.017453292519943295,0.017453292519943295,0.2,-0.40449836894996727
-0.017453292519943295,0.026179938779914945,0.2,-0.43828062146611346
-0.017453292519943295,0.03490658503988659,0.2,-0.5410080793887584
-0.008726646259971648,-0.03490658503988659,0.2,0.8257239716463034
-0.008726646259971648,-0.026179938779914945,0.2,0.5161021407324615
-0.008726646259971648,-0.017453292519943295,0.2,0.2722320445387063
-0.008726646259971648,-0.008726646259971648,0.2,0.16959213277698448
-0.008726646259971648,0.0,0.2,0.02216714547296947
-0.008726646259971648,0.008726646259971648,0.2,-0.186982372718144
-0.008726646259971648,0.017453292519943295,0.2,-0.218515873857148
-0.008726646259971648,0.026179938779914945,0.2,-0.34926045467301825
-0.008726646259971648,0.03490658503988659,0.2,-0.5151708158101393
0.0,-0.03490658503988659,0.2,1.0499478683450714
0.0,-0.026179938779914945,0.2,0.7260909567741239
0.0,-0.017453292519943295,0.2,0.4348895350480929
0.0,-0.008726646259971648,0.2,0.1918031416794102
0.0,0.0,0.2,-0.0
0.0,0.008726646259971648,0.2,-0.1648599633281807
0.0,0.017453292519943295,0.2,-0.3183214219721889
0.0,0.026179938779914945,0.2,-0.4718054632166134
0.0,0.03490658503988659,0.2,-0.6354709756571592
0.008726646259971648,-0.03490658503988659,0.2,1.1702480281920913
0.008726646259971648,-0.026179938779914945,0.2,0.848635092963206
0.008726646259971648,-0.017453292519943295,0.2,0.5346933379224903
0.008726646259971648,-0.008726646259971648,0.2,0.1696807322894469
0.008726646259971648,0.0,0.2,0.02216627281941963
0.008726646259971648,0.008726646259971648,0.2,-0.18707184488415618
0.008726646259971648,0.017453292519943295,0.2,-0.48097803976157216
0.008726646259971648,0.026179938779914945,0.2,-0.6817951516127889
0.008726646259971648,0.03490658503988659,0.2,-0.8596948723559272
0.017453292519943295,-0.03490658503988659,0.2,1.1444107646134727
0.017453292519943295,-0.026179938779914945,0.2,0.7596131808297928
0.017453292519943295,-0.017453292519943295,0.2,0.3487108428296706
0.017453292519943295,-0.008726646259971648,0.2,0.09379405688819342
0.017453292519943295,0.0,0.2,0.08653601207862657
0.017453292519943295,0.008726646259971648,0.2,-0.0009671359289076253
0.017453292519943295,0.017453292519943295,0.2,-0.40521300867037624
0.017453292519943295,0.026179938779914945,0.2,-0.7387976006018051
0.017453292519943295,0.03490658503988659,0.2,-0.9885062074686832
0.026179938779914945,-0.03490658503988659,0.2,0.9112412316041132
0.026179938779914945,-0.026179938779914945,0.2,0.5395534493002567
0.026179938779914945,-0.017453292519943295,0.2,0.2704550666350234
0.026179938779914945,-0.008726646259971648,0.2,0.14797868944137282
0.026179938779914945,0.0,0.2,0.18774107326406625
0.026179938779914945,0.008726646259971648,0.2,0.12266951354560063
0.026179938779914945,0.017453292519943295,0.2,-0.184954742197462
0.026179938779914945,0.026179938779914945,0.2,-0.6607501022708786
0.026179938779914945,0.03490658503988659,0.2,-1.0155130535957615
0.03490658503988659,-0.03490658503988659,0.2,0.7347656672998655
0.03490658503988659,-0.026179938779914945,0.2,0.4800926374955221
0.03490658503988659,-0.017453292519943295,0.2,0.31557161113749954
0.03490658503988659,-0.008726646259971648,0.2,0.2644630797368075
0.03490658503988659,0.0,0.2,0.31802864360088057
0.03490658503988659,0.008726646259971648,0.2,0.2502772043182333
0.03490658503988659,0.017453292519943295,0.2,0.0053970871609916315
0.03490658503988659,0.026179938779914945,0.2,-0.4840097864219013
0.03490658503988659,0.03490658503988659,0.2,-0.9563425718640444
-0.03490658503988659,-0.03490658503988659,0.3,0.7292688000604284
-0.03490658503988659,-0.026179938779914945,0.3,0.7096533312196218
-0.03490658503988659,-0.017453292519943295,0.3,0.7501208995941449
-0.03490658503988659,-0.008726646259971648,0.3,0.5979108471395962
-0.03490658503988659,0.0,0.3,0.3095515558518431
-0.03490658503988659,0.008726646259971648,0.3,-0.08911709765088438
-0.03490658503988659,0.017453292519943295,0.3,-0.4343650007473996
-0.03490658503988659,0.026179938779914945,0.3,-0.7159849001269829
-0.03490658503988659,0.03490658503988659,0.3,-0.9524964508186353
-0.026179938779914945,-0.03490658503988659,0.3,0.6727614035625775
-0.026179938779914945,-0.026179938779914945,0.3,0.5372483613677286
-0.026179938779914945,-0.017453292519943295,0.3,0.5638200728944729
-0.026179938779914945,-0.008726646259971648,0.3,0.47298069726589054
-0.026179938779914945,0.0,0.3,0.18220464869695108
-0.026179938779914945,0.008726646259971648,0.3,-0.20547621655965576
-0.026179938779914945,0.017453292519943295,0.3,-0.4803322187434782
-0.026179938779914945,0.026179938779914945,0.3,-0.6591884396702943
-0.026179938779914945,0.03490658503988659,0.3,-0.7803542346966608
-0.017453292519943295,-0.03490658503988659,0.3,0.7006753783166708
-0.017453292519943295,-0.026179938779914945,0.3,0.4619174092597582
-0.017453292519943295,-0.017453292519943295,0.3,0.3480285827990506
-0.017453292519943295,-0.008726646259971648,0.3,0.35194785031107556
-0.017453292519943295,0.0,0.3,0.08375409849252358
-0.017453292519943295,0.008726646259971648,0.3,-0.2604838815530923
-0.017453292519943295,0.017453292519943295,0.3,-0.4047960252176026
-0.017453292519943295,0.026179938779914945,0.3,-0.4435977365756574
-0.017453292519943295,0.03490658503988659,0.3,-0.5513710240405447
-0.008726646259971648,-0.03490658503988659,0.3,0.8290655885921685
-0.008726646259971648,-0.026179938779914945,0.3,0.5194750009317606
-0.008726646259971648,-0.017453292519943295,0.3,0.2747088278049541
-0.008726646259971648,-0.008726646259971648,0.3,0.16959814482457092
-0.008726646259971648,0.0,0.3,0.021404446270411586
-0.008726646259971648,0.008726646259971648,0.3,-0.18704248928582046
-0.008726646259971648,0.017453292519943295,0.3,-0.2225686586672888
-0.008726646259971648,0.026179938779914945,0.3,-0.35646564914397594
-0.008726646259971648,0.03490658503988659,0.3,-0.5260570613329574
0.0,-0.03490658503988659,0.3,1.041669707727238
0.0,-0.026179938779914945,0.3,0.7206592400002403
0.0,-0.017453292519943295,0.3,0.4321425262748645
0.0,-0.008726646259971648,0.3,0.19104742370525105
0.0,0.0,0.3,-0.0
0.0,0.008726646259971648,0.3,-0.16568287562567738
0.0,0.017453292519943295,0.3,-0.3214000264677257
0.0,0.026179938779914945,0.3,-0.47819002090890367
0.0,0.03490658503988659,0.3,-0.6457977367314292
0.008726646259971648,-0.03490658503988659,0.3,1.1614103831257099
0.008726646259971648,-0.026179938779914945,0.3,0.8423836117651682
0.008726646259971648,-0.017453292519943295,0.3,0.5309721488346577
0.008726646259971648,-0.008726646259971648,0.3,0.16968693739155816
0.008726646259971648,0.0,0.3,0.021404446270411586
0.008726646259971648,0.008726646259971648,0.3,-0.1871312818528077
0.008726646259971648,0.017453292519943295,0.3,-0.4788319796969924
0.008726646259971648,0.026179938779914945,0.3,-0.679376877672214
0.008726646259971648,0.03490658503988659,0.3,-0.8584018558664988
0.017453292519943295,-0.03490658503988659,0.3,1.1360964204181228
0.017453292519943295,-0.026179938779914945,0.3,0.7552515243334867
0.017453292519943295,-0.017453292519943295,0.3,0.3487447822843439
0.017453292519943295,-0.008726646259971648,0.3,0.09624554512428607
0.017453292519943295,0.0,0.3,0.08375409849252358
0.017453292519943295,0.008726646259971648,0.3,-0.004783321540493102
0.017453292519943295,0.017453292519943295,0.3,-0.4055122247028957
0.017453292519943295,0.026179938779914945,0.3,-0.736934469344217
0.017453292519943295,0.03490658503988659,0.3,-0.9867920661419967
0.026179938779914945,-0.03490658503988659,0.3,0.9071097198123366
0.026179938779914945,-0.026179938779914945,0.3,0.5396608212388494
0.026179938779914945,-0.017453292519943295,0.3,0.27321033399911165
0.026179938779914945,-0.008726646259971648,0.3,0.15125582771287993
0.026179938779914945,0.0,0.3,0.18220464869695108
0.026179938779914945,0.008726646259971648,0.3,0.11625039793496228
0.026179938779914945,0.017453292519943295,0.3,-0.18972073460747385
0.026179938779914945,0.026179938779914945,0.3,-0.6616008995414151
0.026179938779914945,0.03490658503988659,0.3,-1.01470604089609
0.03490658503988659,-0.03490658503988659,0.3,0.7349709936400322
0.03490658503988659,-0.026179938779914945,0.3,0.4828643607821612
0.03490658503988659,-0.017453292519943295,0.3,0.3191758067545467
0.03490658503988659,-0.008726646259971648,0.3,0.2676166914968281
0.03490658503988659,0.0,0.3,0.3095480659021728
0.03490658503988659,0.008726646259971648,0.3,0.24117705799188394
0.03490658503988659,0.017453292519943295,0.3,-0.003419907907801889
0.03490658503988659,0.026179938779914945,0.3,-0.4891959296895223
0.03490658503988659,0.03490658503988659,0.3,-0.9581986443982391
-0.03490658503988659,-0.03490658503988659,0.4,0.7294554951996868
-0.03490658503988659,-0.026179938779914945,0.4,0.7026745088353565
-0.03490658503988659,-0.017453292519943295,0.4,0.7362135531970173
-0.03490658503988659,-0.008726646259971648,0.4,0.5829698963575631
-0.03490658503988659,0.0,0.4,0.2975112294894803
-0.03490658503988659,0.008726646259971648,0.4,-0.08533278252634213
-0.03490658503988659,0.017453292519943295,0.4,-0.4288576199797087
-0.03490658503988659,0.026179938779914945,0.4,-0.7123523012757946
-0.03490658503988659,0.03490658503988659,0.4,-0.9543373821015924
-0.026179938779914945,-0.03490658503988659,0.4,0.6774300329144176
-0.026179938779914945,-0.026179938779914945,0.4,0.5373494362354676
-0.026179938779914945,-0.017453292519943295,0.4,0.556558345696716
-0.026179938779914945,-0.008726646259971648,0.4,0.462453360099385
-0.026179938779914945,0.0,0.4,0.17461071599283706
-0.026179938779914945,0.008726646259971648,0.4,-0.20077642858950417
-0.026179938779914945,0.017453292519943295,0.4,-0.4760721303276916
-0.026179938779914945,0.026179938779914945,0.4,-0.6600355575648078
-0.026179938779914945,0.03490658503988659,0.4,-0.7892772446277894
-0.017453292519943295,-0.03490658503988659,0.4,0.706669358047125
-0.017453292519943295,-0.026179938779914945,0.4,0.4665777949654686
-0.017453292519943295,-0.017453292519943295,0.4,0.34806068046591054
-0.017453292519943295,-0.008726646259971648,0.4,0.34576505565166005
-0.017453292519943295,0.0,0.4,0.08002975495880728
-0.017453292519943295,0.008726646259971648,0.4,-0.2564990796258102
-0.017453292519943295,0.017453292519943295,0.4,-0.4050933994623096
-0.017453292519943295,0.026179938779914945,0.4,-0.4517393754160959
-0.017453292519943295,0.03490658503988659,0.4,-0.5671539015791356
-0.008726646259971648,-0.03490658503988659,0.4,0.8331028439490682
-0.008726646259971648,-0.026179938779914945,0.4,0.5243365826725186
-0.008726646259971648,-0.017453292519943295,0.4,0.27878572182022965
-0.008726646259971648,-0.008726646259971648,0.4,0.16960412214892573
-0.008726646259971648,0.0,0.4,0.020398276727449073
-0.008726646259971648,0.008726646259971648,0.4,-0.18710257113026507
-0.008726646259971648,0.017453292519943295,0.4,-0.22905494481180977
-0.008726646259971648,0.026179938779914945,0.4,-0.3678472049084105
-0.008726646259971648,0.03490658503988659,0.4,-0.5428454362082655
0.0,-0.03490658503988659,0.4,1.0298283084960798
0.0,-0.026179938779914945,0.4,0.7131700150893577
0.0,-0.017453292519943295,0.4,0.42844959707273533
0.0,-0.008726646259971648,0.4,0.19004736273713738
0.0,0.0,0.4,-0.0
0.0,0.008726646259971648,0.4,-0.16674925826357864
0.0,0.017453292519943295,0.4,-0.32542280615151953
0.0,0.026179938779914945,0.4,-0.4866347044330235
0.0,0.03490658503988659,0.4,-0.6596877364190246
0.008726646259971648,-0.03490658503988659,0.4,1.1466671187571684
0.008726646259971648,-0.026179938779914945,0.4,0.8319601323088015
0.008726646259971648,-0.017453292519943295,0.4,0.5248174584124452
0.008726646259971648,-0.008726646259971648,0.4,0.16969317721690125
0.008726646259971648,0.0,0.4,0.020398276727449073
0.008726646259971648,0.008726646259971648,0.4,-0.18719162619824048
0.008726646259971648,0.017453292519943295,0.4,-0.4750866814040253
0.008726646259971648,0.026179938779914945,0.4,-0.6754681368498627
0.008726646259971648,0.03490658503988659,0.4,-0.8564140730879886
0.017453292519943295,-0.03490658503988659,0.4,1.1223621433359683
0.017453292519943295,-0.026179938779914945,0.4,0.7480653441062852
0.017453292519943295,-0.017453292519943295,0.4,0.34877900376194493
0.017453292519943295,-0.008726646259971648,0.4,0.10029666872135601
0.017453292519943295,0.0,0.4,0.08002800971816354
0.017453292519943295,0.008726646259971648,0.4,-0.011030692695506161
0.017453292519943295,0.017453292519943295,0.4,-0.4058117227583442
0.017453292519943295,0.026179938779914945,0.4,-0.733226924556913
0.017453292519943295,0.03490658503988659,0.4,-0.9828466868679788
0.026179938779914945,-0.03490658503988659,0.4,0.9002353103376439
0.026179938779914945,-0.026179938779914945,0.4,0.5397717796524044
0.026179938779914945,-0.017453292519943295,0.4,0.2778002728965636
0.026179938779914945,-0.008726646259971648,0.4,0.15602193735281888
0.026179938779914945,0.0,0.4,0.17461071599283706
0.026179938779914945,0.008726646259971648,0.4,0.10565761175221877
0.026179938779914945,0.017453292519943295,0.4,-0.19731405752753872
0.026179938779914945,0.026179938779914945,0.4,-0.662455283286913
0.026179938779914945,0.03490658503988659,0.4,-1.0120860120006863
0.03490658503988659,-0.03490658503988659,0.4,0.735178662813512
0.03490658503988659,-0.026179938779914945,0.4,0.48745241824658603
0.03490658503988659,-0.017453292519943295,0.4,0.32501827266268
0.03490658503988659,-0.008726646259971648,0.4,0.2714629658208243
0.03490658503988659,0.0,0.4,0.2975112294894803
0.03490658503988659,0.008726646259971648,0.4,0.22617414801039715
0.03490658503988659,0.017453292519943295,0.4,-0.017662339445371433
0.03490658503988659,0.026179938779914945,0.4,-0.49713021068702457
0.03490658503988659,0.03490658503988659,0.4,-0.9600570597657478
-0.03490658503988659,-0.03490658503988659,0.5,0.7296489521765177
-0.03490658503988659,-0.026179938779914945,0.5,0.6935789490921778
-0.03490658503988659,-0.017453292519943295,0.5,0.7184284728513051
-0.03490658503988659,-0.008726646259971648,0.5,0.5635237292633233
-0.03490658503988659,0.0,0.5,0.28538714433503143
-0.03490658503988659,0.008726646259971648,0.5,-0.08152983706446038
-0.03490658503988659,0.017453292519943295,0.5,-0.4209198674553294
-0.03490658503988659,0.026179938779914945,0.5,-0.7068038588935734
-0.03490658503988659,0.03490658503988659,0.5,-0.9561815852724518
-0.026179938779914945,-0.03490658503988659,0.5,0.6840161210983604
-0.026179938779914945,-0.026179938779914945,0.5,0.5374571476359833
-0.026179938779914945,-0.017453292519943295,0.5,0.5473281158626393
-0.026179938779914945,-0.008726646259971648,0.5,0.4487265527973645
-0.026179938779914945,0.0,0.5,0.1674460852409722
-0.026179938779914945,0.008726646259971648,0.5,-0.19512197956538224
-0.026179938779914945,0.017453292519943295,0.5,-0.4700003691895298
-0.026179938779914945,0.026179938779914945,0.5,-0.6608840766024362
-0.026179938779914945,0.03490658503988659,0.5,-0.8003278131894827
-0.017453292519943295,-0.03490658503988659,0.5,0.7150906097334118
-0.017453292519943295,-0.026179938779914945,0.5,0.47304835742486784
-0.017453292519943295,-0.017453292519943295,0.5,0.34809319917359893
-0.017453292519943295,-0.008726646259971648,0.5,0.33779528276571047
-0.017453292519943295,0.0,0.5,0.07667540244156137
-0.017453292519943295,0.008726646259971648,0.5,-0.25102829756164047
-0.017453292519943295,0.017453292519943295,0.5,-0.4053894495072008
-0.017453292519943295,0.026179938779914945,0.5,-0.46184677704368093
-0.017453292519943295,0.03490658503988659,0.5,-0.5868169896085411
-0.008726646259971648,-0.03490658503988659,0.5,0.8371569833149801
-0.008726646259971648,-0.026179938779914945,0.5,0.5301525581282445
-0.008726646259971648,-0.017453292519943295,0.5,0.28435048701318943
-0.008726646259971648,-0.008726646259971648,0.5,0.16961015267126567
-0.008726646259971648,0.0,0.5,0.019519514602762817
-0.008726646259971648,0.008726646259971648,0.5,-0.18716183351914506
-0.008726646259971648,0.017453292519943295,0.5,-0.23732585982997967
-0.008726646259971648,0.026179938779914945,0.5,-0.3824260177023946
-0.008726646259971648,0.03490658503988659,0.5,-0.5641465674469139
0.0,-0.03490658503988659,0.5,1.017903150472835
0.0,-0.026179938779914945,0.5,0.7061127098255551
0.0,-0.017453292519943295,0.5,0.42513014936836396
0.0,-0.008726646259971648,0.5,0.1891747091873
0.0,0.0,0.5,-0.0
0.0,0.008726646259971648,0.5,-0.16768736082965388
0.0,0.017453292519943295,0.5,-0.32907384957819924
0.0,0.026179938779914945,0.5,-0.49464746831006345
0.0,0.03490658503988659,0.5,-0.673661494898706
0.008726646259971648,-0.03490658503988659,0.5,1.1274180779246272
0.008726646259971648,-0.026179938779914945,0.5,0.8183341604332242
0.008726646259971648,-0.017453292519943295,0.5,0.5168781391165835
0.008726646259971648,-0.008726646259971648,0.5,0.16970023649780863
0.008726646259971648,0.0,0.5,0.019519514602762817
0.008726646259971648,0.008726646259971648,0.5,-0.18725278999923822
0.008726646259971648,0.017453292519943295,0.5,-0.46985351193337377
0.008726646259971648,0.026179938779914945,0.5,-0.6706102377022047
0.008726646259971648,0.03490658503988659,0.5,-0.8544076620565606
0.017453292519943295,-0.03490658503988659,0.5,1.104747655763
0.017453292519943295,-0.026179938779914945,0.5,0.7389134010919376
0.017453292519943295,-0.017453292519943295,0.5,0.3488145494393624
0.017453292519943295,-0.008726646259971648,0.5,0.1058355176295036
0.017453292519943295,0.0,0.5,0.07667540244156137
0.017453292519943295,0.008726646259971648,0.5,-0.01906591459769391
0.017453292519943295,0.017453292519943295,0.5,-0.40611079977296427
0.017453292519943295,0.026179938779914945,0.5,-0.7277135653533442
0.017453292519943295,0.03490658503988659,0.5,-0.9764757798156198
0.026179938779914945,-0.03490658503988659,0.5,0.8912368321820581
0.026179938779914945,-0.026179938779914945,0.5,0.5398761015331823
0.026179938779914945,-0.017453292519943295,0.5,0.2842036297570334
0.026179938779914945,-0.008726646259971648,0.5,0.16174009045157156
0.026179938779914945,0.0,0.5,0.1674460852409722
0.026179938779914945,0.008726646259971648,0.5,0.0918644827804107
0.026179938779914945,0.017453292519943295,0.5,-0.2068758830839239
0.026179938779914945,0.026179938779914945,0.5,-0.6633056481944655
0.026179938779914945,0.03490658503988659,0.5,-1.0075511403733826
0.03490658503988659,-0.03490658503988659,0.5,0.7353830600990898
0.03490658503988659,-0.026179938779914945,0.5,0.49395893693687576
0.03490658503988659,-0.017453292519943295,0.5,0.3332823862505898
0.03490658503988659,-0.008726646259971648,0.5,0.275335722769277
0.03490658503988659,0.0,0.5,0.28538714433503143
0.03490658503988659,0.008726646259971648,0.5,0.20666165924636948
0.03490658503988659,0.017453292519943295,0.5,-0.03577552609525814
0.03490658503988659,0.026179938779914945,0.5,-0.5071812290434412
0.03490658503988659,0.03490658503988659,0.5,-0.9619156931950235
-0.03490658503988659,-0.03490658503988659,0.6,0.7298449879707829
-0.03490658503988659,-0.026179938779914945,0.6,0.6820112002872469
-0.03490658503988659,-0.017453292519943295,0.6,0.6959000000609579
-0.03490658503988659,-0.008726646259971648,0.6,0.5394779700921519
-0.03490658503988659,0.0,0.6,0.27867946106881075
-0.03490658503988659,0.008726646259971648,0.6,-0.08274031551493066
-0.03490658503988659,0.017453292519943295,0.6,-0.4121719256528733
-0.03490658503988659,0.026179938779914945,0.6,-0.6994183965714407
-0.03490658503988659,0.03490658503988659,0.6,-0.9580248773110749
-0.026179938779914945,-0.03490658503988659,0.6,0.6924404931865138
-0.026179938779914945,-0.026179938779914945,0.6,0.5375581164610836
-0.026179938779914945,-0.017453292519943295,0.6,0.5356450039922285
-0.026179938779914945,-0.008726646259971648,0.6,0.43150091279510305
-0.026179938779914945,0.0,0.6,0.16491477433960086
-0.026179938779914945,0.008726646259971648,0.6,-0.19129776485994676
-0.026179938779914945,0.017453292519943295,0.6,-0.46218041802621856
-0.026179938779914945,0.026179938779914945,0.6,-0.6617284707594799
-0.026179938779914945,0.03490658503988659,0.6,-0.8138482626857324
-0.017453292519943295,-0.03490658503988659,0.6,0.7243240533109181
-0.017453292519943295,-0.026179938779914945,0.6,0.4812677520040558
-0.017453292519943295,-0.017453292519943295,0.6,0.34812605173689315
-0.017453292519943295,-0.008726646259971648,0.6,0.3276850969973397
-0.017453292519943295,0.0,0.6,0.07601919195951952
-0.017453292519943295,0.008726646259971648,0.6,-0.24442051583871716
-0.017453292519943295,0.017453292519943295,0.6,-0.40568757864834204
-0.017453292519943295,0.026179938779914945,0.6,-0.47441445188038545
-0.017453292519943295,0.03490658503988659,0.6,-0.6112271156370173
-0.008726646259971648,-0.03490658503988659,0.6,0.8361967640196365
-0.008726646259971648,-0.026179938779914945,0.6,0.5341373098611395
-0.008726646259971648,-0.017453292519943295,0.6,0.29104788547314
-0.008726646259971648,-0.008726646259971648,0.6,0.16961622542635912
-0.008726646259971648,0.0,0.6,0.019444466397476802
-0.008726646259971648,0.008726646259971648,0.6,-0.18722113817400687
-0.008726646259971648,0.017453292519943295,0.6,-0.24774261291283506
-0.008726646259971648,0.026179938779914945,0.6,-0.40050646728388206
-0.008726646259971648,0.03490658503988659,0.6,-0.5900439375496823
0.0,-0.03490658503988659,0.6,1.0113943943378185
0.0,-0.026179938779914945,0.6,0.7036887244122462
0.0,-0.017453292519943295,0.6,0.42450709845855294
0.0,-0.008726646259971648,0.6,0.18910576955686284
0.0,0.0,0.6,-0.0
0.0,0.008726646259971648,0.6,-0.16782262212987867
0.0,0.017453292519943295,0.6,-0.33002849621031866
0.0,0.026179938779914945,0.6,-0.4980295300314407
0.0,0.03490658503988659,0.6,-0.6822188514901593
0.008726646259971648,-0.03490658503988659,0.6,1.1035693082782951
0.008726646259971648,-0.026179938779914945,0.6,0.8012091694649739
0.008726646259971648,-0.017453292519943295,0.6,0.5067929817560366
0.008726646259971648,-0.008726646259971648,0.6,0.1697055082388632
0.008726646259971648,0.0,0.6,0.019444466397476802
0.008726646259971648,0.008726646259971648,0.6,-0.18731216626038227
0.008726646259971648,0.017453292519943295,0.6,-0.4634877091957317
0.008726646259971648,0.026179938779914945,0.6,-0.6675783268877165
0.008726646259971648,0.03490658503988659,0.6,-0.8574164818083416
0.017453292519943295,-0.03490658503988659,0.6,1.0823861301909607
0.017453292519943295,-0.026179938779914945,0.6,0.7273011848684701
0.017453292519943295,-0.017453292519943295,0.6,0.3488462707798856
0.017453292519943295,-0.008726646259971648,0.6,0.1125070031944746
0.017453292519943295,0.0,0.6,0.07601919195951952
0.017453292519943295,0.008726646259971648,0.6,-0.029243294689401678
0.017453292519943295,0.017453292519943295,0.6,-0.4064077976913345
0.017453292519943295,0.026179938779914945,0.6,-0.7204496293873941
0.017453292519943295,0.03490658503988659,0.6,-0.9692891925170599
0.026179938779914945,-0.03490658503988659,0.6,0.879764983142246
0.026179938779914945,-0.026179938779914945,0.6,0.5399871659893751
0.026179938779914945,-0.017453292519943295,0.6,0.29235517664265265
0.026179938779914945,-0.008726646259971648,0.6,0.16563062682679464
0.026179938779914945,0.0,0.6,0.16491477433960086
0.026179938779914945,0.008726646259971648,0.6,0.0745733937619113
0.026179938779914945,0.017453292519943295,0.6,-0.21889059067664318
0.026179938779914945,0.026179938779914945,0.6,-0.6641575202877723
0.026179938779914945,0.03490658503988659,0.6,-1.0011727526414638
0.03490658503988659,-0.03490658503988659,0.6,0.7355848785672325
0.03490658503988659,-0.026179938779914945,0.6,0.5022972401774153
0.03490658503988659,-0.017453292519943295,0.6,0.34236366901599835
0.03490658503988659,-0.008726646259971648,0.6,0.27418807617181074
0.03490658503988659,0.0,0.6,0.27867946106881075
0.03490658503988659,0.008726646259971648,0.6,0.18254608858862675
0.03490658503988659,0.017453292519943295,0.6,-0.05863559460791379
0.03490658503988659,0.026179938779914945,0.6,-0.519704436461609
0.03490658503988659,0.03490658503988659,0.6,-0.9637682578571942
-0.03490658503988659,-0.03490658503988659,0.7,0.730101814124203
-0.03490658503988659,-0.026179938779914945,0.7,0.6562136553822131
-0.03490658503988659,-0.017453292519943295,0.7,0.6385217592907337
-0.03490658503988659,-0.008726646259971648,0.7,0.47686130969770835
-0.03490658503988659,0.0,0.7,0.23450367814278503
-0.03490658503988659,0.008726646259971648,0.7,-0.09360705809804615
-0.03490658503988659,0.017453292519943295,0.7,-0.40329316645802527
-0.03490658503988659,0.026179938779914945,0.7,-0.6889715850409899
-0.03490658503988659,0.03490658503988659,0.7,-0.9599359374822107
-0.026179938779914945,-0.03490658503988659,0.7,0.704006405053939
-0.026179938779914945,-0.026179938779914945,0.7,0.5376899458073394
-0.026179938779914945,-0.017453292519943295,0.7,0.505229770720812
-0.026179938779914945,-0.008726646259971648,0.7,0.3872633315309413
-0.026179938779914945,0.0,0.7,0.13905980249591454
-0.026179938779914945,0.008726646259971648,0.7,-0.18543810093059143
-0.026179938779914945,0.017453292519943295,0.7,-0.4490006085314513
-0.026179938779914945,0.026179938779914945,0.7,-0.6626037254376791
-0.026179938779914945,0.03490658503988659,0.7,-0.8416809552748732
-0.017453292519943295,-0.03490658503988659,0.7,0.7337425131173116
-0.017453292519943295,-0.026179938779914945,0.7,0.49487755212168993
-0.017453292519943295,-0.017453292519943295,0.7,0.3481682370474124
-0.017453292519943295,-0.008726646259971648,0.7,0.3015336425422992
-0.017453292519943295,0.0,0.7,0.06418646039504129
-0.017453292519943295,0.008726646259971648,0.7,-0.231977553905794
-0.017453292519943295,0.017453292519943295,0.7,-0.40599329529606387
-0.017453292519943295,0.026179938779914945,0.7,-0.5057367102611221
-0.017453292519943295,0.03490658503988659,0.7,-0.6705300768101692
-0.008726646259971648,-0.03490658503988659,0.7,0.8256034470566974
-0.008726646259971648,-0.026179938779914945,0.7,0.5401740676601934
-0.008726646259971648,-0.017453292519943295,0.7,0.30359024533007184
-0.008726646259971648,-0.008726646259971648,0.7,0.169623246075845
-0.008726646259971648,0.0,0.7,0.016429448382788606
-0.008726646259971648,0.008726646259971648,0.7,-0.18728313596390445
-0.008726646259971648,0.017453292519943295,0.7,-0.27420217667870617
-0.008726646259971648,0.026179938779914945,0.7,-0.44561150038542174
-0.008726646259971648,0.03490658503988659,0.7,-0.6545308094483697
0.0,-0.03490658503988659,0.7,0.9674175385429971
0.0,-0.026179938779914945,0.7,0.6779384603617913
0.0,-0.017453292519943295,0.7,0.41270578122566187
0.0,-0.008726646259971648,0.7,0.1860968601170235
0.0,0.0,0.7,-0.0
0.0,0.008726646259971648,0.7,-0.17089785323950563
0.0,0.017453292519943295,0.7,-0.3421614091655181
0.0,0.026179938779914945,0.7,-0.5247326350003021
0.0,0.03490658503988659,0.7,-0.7282443077414175
0.008726646259971648,-0.03490658503988659,0.7,1.0411310368360445
0.008726646259971648,-0.026179938779914945,0.7,0.7570595949766716
0.008726646259971648,-0.017453292519943295,0.7,0.4806632684718304
0.008726646259971648,-0.008726646259971648,0.7,0.1697107047390749
0.008726646259971648,0.0,0.7,0.016429448382788606
0.008726646259971648,0.008726646259971648,0.7,-0.1873714672806841
0.008726646259971648,0.017453292519943295,0.7,-0.4512760723411049
0.008726646259971648,0.026179938779914945,0.7,-0.6624970277019002
0.008726646259971648,0.03490658503988659,0.7,-0.8700583992277171
0.017453292519943295,-0.03490658503988659,0.7,1.0251317694742457
0.017453292519943295,-0.026179938779914945,0.7,0.6969326404583782
0.017453292519943295,-0.017453292519943295,0.7,0.34887214985447246
0.017453292519943295,-0.008726646259971648,0.7,0.12501715945073522
0.017453292519943295,0.0,0.7,0.06418471515439757
0.017453292519943295,0.008726646259971648,0.7,-0.055461070814229796
0.017453292519943295,0.017453292519943295,0.7,-0.4066989533437675
0.017453292519943295,0.026179938779914945,0.7,-0.7077952878829974
0.017453292519943295,0.03490658503988659,0.7,-0.9619193331671028
0.026179938779914945,-0.03490658503988659,0.7,0.8539808910095412
0.026179938779914945,-0.026179938779914945,0.7,0.5400673699244134
0.026179938779914945,-0.017453292519943295,0.7,0.3058648366190848
0.026179938779914945,-0.008726646259971648,0.7,0.17155573977238814
0.026179938779914945,0.0,0.7,0.13905980249591454
0.026179938779914945,0.008726646259971648,0.7,0.030268618174412065
0.026179938779914945,0.017453292519943295,0.7,-0.24963567442972456
0.026179938779914945,0.026179938779914945,0.7,-0.6649837672495851
0.026179938779914945,0.03490658503988659,0.7,-0.9916580573306781
0.03490658503988659,-0.03490658503988659,0.7,0.7357259088022037
0.03490658503988659,-0.026179938779914945,0.7,0.5136968926262724
0.03490658503988659,-0.017453292519943295,0.7,0.35157576811064484
0.03490658503988659,-0.008726646259971648,0.7,0.2633885279120327
0.03490658503988659,0.0,0.7,0.23450367814278503
0.03490658503988659,0.008726646259971648,0.7,0.11986659634117935
0.03490658503988659,0.017453292519943295,0.7,-0.11634368585980281
0.03490658503988659,0.026179938779914945,0.7,-0.5464574399798803
0.03490658503988659,0.03490658503988659,0.7,-0.9655600321602114
-0.03490658503988659,-0.03490658503988659,0.8,0.7302766602454702
-0.03490658503988659,-0.026179938779914945,0.8,0.6509816140449582
-0.03490658503988659,-0.017453292519943295,0.8,0.6265287618980566
-0.03490658503988659,-0.008726646259971648,0.8,0.4627128732327397
-0.03490658503988659,0.0,0.8,0.22247731157910317
-0.03490658503988659,0.008726646259971648,0.8,-0.09652010435705738
-0.03490658503988659,0.017453292519943295,0.8,-0.4017331491344227
-0.03490658503988659,0.026179938779914945,0.8,-0.6875888905966989
-0.03490658503988659,0.03490658503988659,0.8,-0.9617615319234885
-0.026179938779914945,-0.03490658503988659,0.8,0.7064073370300621
-0.026179938779914945,-0.026179938779914945,0.8,0.5377844464254649
-0.026179938779914945,-0.017453292519943295,0.8,0.4988842585911901
-0.026179938779914945,-0.008726646259971648,0.8,0.3773999571128537
-0.026179938779914945,0.0,0.8,0.1318244939836184
-0.026179938779914945,0.008726646259971648,0.8,-0.1839216754832369
-0.026179938779914945,0.017453292519943295,0.8,-0.44643582079820066
-0.026179938779914945,0.026179938779914945,0.8,-0.663444269082579
-0.026179938779914945,0.03490658503988659,0.8,-0.848834950221435
-0.017453292519943295,-0.03490658503988659,0.8,0.7357818830968337
-0.017453292519943295,-0.026179938779914945,0.8,0.49783675318965326
-0.017453292519943295,-0.017453292519943295,0.8,0.34819661451570716
-0.017453292519943295,-0.008726646259971648,0.8,0.2958921809361379
-0.017453292519943295,0.0,0.8,0.060805929268139484
-0.017453292519943295,0.008726646259971648,0.8,-0.22922968281463096
-0.017453292519943295,0.017453292519943295,0.8,-0.4062886945828492
-0.017453292519943295,0.026179938779914945,0.8,-0.5129543584607288
-0.017453292519943295,0.03490658503988659,0.8,-0.6843827458105283
-0.008726646259971648,-0.03490658503988659,0.8,0.8229452457892965
-0.008726646259971648,-0.026179938779914945,0.8,0.5418516587799638
-0.008726646259971648,-0.017453292519943295,0.8,0.30642829471487043
-0.008726646259971648,-0.008726646259971648,0.8,0.16962897375843689
-0.008726646259971648,0.0,0.8,0.015556794832951214
-0.008726646259971648,0.008726646259971648,0.8,-0.18734209551303638
-0.008726646259971648,0.017453292519943295,0.8,-0.28014575030926614
-0.008726646259971648,0.026179938779914945,0.8,-0.45632397836631355
-0.008726646259971648,0.03490658503988659,0.8,-0.6705295992953775
0.0,-0.03490658503988659,0.8,0.9555900991105195
0.0,-0.026179938779914945,0.8,0.6708078596427267
0.0,-0.017453292519943295,0.8,0.40935840967099085
0.0,-0.008726646259971648,0.8,0.18523031514203497
0.0,0.0,0.8,-0.0
0.0,0.008726646259971648,0.8,-0.1718307198842818
0.0,0.017453292519943295,0.8,-0.34583863120185376
0.0,0.026179938779914945,0.8,-0.5328213120274349
0.0,0.03490658503988659,0.8,-0.742120347630332
0.008726646259971648,-0.03490658503988659,0.8,1.027180847445474
0.008726646259971648,-0.026179938779914945,0.8,0.7473051933038479
0.008726646259971648,-0.017453292519943295,0.8,0.4750512905635784
0.008726646259971648,-0.008726646259971648,0.8,0.16971893951328054
0.008726646259971648,0.0,0.8,0.015556794832951214
0.008726646259971648,0.008726646259971648,0.8,-0.18743206126787992
0.008726646259971648,0.017453292519943295,0.8,-0.44876874615797435
0.008726646259971648,0.026179938779914945,0.8,-0.661774895195367
0.008726646259971648,0.03490658503988659,0.8,-0.8747652009515552
0.017453292519943295,-0.03490658503988659,0.8,1.0133277009303234
0.017453292519943295,-0.026179938779914945,0.8,0.690672195514602
0.017453292519943295,-0.017453292519943295,0.8,0.34890834628999556
0.017453292519943295,-0.008726646259971648,0.8,0.12783135221168607
0.017453292519943295,0.0,0.8,0.060805929268139484
0.017453292519943295,0.008726646259971648,0.8,-0.0611697266108191
0.017453292519943295,0.017453292519943295,0.8,-0.4070004263571376
0.017453292519943295,0.026179938779914945,0.8,-0.7057941631231013
0.017453292519943295,0.03490658503988659,0.8,-0.9619285636440176
0.026179938779914945,-0.03490658503988659,0.8,0.8488754965194163
0.026179938779914945,-0.026179938779914945,0.8,0.5401822848927518
0.026179938779914945,-0.017453292519943295,0.8,0.30876122007464435
0.026179938779914945,-0.008726646259971648,0.8,0.1731393595430799
0.026179938779914945,0.0,0.8,0.1318244939836184
0.026179938779914945,0.008726646259971648,0.8,0.020341539681693943
0.026179938779914945,0.017453292519943295,0.8,-0.2563127822816549
0.026179938779914945,0.026179938779914945,0.8,-0.6658421075498664
0.026179938779914945,0.03490658503988659,0.8,-0.9913031097107896
0.03490658503988659,-0.03490658503988659,0.8,0.7359489148173628
0.03490658503988659,-0.026179938779914945,0.8,0.5160376633786314
0.03490658503988659,-0.017453292519943295,0.8,0.35346389173842185
0.03490658503988659,-0.008726646259971648,0.8,0.260544420486043
0.03490658503988659,0.0,0.8,0.22247731157910317
0.03490658503988659,0.008726646259971648,0.8,0.10565183820642288
0.03490658503988659,0.017453292519943295,0.8,-0.12866653373414394
0.03490658503988659,0.026179938779914945,0.8,-0.5526449399303726
0.03490658503988659,0.03490658503988659,0.8,-0.9674337864953806
-0.03490658503988659,-0.03490658503988659,0.9,0.7564805019393632
-0.03490658503988659,-0.026179938779914945,0.9,0.6558863987834926
-0.03490658503988659,-0.017453292519943295,0.9,0.6071686595103225
-0.03490658503988659,-0.008726646259971648,0.9,0.43320003948464203
-0.03490658503988659,0.0,0.9,0.19604792272629917
-0.03490658503988659,0.008726646259971648,0.9,-0.10915541252177219
-0.03490658503988659,0.017453292519943295,0.9,-0.40955711412014884
-0.03490658503988659,0.026179938779914945,0.9,-0.7017039545413777
-0.03490658503988659,0.03490658503988659,0.9,-0.9902617605004065
-0.026179938779914945,-0.03490658503988659,0.9,0.7391858677552396
-0.026179938779914945,-0.026179938779914945,0.9,0.557359449455491
-0.026179938779914945,-0.017453292519943295,0.9,0.4947365015969285
-0.026179938779914945,-0.008726646259971648,0.9,0.35853597885466426
-0.026179938779914945,0.0,0.9,0.11626229821458782
-0.026179938779914945,0.008726646259971648,0.9,-0.1866567210522745
-0.026179938779914945,0.017453292519943295,0.9,-0.45200919194557976
-0.026179938779914945,0.026179938779914945,0.9,-0.6841344101105209
-0.026179938779914945,0.03490658503988659,0.9,-0.8920034991081387
-0.017453292519943295,-0.03490658503988659,0.9,0.7675850576377812
-0.017453292519943295,-0.026179938779914945,0.9,0.5252578203322389
-0.017453292519943295,-0.017453292519943295,0.9,0.36117437911604955
-0.017453292519943295,-0.008726646259971648,0.9,0.2875246166559273
-0.017453292519943295,0.0,0.9,0.05365044262885325
-0.017453292519943295,0.008726646259971648,0.9,-0.22847729915326087
-0.017453292519943295,0.017453292519943295,0.9,-0.419713240787986
-0.017453292519943295,0.026179938779914945,0.9,-0.550772399274547
-0.017453292519943295,0.03490658503988659,0.9,-0.7452237455707631
-0.008726646259971648,-0.03490658503988659,0.9,0.8430926438643757
-0.008726646259971648,-0.026179938779914945,0.9,0.5652691266477021
-0.008726646259971648,-0.017453292519943295,0.9,0.3267348432703592
-0.008726646259971648,-0.008726646259971648,0.9,0.1760933920871608
-0.008726646259971648,0.0,0.9,0.013727712992492036
-0.008726646259971648,0.008726646259971648,0.9,-0.19391908614968922
-0.008726646259971648,0.017453292519943295,0.9,-0.3084017132977943
-0.008726646259971648,0.026179938779914945,0.9,-0.5023437500782031
-0.008726646259971648,0.03490658503988659,0.9,-0.7350093684002688
0.0,-0.03490658503988659,0.9,0.9553772121806343
0.0,-0.026179938779914945,0.9,0.6748234035131544
0.0,-0.017453292519943295,0.9,0.41518227769911237
0.0,-0.008726646259971648,0.9,0.18986585079877122
0.0,0.0,0.9,-0.0
0.0,0.008726646259971648,0.9,-0.18023524622276574
0.0,0.017453292519943295,0.9,-0.3664202541133422
0.0,0.026179938779914945,0.9,-0.5690763854338392
0.0,0.03490658503988659,0.9,-0.7970591353394089
0.008726646259971648,-0.03490658503988659,0.9,1.017426979119774
0.008726646259971648,-0.026179938779914945,0.9,0.7415586565636214
0.008726646259971648,-0.017453292519943295,0.9,0.4732008185146601
0.008726646259971648,-0.008726646259971648,0.9,0.1761820108718477
0.008726646259971648,0.0,0.9,0.013727712992492036
0.008726646259971648,0.008726646259971648,0.9,-0.19400770493437625
0.008726646259971648,0.017453292519943295,0.9,-0.45486768854209547
0.008726646259971648,0.026179938779914945,0.9,-0.6786332799941217
0.008726646259971648,0.03490658503988659,0.9,-0.9093437036556675
0.017453292519943295,-0.03490658503988659,0.9,1.0072126019492806
0.017453292519943295,-0.026179938779914945,0.9,0.6931273896724464
0.017453292519943295,-0.017453292519943295,0.9,0.36188929102446865
0.017453292519943295,-0.008726646259971648,0.9,0.1416229252147263
0.017453292519943295,0.0,0.9,0.05365044262885325
0.017453292519943295,0.008726646259971648,0.9,-0.08257648036560972
0.017453292519943295,0.017453292519943295,0.9,-0.4204281526964051
0.017453292519943295,0.026179938779914945,0.9,-0.7186419686147545
0.017453292519943295,0.03490658503988659,0.9,-0.9848512898822617
0.026179938779914945,-0.03490658503988659,0.9,0.8604328484119046
0.026179938779914945,-0.026179938779914945,0.9,0.5597653788364725
0.026179938779914945,-0.017453292519943295,0.9,0.32959333986687467
0.026179938779914945,-0.008726646259971648,0.9,0.18344437596926233
0.026179938779914945,0.0,0.9,0.11626229821458782
0.026179938779914945,0.008726646259971648,0.9,-0.011565118166872557
0.026179938779914945,0.017453292519943295,0.9,-0.2868677754561695
0.026179938779914945,0.026179938779914945,0.9,-0.6865455739841462
0.026179938779914945,0.03490658503988659,0.9,-1.0132539697144733
0.03490658503988659,-0.03490658503988659,0.9,0.7621745870196364
0.03490658503988659,-0.026179938779914945,0.9,0.5421984521004464
0.03490658503988659,-0.017453292519943295,0.9,0.37204541769230604
0.03490658503988659,-0.008726646259971648,0.9,0.2609491743165486
0.03490658503988659,0.0,0.9,0.19604792272629917
0.03490658503988659,0.008726646259971648,0.9,0.06309894246310499
0.03490658503988659,0.017453292519943295,0.9,-0.17443387230213236
0.03490658503988659,0.026179938779914945,0.9,-0.5880160078583323
0.03490658503988659,0.03490658503988659,0.9,-0.9959558455806796
-0.03490658503988659,-0.03490658503988659,1,0.8362028794462932
-0.03490658503988659,-0.026179938779914945,1,0.6999558015552858
-0.03490658503988659,-0.017453292519943295,1,0.6155651121837238
-0.03490658503988659,-0.008726646259971648,1,0.42233532782940264
-0.03490658503988659,0.0,1,0.1749895664160101
-0.03490658503988659,0.008726646259971648,1,-0.13620514743202938
-0.03490658503988659,0.017453292519943295,1,-0.4541721341236733
-0.03490658503988659,0.026179938779914945,1,-0.777339437120601
-0.03490658503988659,0.03490658503988659,1,-1.1118914536476998
-0.026179938779914945,-0.03490658503988659,1,0.8236674502278793
-0.026179938779914945,-0.026179938779914945,1,0.6152517636945078
-0.026179938779914945,-0.017453292519943295,1,0.5155578256160478
-0.026179938779914945,-0.008726646259971648,1,0.355760054532003
-0.026179938779914945,0.0,1,0.1036162144870543
-0.026179938779914945,0.008726646259971648,1,-0.20568024410426666
-0.026179938779914945,0.017453292519943295,1,-0.49302942280474715
-0.026179938779914945,0.026179938779914945,1,-0.7645310468098159
-0.026179938779914945,0.03490658503988659,1,-1.027461011196202
-0.017453292519943295,-0.03490658503988659,1,0.8496906779493392
-0.017453292519943295,-0.026179938779914945,1,0.5891252578852182
-0.017453292519943295,-0.017453292519943295,1,0.3978899178785724
-0.017453292519943295,-0.008726646259971648,1,0.29262865389724
-0.017453292519943295,0.0,1,0.04773407684661413
-0.017453292519943295,0.008726646259971648,1,-0.24379360853988286
-0.017453292519943295,0.017453292519943295,1,-0.46670475646078113
-0.017453292519943295,0.026179938779914945,1,-0.6470633672598631
-0.017453292519943295,0.03490658503988659,1,-0.8951793292119934
-0.008726646259971648,-0.03490658503988659,1,0.916432132497383
-0.008726646259971648,-0.026179938779914945,1,0.624797409993909
-0.008726646259971648,-0.017453292519943295,1,0.36878504855360816
-0.008726646259971648,-0.008726646259971648,1,0.1936525977935979
-0.008726646259971648,0.0,1,0.0121935880518779
-0.008726646259971648,0.008726646259971648,1,-0.21457097603675002
-0.008726646259971648,0.017453292519943295,1,-0.3678499976771572
-0.008726646259971648,0.026179938779914945,1,-0.6030831882921938
-0.008726646259971648,0.03490658503988659,1,-0.8850757393236385
0.0,-0.03490658503988659,1,1.0140572259362195
0.0,-0.026179938779914945,1,0.7200807294426362
0.0,-0.017453292519943295,1,0.44598228457963035
0.0,-0.008726646259971648,1,0.2058912605879851
0.0,0.0,1,-0.0
0.0,0.008726646259971648,1,-0.20242246272738149
0.0,0.017453292519943295,1,-0.4193307147092547
0.0,0.026179938779914945,1,-0.6621302012786666
0.0,0.03490658503988659,1,-0.9397701572552759
0.008726646259971648,-0.03490658503988659,1,1.068751643867857
0.008726646259971648,-0.026179938779914945,1,0.7791277424291092
0.008726646259971648,-0.017453292519943295,1,0.49746300161172785
0.008726646259971648,-0.008726646259971648,1,0.19374274727861662
0.008726646259971648,0.0,1,0.0121935880518779
0.008726646259971648,0.008726646259971648,1,-0.21466025286821888
0.008726646259971648,0.017453292519943295,1,-0.4965279507352769
0.008726646259971648,0.026179938779914945,1,-0.757413520727394
0.008726646259971648,0.03490658503988659,1,-1.0373952506941124
0.017453292519943295,-0.03490658503988659,1,1.0586515439291722
0.017453292519943295,-0.026179938779914945,1,0.7351449457666086
0.017453292519943295,-0.017453292519943295,1,0.3986082428281037
0.017453292519943295,-0.008726646259971648,1,0.16451924212193414
0.017453292519943295,0.0,1,0.04773407684661413
0.017453292519943295,0.008726646259971648,1,-0.1156850694181264
0.017453292519943295,0.017453292519943295,1,-0.46742482665095597
0.017453292519943295,0.026179938779914945,1,-0.7930856728360851
0.017453292519943295,0.03490658503988659,1,-1.1041367052421558
0.026179938779914945,-0.03490658503988659,1,0.9263698619449632
0.026179938779914945,-0.026179938779914945,1,0.6176772662166554
0.026179938779914945,-0.017453292519943295,1,0.3722835764841377
0.026179938779914945,-0.008726646259971648,1,0.2026326065575501
0.026179938779914945,0.0,1,0.1036162144870543
0.026179938779914945,0.008726646259971648,1,-0.052552796129813784
0.026179938779914945,0.017453292519943295,1,-0.3497577909689804
0.026179938779914945,0.026179938779914945,1,-0.766959167026795
0.026179938779914945,0.03490658503988659,1,-1.130159932963616
0.03490658503988659,-0.03490658503988659,1,0.841935929543796
0.03490658503988659,-0.026179938779914945,1,0.6048688759058711
0.03490658503988659,-0.017453292519943295,1,0.41114086516521153
0.03490658503988659,-0.008726646259971648,1,0.27210857588333703
0.03490658503988659,0.0,1,0.1749895664160101
0.03490658503988659,0.008726646259971648,1,0.014022477167585867
0.03490658503988659,0.017453292519943295,1,-0.2497461418645175
0.03490658503988659,0.026179938779914945,1,-0.682255129166017
0.03490658503988659,0.03490658503988659,1,-1.1176245037452013
