alpha,beta,mach,Cl_r [1/rad]
-0.03490658503988659,-0.03490658503988659,0.01,0.0
-0.03490658503988659,-0.026179938779914945,0.01,0.082
-0.03490658503988659,-0.017453292519943295,0.01,0.2148
-0.03490658503988659,-0.008726646259971648,0.01,0.3904
-0.03490658503988659,0.0,0.01,-0.2671
-0.03490658503988659,0.008726646259971648,0.01,-0.1437
-0.03490658503988659,0.017453292519943295,0.01,-0.2587
-0.03490658503988659,0.026179938779914945,0.01,-0.1223
-0.03490658503988659,0.03490658503988659,0.01,0.0
-0.026179938779914945,-0.03490658503988659,0.01,-0.1223
-0.026179938779914945,-0.026179938779914945,0.01,0.0
-0.026179938779914945,-0.017453292519943295,0.01,0.1108
-0.026179938779914945,-0.008726646259971648,0.01,0.34
-0.026179938779914945,0.0,0.01,-0.1821
-0.026179938779914945,0.008726646259971648,0.01,-0.2459
-0.026179938779914945,0.017453292519943295,0.01,-0.1639
-0.026179938779914945,0.026179938779914945,0.01,0.0
-0.026179938779914945,0.03490658503988659,0.01,0.0821
-0.017453292519943295,-0.03490658503988659,0.01,-0.2587
-0.017453292519943295,-0.026179938779914945,0.01,-0.1639
-0.017453292519943295,-0.017453292519943295,0.01,0.0
-0.017453292519943295,-0.008726646259971648,0.01,0.2289
-0.017453292519943295,0.0,0.01,-0.1485
-0.017453292519943295,0.008726646259971648,0.01,-0.2615
-0.017453292519943295,0.017453292519943295,0.01,0.0
-0.017453292519943295,0.026179938779914945,0.01,0.1108
-0.017453292519943295,0.03490658503988659,0.01,0.2148
-0.008726646259971648,-0.03490658503988659,0.01,-0.1437
-0.008726646259971648,-0.026179938779914945,0.01,-0.2459
-0.008726646259971648,-0.017453292519943295,0.01,-0.2615
-0.008726646259971648,-0.008726646259971648,0.01,0.0
-0.008726646259971648,0.0,0.01,-0.1253
-0.008726646259971648,0.008726646259971648,0.01,0.0
-0.008726646259971648,0.017453292519943295,0.01,0.2289
-0.008726646259971648,0.026179938779914945,0.01,0.34
-0.008726646259971648,0.03490658503988659,0.01,0.3903
0.0,-0.03490658503988659,0.01,0.2671
0.0,-0.026179938779914945,0.01,0.1821
0.0,-0.017453292519943295,0.01,0.1486
0.0,-0.008726646259971648,0.01,0.1253
0.0,0.0,0.01,-0.0
0.0,0.008726646259971648,0.01,0.1252
0.0,0.017453292519943295,0.01,0.1486
0.0,0.026179938779914945,0.01,0.1821
0.0,0.03490658503988659,0.01,0.2671
0.008726646259971648,-0.03490658503988659,0.01,0.3903
0.008726646259971648,-0.026179938779914945,0.01,0.34
0.008726646259971648,-0.017453292519943295,0.01,0.2289
0.008726646259971648,-0.008726646259971648,0.01,0.0
0.008726646259971648,0.0,0.01,0.1253
0.008726646259971648,0.008726646259971648,0.01,0.0
0.008726646259971648,0.017453292519943295,0.01,-0.2615
0.008726646259971648,0.026179938779914945,0.01,-0.2459
0.008726646259971648,0.03490658503988659,0.01,-0.1437
0.017453292519943295,-0.03490658503988659,0.01,0.2148
0.017453292519943295,-0.026179938779914945,0.01,0.1108
0.017453292519943295,-0.017453292519943295,0.01,0.0
0.017453292519943295,-0.008726646259971648,0.01,-0.2615
0.017453292519943295,0.0,0.01,0.1486
0.017453292519943295,0.008726646259971648,0.01,0.2289
0.017453292519943295,0.017453292519943295,0.01,0.0
0.017453292519943295,0.026179938779914945,0.01,-0.1639
0.017453292519943295,0.03490658503988659,0.01,-0.2587
0.026179938779914945,-0.03490658503988659,0.01,0.082
0.026179938779914945,-0.026179938779914945,0.01,0.0
0.026179938779914945,-0.017453292519943295,0.01,-0.1639
0.026179938779914945,-0.008726646259971648,0.01,-0.2459
0.026179938779914945,0.0,0.01,0.1821
0.026179938779914945,0.008726646259971648,0.01,0.34
0.026179938779914945,0.017453292519943295,0.01,0.1108
0.026179938779914945,0.026179938779914945,0.01,0.0
0.026179938779914945,0.03490658503988659,0.01,-0.1223
0.03490658503988659,-0.03490658503988659,0.01,0.0
0.03490658503988659,-0.026179938779914945,0.01,-0.1223
0.03490658503988659,-0.017453292519943295,0.01,-0.2587
0.03490658503988659,-0.008726646259971648,0.01,-0.1437
0.03490658503988659,0.0,0.01,0.2671
0.03490658503988659,0.008726646259971648,0.01,0.3904
0.03490658503988659,0.017453292519943295,0.01,0.2148
0.03490658503988659,0.026179938779914945,0.01,0.082
0.03490658503988659,0.03490658503988659,0.01,0.0
-0.03490658503988659,-0.03490658503988659,0.1,0.0
-0.03490658503988659,-0.026179938779914945,0.1,0.0687
-0.03490658503988659,-0.017453292519943295,0.1,0.1874
-0.03490658503988659,-0.008726646259971648,0.1,0.3489
-0.03490658503988659,0.0,0.1,-0.2351
-0.03490658503988659,0.008726646259971648,0.1,-0.1234
-0.03490658503988659,0.017453292519943295,0.1,-0.2307
-0.03490658503988659,0.026179938779914945,0.1,-0.1089
-0.03490658503988659,0.03490658503988659,0.1,0.0
-0.026179938779914945,-0.03490658503988659,0.1,-0.1089
-0.026179938779914945,-0.026179938779914945,0.1,0.0
-0.026179938779914945,-0.017453292519943295,0.1,0.0929
-0.026179938779914945,-0.008726646259971648,0.1,0.3031
-0.026179938779914945,0.0,0.1,-0.1588
-0.026179938779914945,0.008726646259971648,0.1,-0.2197
-0.026179938779914945,0.017453292519943295,0.1,-0.1461
-0.026179938779914945,0.026179938779914945,0.1,0.0
-0.026179938779914945,0.03490658503988659,0.1,0.0686
-0.017453292519943295,-0.03490658503988659,0.1,-0.2307
-0.017453292519943295,-0.026179938779914945,0.1,-0.1461
-0.017453292519943295,-0.017453292519943295,0.1,0.0
-0.017453292519943295,-0.008726646259971648,0.1,0.2035
-0.017453292519943295,0.0,0.1,-0.1265
-0.017453292519943295,0.008726646259971648,0.1,-0.234
-0.017453292519943295,0.017453292519943295,0.1,0.0
-0.017453292519943295,0.026179938779914945,0.1,0.0929
-0.017453292519943295,0.03490658503988659,0.1,0.1874
-0.008726646259971648,-0.03490658503988659,0.1,-0.1234
-0.008726646259971648,-0.026179938779914945,0.1,-0.2197
-0.008726646259971648,-0.017453292519943295,0.1,-0.234
-0.008726646259971648,-0.008726646259971648,0.1,0.0
-0.008726646259971648,0.0,0.1,-0.1044
-0.008726646259971648,0.008726646259971648,0.1,0.0
-0.008726646259971648,0.017453292519943295,0.1,0.2035
-0.008726646259971648,0.026179938779914945,0.1,0.3031
-0.008726646259971648,0.03490658503988659,0.1,0.3488
0.0,-0.03490658503988659,0.1,0.2351
0.0,-0.026179938779914945,0.1,0.1588
0.0,-0.017453292519943295,0.1,0.1265
0.0,-0.008726646259971648,0.1,0.1043
0.0,0.0,0.1,0.0
0.0,0.008726646259971648,0.1,0.1043
0.0,0.017453292519943295,0.1,0.1265
0.0,0.026179938779914945,0.1,0.1588
0.0,0.03490658503988659,0.1,0.2351
0.008726646259971648,-0.03490658503988659,0.1,0.3488
0.008726646259971648,-0.026179938779914945,0.1,0.3031
0.008726646259971648,-0.017453292519943295,0.1,0.2035
0.008726646259971648,-0.008726646259971648,0.1,0.0
0.008726646259971648,0.0,0.1,0.1044
0.008726646259971648,0.008726646259971648,0.1,0.0
0.008726646259971648,0.017453292519943295,0.1,-0.234
0.008726646259971648,0.026179938779914945,0.1,-0.2197
0.008726646259971648,0.03490658503988659,0.1,-0.1234
0.017453292519943295,-0.03490658503988659,0.1,0.1874
0.017453292519943295,-0.026179938779914945,0.1,0.0929
0.017453292519943295,-0.017453292519943295,0.1,0.0
0.017453292519943295,-0.008726646259971648,0.1,-0.234
0.017453292519943295,0.0,0.1,0.1265
0.017453292519943295,0.008726646259971648,0.1,0.2035
0.017453292519943295,0.017453292519943295,0.1,0.0
0.017453292519943295,0.026179938779914945,0.1,-0.1461
0.017453292519943295,0.03490658503988659,0.1,-0.2307
0.026179938779914945,-0.03490658503988659,0.1,0.0686
0.026179938779914945,-0.026179938779914945,0.1,0.0
0.026179938779914945,-0.017453292519943295,0.1,-0.1461
0.026179938779914945,-0.008726646259971648,0.1,-0.2197
0.026179938779914945,0.0,0.1,0.1588
0.026179938779914945,0.008726646259971648,0.1,0.3031
0.026179938779914945,0.017453292519943295,0.1,0.0929
0.026179938779914945,0.026179938779914945,0.1,0.0
0.026179938779914945,0.03490658503988659,0.1,-0.1089
0.03490658503988659,-0.03490658503988659,0.1,0.0
0.03490658503988659,-0.026179938779914945,0.1,-0.1089
0.03490658503988659,-0.017453292519943295,0.1,-0.2307
0.03490658503988659,-0.008726646259971648,0.1,-0.1234
0.03490658503988659,0.0,0.1,0.2351
0.03490658503988659,0.008726646259971648,0.1,0.3489
0.03490658503988659,0.017453292519943295,0.1,0.1874
0.03490658503988659,0.026179938779914945,0.1,0.0686
0.03490658503988659,0.03490658503988659,0.1,0.0
-0.03490658503988659,-0.03490658503988659,0.2,0.0
-0.03490658503988659,-0.026179938779914945,0.2,0.055
-0.03490658503988659,-0.017453292519943295,0.2,0.1591
-0.03490658503988659,-0.008726646259971648,0.2,0.3042
-0.03490658503988659,0.0,0.2,-0.1991
-0.03490658503988659,0.008726646259971648,0.2,-0.1029
-0.03490658503988659,0.017453292519943295,0.2,-0.1989
-0.03490658503988659,0.026179938779914945,0.2,-0.0948
-0.03490658503988659,0.03490658503988659,0.2,0.0
-0.026179938779914945,-0.03490658503988659,0.2,-0.0948
-0.026179938779914945,-0.026179938779914945,0.2,0.0
-0.026179938779914945,-0.017453292519943295,0.2,0.0747
-0.026179938779914945,-0.008726646259971648,0.2,0.2639
-0.026179938779914945,0.0,0.2,-0.1352
-0.026179938779914945,0.008726646259971648,0.2,-0.1901
-0.026179938779914945,0.017453292519943295,0.2,-0.1272
-0.026179938779914945,0.026179938779914945,0.2,0.0
-0.026179938779914945,0.03490658503988659,0.2,0.055
-0.017453292519943295,-0.03490658503988659,0.2,-0.1989
-0.017453292519943295,-0.026179938779914945,0.2,-0.1272
-0.017453292519943295,-0.017453292519943295,0.2,0.0
-0.017453292519943295,-0.008726646259971648,0.2,0.1773
-0.017453292519943295,0.0,0.2,-0.1047
-0.017453292519943295,0.008726646259971648,0.2,-0.2039
-0.017453292519943295,0.017453292519943295,0.2,0.0
-0.017453292519943295,0.026179938779914945,0.2,0.0746
-0.017453292519943295,0.03490658503988659,0.2,0.1591
-0.008726646259971648,-0.03490658503988659,0.2,-0.103
-0.008726646259971648,-0.026179938779914945,0.2,-0.1901
-0.008726646259971648,-0.017453292519943295,0.2,-0.2039
-0.008726646259971648,-0.008726646259971648,0.2,0.0
-0.008726646259971648,0.0,0.2,-0.0828
-0.008726646259971648,0.008726646259971648,0.2,0.0
-0.008726646259971648,0.017453292519943295,0.2,0.1773
-0.008726646259971648,0.026179938779914945,0.2,0.2639
-0.008726646259971648,0.03490658503988659,0.2,0.3042
0.0,-0.03490658503988659,0.2,0.1991
0.0,-0.026179938779914945,0.2,0.1352
0.0,-0.017453292519943295,0.2,0.1047
0.0,-0.008726646259971648,0.2,0.0828
0.0,0.0,0.2,-0.0
0.0,0.008726646259971648,0.2,0.0828
0.0,0.017453292519943295,0.2,0.1047
0.0,0.026179938779914945,0.2,0.1352
0.0,0.03490658503988659,0.2,0.1991
0.008726646259971648,-0.03490658503988659,0.2,0.3042
0.008726646259971648,-0.026179938779914945,0.2,0.2639
0.008726646259971648,-0.017453292519943295,0.2,0.1773
0.008726646259971648,-0.008726646259971648,0.2,0.0
0.008726646259971648,0.0,0.2,0.0828
0.008726646259971648,0.008726646259971648,0.2,0.0
0.008726646259971648,0.017453292519943295,0.2,-0.2039
0.008726646259971648,0.026179938779914945,0.2,-0.1901
0.008726646259971648,0.03490658503988659,0.2,-0.103
0.017453292519943295,-0.03490658503988659,0.2,0.1591
0.017453292519943295,-0.026179938779914945,0.2,0.0746
0.017453292519943295,-0.017453292519943295,0.2,0.0
0.017453292519943295,-0.008726646259971648,0.2,-0.2039
0.017453292519943295,0.0,0.2,0.1047
0.017453292519943295,0.008726646259971648,0.2,0.1773
0.017453292519943295,0.017453292519943295,0.2,0.0
0.017453292519943295,0.026179938779914945,0.2,-0.1272
0.017453292519943295,0.03490658503988659,0.2,-0.1989
0.026179938779914945,-0.03490658503988659,0.2,0.055
0.026179938779914945,-0.026179938779914945,0.2,0.0
0.026179938779914945,-0.017453292519943295,0.2,-0.1272
0.026179938779914945,-0.008726646259971648,0.2,-0.1901
0.026179938779914945,0.0,0.2,0.1352
0.026179938779914945,0.008726646259971648,0.2,0.2639
0.026179938779914945,0.017453292519943295,0.2,0.0746
0.026179938779914945,0.026179938779914945,0.2,0.0
0.026179938779914945,0.03490658503988659,0.2,-0.0948
0.03490658503988659,-0.03490658503988659,0.2,0.0
0.03490658503988659,-0.026179938779914945,0.2,-0.0948
0.03490658503988659,-0.017453292519943295,0.2,-0.1989
0.03490658503988659,-0.008726646259971648,0.2,-0.1029
0.03490658503988659,0.0,0.2,0.1991
0.03490658503988659,0.008726646259971648,0.2,0.3042
0.03490658503988659,0.017453292519943295,0.2,0.1591
0.03490658503988659,0.026179938779914945,0.2,0.055
0.03490658503988659,0.03490658503988659,0.2,0.0
-0.03490658503988659,-0.03490658503988659,0.3,0.0
-0.03490658503988659,-0.026179938779914945,0.3,0.0434
-0.03490658503988659,-0.017453292519943295,0.3,0.1347
-0.03490658503988659,-0.008726646259971648,0.3,0.2633
-0.03490658503988659,0.0,0.3,-0.1639
-0.03490658503988659,0.008726646259971648,0.3,-0.0855
-0.03490658503988659,0.017453292519943295,0.3,-0.168
-0.03490658503988659,0.026179938779914945,0.3,-0.0822
-0.03490658503988659,0.03490658503988659,0.3,0.0
-0.026179938779914945,-0.03490658503988659,0.3,-0.0822
-0.026179938779914945,-0.026179938779914945,0.3,0.0
-0.026179938779914945,-0.017453292519943295,0.3,0.0592
-0.026179938779914945,-0.008726646259971648,0.3,0.2285
-0.026179938779914945,0.0,0.3,-0.1153
-0.026179938779914945,0.008726646259971648,0.3,-0.1619
-0.026179938779914945,0.017453292519943295,0.3,-0.1101
-0.026179938779914945,0.026179938779914945,0.3,0.0
-0.026179938779914945,0.03490658503988659,0.3,0.0434
-0.017453292519943295,-0.03490658503988659,0.3,-0.168
-0.017453292519943295,-0.026179938779914945,0.3,-0.1101
-0.017453292519943295,-0.017453292519943295,0.3,0.0
-0.017453292519943295,-0.008726646259971648,0.3,0.1547
-0.017453292519943295,0.0,0.3,-0.0863
-0.017453292519943295,0.008726646259971648,0.3,-0.1758
-0.017453292519943295,0.017453292519943295,0.3,0.0
-0.017453292519943295,0.026179938779914945,0.3,0.0592
-0.017453292519943295,0.03490658503988659,0.3,0.1347
-0.008726646259971648,-0.03490658503988659,0.3,-0.0855
-0.008726646259971648,-0.026179938779914945,0.3,-0.1619
-0.008726646259971648,-0.017453292519943295,0.3,-0.1758
-0.008726646259971648,-0.008726646259971648,0.3,0.0
-0.008726646259971648,0.0,0.3,-0.0633
-0.008726646259971648,0.008726646259971648,0.3,0.0
-0.008726646259971648,0.017453292519943295,0.3,0.1547
-0.008726646259971648,0.026179938779914945,0.3,0.2285
-0.008726646259971648,0.03490658503988659,0.3,0.2633
0.0,-0.03490658503988659,0.3,0.1639
0.0,-0.026179938779914945,0.3,0.1153
0.0,-0.017453292519943295,0.3,0.0863
0.0,-0.008726646259971648,0.3,0.0633
0.0,0.0,0.3,-0.0
0.0,0.008726646259971648,0.3,0.0633
0.0,0.017453292519943295,0.3,0.0863
0.0,0.026179938779914945,0.3,0.1153
0.0,0.03490658503988659,0.3,0.1639
0.008726646259971648,-0.03490658503988659,0.3,0.2633
0.008726646259971648,-0.026179938779914945,0.3,0.2285
0.008726646259971648,-0.017453292519943295,0.3,0.1547
0.008726646259971648,-0.008726646259971648,0.3,0.0
0.008726646259971648,0.0,0.3,0.0633
0.008726646259971648,0.008726646259971648,0.3,0.0
0.008726646259971648,0.017453292519943295,0.3,-0.1758
0.008726646259971648,0.026179938779914945,0.3,-0.1619
0.008726646259971648,0.03490658503988659,0.3,-0.0855
0.017453292519943295,-0.03490658503988659,0.3,0.1347
0.017453292519943295,-0.026179938779914945,0.3,0.0592
0.017453292519943295,-0.017453292519943295,0.3,0.0
0.017453292519943295,-0.008726646259971648,0.3,-0.1758
0.017453292519943295,0.0,0.3,0.0863
0.017453292519943295,0.008726646259971648,0.3,0.1547
0.017453292519943295,0.017453292519943295,0.3,0.0
0.017453292519943295,0.026179938779914945,0.3,-0.1101
0.017453292519943295,0.03490658503988659,0.3,-0.168
0.026179938779914945,-0.03490658503988659,0.3,0.0434
0.026179938779914945,-0.026179938779914945,0.3,0.0
0.026179938779914945,-0.017453292519943295,0.3,-0.1101
0.026179938779914945,-0.008726646259971648,0.3,-0.1619
0.026179938779914945,0.0,0.3,0.1153
0.026179938779914945,0.008726646259971648,0.3,0.2285
0.026179938779914945,0.017453292519943295,0.3,0.0592
0.026179938779914945,0.026179938779914945,0.3,0.0
0.026179938779914945,0.03490658503988659,0.3,-0.0822
0.03490658503988659,-0.03490658503988659,0.3,0.0
0.03490658503988659,-0.026179938779914945,0.3,-0.0822
0.03490658503988659,-0.017453292519943295,0.3,-0.168
0.03490658503988659,-0.008726646259971648,0.3,-0.0855
0.03490658503988659,0.0,0.3,0.1639
0.03490658503988659,0.008726646259971648,0.3,0.2633
0.03490658503988659,0.017453292519943295,0.3,0.1347
0.03490658503988659,0.026179938779914945,0.3,0.0434
0.03490658503988659,0.03490658503988659,0.3,0.0
-0.03490658503988659,-0.03490658503988659,0.4,0.0
-0.03490658503988659,-0.026179938779914945,0.4,0.0342
-0.03490658503988659,-0.017453292519943295,0.4,0.1157
-0.03490658503988659,-0.008726646259971648,0.4,0.2269
-0.03490658503988659,0.0,0.4,-0.1338
-0.03490658503988659,0.008726646259971648,0.4,-0.0709
-0.03490658503988659,0.017453292519943295,0.4,-0.1394
-0.03490658503988659,0.026179938779914945,0.4,-0.0712
-0.03490658503988659,0.03490658503988659,0.4,0.0
-0.026179938779914945,-0.03490658503988659,0.4,-0.0712
-0.026179938779914945,-0.026179938779914945,0.4,0.0
-0.026179938779914945,-0.017453292519943295,0.4,0.0467
-0.026179938779914945,-0.008726646259971648,0.4,0.1975
-0.026179938779914945,0.0,0.4,-0.0992
-0.026179938779914945,0.008726646259971648,0.4,-0.1368
-0.026179938779914945,0.017453292519943295,0.4,-0.0953
-0.026179938779914945,0.026179938779914945,0.4,0.0
-0.026179938779914945,0.03490658503988659,0.4,0.0342
-0.017453292519943295,-0.03490658503988659,0.4,-0.1394
-0.017453292519943295,-0.026179938779914945,0.4,-0.0952
-0.017453292519943295,-0.017453292519943295,0.4,0.0
-0.017453292519943295,-0.008726646259971648,0.4,0.1362
-0.017453292519943295,0.0,0.4,-0.071
-0.017453292519943295,0.008726646259971648,0.4,-0.1504
-0.017453292519943295,0.017453292519943295,0.4,0.0
-0.017453292519943295,0.026179938779914945,0.4,0.0467
-0.017453292519943295,0.03490658503988659,0.4,0.1157
-0.008726646259971648,-0.03490658503988659,0.4,-0.0709
-0.008726646259971648,-0.026179938779914945,0.4,-0.1368
-0.008726646259971648,-0.017453292519943295,0.4,-0.1504
-0.008726646259971648,-0.008726646259971648,0.4,0.0
-0.008726646259971648,0.0,0.4,-0.0456
-0.008726646259971648,0.008726646259971648,0.4,0.0
-0.008726646259971648,0.017453292519943295,0.4,0.1362
-0.008726646259971648,0.026179938779914945,0.4,0.1975
-0.008726646259971648,0.03490658503988659,0.4,0.2269
0.0,-0.03490658503988659,0.4,0.1338
0.0,-0.026179938779914945,0.4,0.0992
0.0,-0.017453292519943295,0.4,0.071
0.0,-0.008726646259971648,0.4,0.0456
0.0,0.0,0.4,-0.0
0.0,0.008726646259971648,0.4,0.0456
0.0,0.017453292519943295,0.4,0.071
0.0,0.026179938779914945,0.4,0.0992
0.0,0.03490658503988659,0.4,0.1338
0.008726646259971648,-0.03490658503988659,0.4,0.2269
0.008726646259971648,-0.026179938779914945,0.4,0.1975
0.008726646259971648,-0.017453292519943295,0.4,0.1362
0.008726646259971648,-0.008726646259971648,0.4,0.0
0.008726646259971648,0.0,0.4,0.0456
0.008726646259971648,0.008726646259971648,0.4,0.0
0.008726646259971648,0.017453292519943295,0.4,-0.1504
0.008726646259971648,0.026179938779914945,0.4,-0.1368
0.008726646259971648,0.03490658503988659,0.4,-0.0709
0.017453292519943295,-0.03490658503988659,0.4,0.1157
0.017453292519943295,-0.026179938779914945,0.4,0.0467
0.017453292519943295,-0.017453292519943295,0.4,0.0
0.017453292519943295,-0.008726646259971648,0.4,-0.1504
0.017453292519943295,0.0,0.4,0.071
0.017453292519943295,0.008726646259971648,0.4,0.1362
0.017453292519943295,0.017453292519943295,0.4,0.0
0.017453292519943295,0.026179938779914945,0.4,-0.0953
0.017453292519943295,0.03490658503988659,0.4,-0.1394
0.026179938779914945,-0.03490658503988659,0.4,0.0341
0.026179938779914945,-0.026179938779914945,0.4,0.0
0.026179938779914945,-0.017453292519943295,0.4,-0.0953
0.026179938779914945,-0.008726646259971648,0.4,-0.1368
0.026179938779914945,0.0,0.4,0.0992
0.026179938779914945,0.008726646259971648,0.4,0.1975
0.026179938779914945,0.017453292519943295,0.4,0.0467
0.026179938779914945,0.026179938779914945,0.4,0.0
0.026179938779914945,0.03490658503988659,0.4,-0.0712
0.03490658503988659,-0.03490658503988659,0.4,0.0
0.03490658503988659,-0.026179938779914945,0.4,-0.0712
0.03490658503988659,-0.017453292519943295,0.4,-0.1394
0.03490658503988659,-0.008726646259971648,0.4,-0.0709
0.03490658503988659,0.0,0.4,0.1338
0.03490658503988659,0.008726646259971648,0.4,0.2269
0.03490658503988659,0.017453292519943295,0.4,0.1157
0.03490658503988659,0.026179938779914945,0.4,0.0341
0.03490658503988659,0.03490658503988659,0.4,0.0
-0.03490658503988659,-0.03490658503988659,0.5,0.0
-0.03490658503988659,-0.026179938779914945,0.5,0.0267
-0.03490658503988659,-0.017453292519943295,0.5,0.1004
-0.03490658503988659,-0.008726646259971648,0.5,0.1968
-0.03490658503988659,0.0,0.5,-0.1166
-0.03490658503988659,0.008726646259971648,0.5,-0.0585
-0.03490658503988659,0.017453292519943295,0.5,-0.1165
-0.03490658503988659,0.026179938779914945,0.5,-0.062
-0.03490658503988659,0.03490658503988659,0.5,0.0
-0.026179938779914945,-0.03490658503988659,0.5,-0.062
-0.026179938779914945,-0.026179938779914945,0.5,0.0
-0.026179938779914945,-0.017453292519943295,0.5,0.0366
-0.026179938779914945,-0.008726646259971648,0.5,0.1717
-0.026179938779914945,0.0,0.5,-0.087
-0.026179938779914945,0.008726646259971648,0.5,-0.1185
-0.026179938779914945,0.017453292519943295,0.5,-0.0828
-0.026179938779914945,0.026179938779914945,0.5,0.0
-0.026179938779914945,0.03490658503988659,0.5,0.0267
-0.017453292519943295,-0.03490658503988659,0.5,-0.1165
-0.017453292519943295,-0.026179938779914945,0.5,-0.0828
-0.017453292519943295,-0.017453292519943295,0.5,0.0
-0.017453292519943295,-0.008726646259971648,0.5,0.1213
-0.017453292519943295,0.0,0.5,-0.0574
-0.017453292519943295,0.008726646259971648,0.5,-0.1298
-0.017453292519943295,0.017453292519943295,0.5,0.0
-0.017453292519943295,0.026179938779914945,0.5,0.0366
-0.017453292519943295,0.03490658503988659,0.5,0.1004
-0.008726646259971648,-0.03490658503988659,0.5,-0.0585
-0.008726646259971648,-0.026179938779914945,0.5,-0.1185
-0.008726646259971648,-0.017453292519943295,0.5,-0.1298
-0.008726646259971648,-0.008726646259971648,0.5,0.0
-0.008726646259971648,0.0,0.5,-0.0283
-0.008726646259971648,0.008726646259971648,0.5,0.0
-0.008726646259971648,0.017453292519943295,0.5,0.1213
-0.008726646259971648,0.026179938779914945,0.5,0.1717
-0.008726646259971648,0.03490658503988659,0.5,0.1968
0.0,-0.03490658503988659,0.5,0.1166
0.0,-0.026179938779914945,0.5,0.087
0.0,-0.017453292519943295,0.5,0.0574
0.0,-0.008726646259971648,0.5,0.0283
0.0,0.0,0.5,0.0
0.0,0.008726646259971648,0.5,0.0283
0.0,0.017453292519943295,0.5,0.0574
0.0,0.026179938779914945,0.5,0.087
0.0,0.03490658503988659,0.5,0.1166
0.008726646259971648,-0.03490658503988659,0.5,0.1968
0.008726646259971648,-0.026179938779914945,0.5,0.1717
0.008726646259971648,-0.017453292519943295,0.5,0.1213
0.008726646259971648,-0.008726646259971648,0.5,0.0
0.008726646259971648,0.0,0.5,0.0283
0.008726646259971648,0.008726646259971648,0.5,0.0
0.008726646259971648,0.017453292519943295,0.5,-0.1298
0.008726646259971648,0.026179938779914945,0.5,-0.1185
0.008726646259971648,0.03490658503988659,0.5,-0.0585
0.017453292519943295,-0.03490658503988659,0.5,0.1004
0.017453292519943295,-0.026179938779914945,0.5,0.0366
0.017453292519943295,-0.017453292519943295,0.5,0.0
0.017453292519943295,-0.008726646259971648,0.5,-0.1298
0.017453292519943295,0.0,0.5,0.0574
0.017453292519943295,0.008726646259971648,0.5,0.1213
0.017453292519943295,0.017453292519943295,0.5,0.0
0.017453292519943295,0.026179938779914945,0.5,-0.0828
0.017453292519943295,0.03490658503988659,0.5,-0.1165
0.026179938779914945,-0.03490658503988659,0.5,0.0267
0.026179938779914945,-0.026179938779914945,0.5,0.0
0.026179938779914945,-0.017453292519943295,0.5,-0.0828
0.026179938779914945,-0.008726646259971648,0.5,-0.1185
0.026179938779914945,0.0,0.5,0.087
0.026179938779914945,0.008726646259971648,0.5,0.1717
0.026179938779914945,0.017453292519943295,0.5,0.0366
0.026179938779914945,0.026179938779914945,0.5,0.0
0.026179938779914945,0.03490658503988659,0.5,-0.062
0.03490658503988659,-0.03490658503988659,0.5,0.0
0.03490658503988659,-0.026179938779914945,0.5,-0.062
0.03490658503988659,-0.017453292519943295,0.5,-0.1165
0.03490658503988659,-0.008726646259971648,0.5,-0.0585
0.03490658503988659,0.0,0.5,0.1166
0.03490658503988659,0.008726646259971648,0.5,0.1968
0.03490658503988659,0.017453292519943295,0.5,0.1004
0.03490658503988659,0.026179938779914945,0.5,0.0267
0.03490658503988659,0.03490658503988659,0.5,0.0
-0.03490658503988659,-0.03490658503988659,0.6,0.0
-0.03490658503988659,-0.026179938779914945,0.6,0.0213
-0.03490658503988659,-0.017453292519943295,0.6,0.0896
-0.03490658503988659,-0.008726646259971648,0.6,0.1789
-0.03490658503988659,0.0,0.6,-0.1082
-0.03490658503988659,0.008726646259971648,0.6,-0.0404
-0.03490658503988659,0.017453292519943295,0.6,-0.1064
-0.03490658503988659,0.026179938779914945,0.6,-0.0558
-0.03490658503988659,0.03490658503988659,0.6,0.0
-0.026179938779914945,-0.03490658503988659,0.6,-0.0558
-0.026179938779914945,-0.026179938779914945,0.6,0.0
-0.026179938779914945,-0.017453292519943295,0.6,0.0294
-0.026179938779914945,-0.008726646259971648,0.6,0.1554
-0.026179938779914945,0.0,0.6,-0.0704
-0.026179938779914945,0.008726646259971648,0.6,-0.1094
-0.026179938779914945,0.017453292519943295,0.6,-0.0748
-0.026179938779914945,0.026179938779914945,0.6,0.0
-0.026179938779914945,0.03490658503988659,0.6,0.0214
-0.017453292519943295,-0.03490658503988659,0.6,-0.1064
-0.017453292519943295,-0.026179938779914945,0.6,-0.0748
-0.017453292519943295,-0.017453292519943295,0.6,0.0
-0.017453292519943295,-0.008726646259971648,0.6,0.1119
-0.017453292519943295,0.0,0.6,-0.0355
-0.017453292519943295,0.008726646259971648,0.6,-0.1192
-0.017453292519943295,0.017453292519943295,0.6,0.0
-0.017453292519943295,0.026179938779914945,0.6,0.0294
-0.017453292519943295,0.03490658503988659,0.6,0.0897
-0.008726646259971648,-0.03490658503988659,0.6,-0.0404
-0.008726646259971648,-0.026179938779914945,0.6,-0.1094
-0.008726646259971648,-0.017453292519943295,0.6,-0.1192
-0.008726646259971648,-0.008726646259971648,0.6,0.0
-0.008726646259971648,0.0,0.6,-0.0048
-0.008726646259971648,0.008726646259971648,0.6,0.0
-0.008726646259971648,0.017453292519943295,0.6,0.1119
-0.008726646259971648,0.026179938779914945,0.6,0.1554
-0.008726646259971648,0.03490658503988659,0.6,0.1789
0.0,-0.03490658503988659,0.6,0.1081
0.0,-0.026179938779914945,0.6,0.0704
0.0,-0.017453292519943295,0.6,0.0355
0.0,-0.008726646259971648,0.6,0.0047
0.0,0.0,0.6,0.0
0.0,0.008726646259971648,0.6,0.0048
0.0,0.017453292519943295,0.6,0.0355
0.0,0.026179938779914945,0.6,0.0704
0.0,0.03490658503988659,0.6,0.1081
0.008726646259971648,-0.03490658503988659,0.6,0.1789
0.008726646259971648,-0.026179938779914945,0.6,0.1554
0.008726646259971648,-0.017453292519943295,0.6,0.1119
0.008726646259971648,-0.008726646259971648,0.6,0.0
0.008726646259971648,0.0,0.6,0.0048
0.008726646259971648,0.008726646259971648,0.6,0.0
0.008726646259971648,0.017453292519943295,0.6,-0.1191
0.008726646259971648,0.026179938779914945,0.6,-0.1094
0.008726646259971648,0.03490658503988659,0.6,-0.0404
0.017453292519943295,-0.03490658503988659,0.6,0.0897
0.017453292519943295,-0.026179938779914945,0.6,0.0294
0.017453292519943295,-0.017453292519943295,0.6,0.0
0.017453292519943295,-0.008726646259971648,0.6,-0.1191
0.017453292519943295,0.0,0.6,0.0356
0.017453292519943295,0.008726646259971648,0.6,0.1119
0.017453292519943295,0.017453292519943295,0.6,0.0
0.017453292519943295,0.026179938779914945,0.6,-0.0748
0.017453292519943295,0.03490658503988659,0.6,-0.1064
0.026179938779914945,-0.03490658503988659,0.6,0.0213
0.026179938779914945,-0.026179938779914945,0.6,0.0
0.026179938779914945,-0.017453292519943295,0.6,-0.0748
0.026179938779914945,-0.008726646259971648,0.6,-0.1094
0.026179938779914945,0.0,0.6,0.0704
0.026179938779914945,0.008726646259971648,0.6,0.1554
0.026179938779914945,0.017453292519943295,0.6,0.0294
0.026179938779914945,0.026179938779914945,0.6,0.0
0.026179938779914945,0.03490658503988659,0.6,-0.0558
0.03490658503988659,-0.03490658503988659,0.6,0.0
0.03490658503988659,-0.026179938779914945,0.6,-0.0558
0.03490658503988659,-0.017453292519943295,0.6,-0.1064
0.03490658503988659,-0.008726646259971648,0.6,-0.0403
0.03490658503988659,0.0,0.6,0.1081
0.03490658503988659,0.008726646259971648,0.6,0.1789
0.03490658503988659,0.017453292519943295,0.6,0.0897
0.03490658503988659,0.026179938779914945,0.6,0.0213
0.03490658503988659,0.03490658503988659,0.6,0.0
-0.03490658503988659,-0.03490658503988659,0.7,0.0
-0.03490658503988659,-0.026179938779914945,0.7,0.0141
-0.03490658503988659,-0.017453292519943295,0.7,0.0715
-0.03490658503988659,-0.008726646259971648,0.7,0.135
-0.03490658503988659,0.0,0.7,-0.0745
-0.03490658503988659,0.008726646259971648,0.7,-0.0152
-0.03490658503988659,0.017453292519943295,0.7,-0.0735
-0.03490658503988659,0.026179938779914945,0.7,-0.0426
-0.03490658503988659,0.03490658503988659,0.7,0.0
-0.026179938779914945,-0.03490658503988659,0.7,-0.0426
-0.026179938779914945,-0.026179938779914945,0.7,-0.0
-0.026179938779914945,-0.017453292519943295,0.7,0.0198
-0.026179938779914945,-0.008726646259971648,0.7,0.1185
-0.026179938779914945,0.0,0.7,-0.0404
-0.026179938779914945,0.008726646259971648,0.7,-0.0758
-0.026179938779914945,0.017453292519943295,0.7,-0.0571
-0.026179938779914945,0.026179938779914945,0.7,0.0
-0.026179938779914945,0.03490658503988659,0.7,0.0141
-0.017453292519943295,-0.03490658503988659,0.7,-0.0736
-0.017453292519943295,-0.026179938779914945,0.7,-0.0571
-0.017453292519943295,-0.017453292519943295,0.7,0.0
-0.017453292519943295,-0.008726646259971648,0.7,0.0913
-0.017453292519943295,0.0,0.7,-0.0092
-0.017453292519943295,0.008726646259971648,0.7,-0.089
-0.017453292519943295,0.017453292519943295,0.7,0.0
-0.017453292519943295,0.026179938779914945,0.7,0.0198
-0.017453292519943295,0.03490658503988659,0.7,0.0715
-0.008726646259971648,-0.03490658503988659,0.7,-0.0152
-0.008726646259971648,-0.026179938779914945,0.7,-0.0758
-0.008726646259971648,-0.017453292519943295,0.7,-0.089
-0.008726646259971648,-0.008726646259971648,0.7,0.0
-0.008726646259971648,0.0,0.7,0.0184
-0.008726646259971648,0.008726646259971648,0.7,0.0
-0.008726646259971648,0.017453292519943295,0.7,0.0913
-0.008726646259971648,0.026179938779914945,0.7,0.1185
-0.008726646259971648,0.03490658503988659,0.7,0.135
0.0,-0.03490658503988659,0.7,0.0745
0.0,-0.026179938779914945,0.7,0.0404
0.0,-0.017453292519943295,0.7,0.0092
0.0,-0.008726646259971648,0.7,-0.0184
0.0,0.0,0.7,-0.0
0.0,0.008726646259971648,0.7,-0.0184
0.0,0.017453292519943295,0.7,0.0091
0.0,0.026179938779914945,0.7,0.0404
0.0,0.03490658503988659,0.7,0.0745
0.008726646259971648,-0.03490658503988659,0.7,0.135
0.008726646259971648,-0.026179938779914945,0.7,0.1185
0.008726646259971648,-0.017453292519943295,0.7,0.0913
0.008726646259971648,-0.008726646259971648,0.7,0.0
0.008726646259971648,0.0,0.7,-0.0184
0.008726646259971648,0.008726646259971648,0.7,0.0
0.008726646259971648,0.017453292519943295,0.7,-0.089
0.008726646259971648,0.026179938779914945,0.7,-0.0758
0.008726646259971648,0.03490658503988659,0.7,-0.0152
0.017453292519943295,-0.03490658503988659,0.7,0.0715
0.017453292519943295,-0.026179938779914945,0.7,0.0198
0.017453292519943295,-0.017453292519943295,0.7,0.0
0.017453292519943295,-0.008726646259971648,0.7,-0.089
0.017453292519943295,0.0,0.7,0.0091
0.017453292519943295,0.008726646259971648,0.7,0.0913
0.017453292519943295,0.017453292519943295,0.7,0.0
0.017453292519943295,0.026179938779914945,0.7,-0.0571
0.017453292519943295,0.03490658503988659,0.7,-0.0735
0.026179938779914945,-0.03490658503988659,0.7,0.0141
0.026179938779914945,-0.026179938779914945,0.7,0.0
0.026179938779914945,-0.017453292519943295,0.7,-0.0571
0.026179938779914945,-0.008726646259971648,0.7,-0.0758
0.026179938779914945,0.0,0.7,0.0404
0.026179938779914945,0.008726646259971648,0.7,0.1185
0.026179938779914945,0.017453292519943295,0.7,0.0198
0.026179938779914945,0.026179938779914945,0.7,0.0
0.026179938779914945,0.03490658503988659,0.7,-0.0426
0.03490658503988659,-0.03490658503988659,0.7,0.0
0.03490658503988659,-0.026179938779914945,0.7,-0.0426
0.03490658503988659,-0.017453292519943295,0.7,-0.0736
0.03490658503988659,-0.008726646259971648,0.7,-0.0152
0.03490658503988659,0.0,0.7,0.0745
0.03490658503988659,0.008726646259971648,0.7,0.135
0.03490658503988659,0.017453292519943295,0.7,0.0715
0.03490658503988659,0.026179938779914945,0.7,0.0141
0.03490658503988659,0.03490658503988659,0.7,0.0
-0.03490658503988659,-0.03490658503988659,0.8,0.0
-0.03490658503988659,-0.026179938779914945,0.8,-0.0006
-0.03490658503988659,-0.017453292519943295,0.8,0.0403
-0.03490658503988659,-0.008726646259971648,0.8,0.0829
-0.03490658503988659,0.0,0.8,-0.0386
-0.03490658503988659,0.008726646259971648,0.8,0.0122
-0.03490658503988659,0.017453292519943295,0.8,-0.0367
-0.03490658503988659,0.026179938779914945,0.8,-0.0262
-0.03490658503988659,0.03490658503988659,0.8,0.0
-0.026179938779914945,-0.03490658503988659,0.8,-0.0261
-0.026179938779914945,-0.026179938779914945,0.8,0.0
-0.026179938779914945,-0.017453292519943295,0.8,-0.0002
-0.026179938779914945,-0.008726646259971648,0.8,0.0729
-0.026179938779914945,0.0,0.8,-0.008
-0.026179938779914945,0.008726646259971648,0.8,-0.0388
-0.026179938779914945,0.017453292519943295,0.8,-0.0351
-0.026179938779914945,0.026179938779914945,0.8,0.0
-0.026179938779914945,0.03490658503988659,0.8,-0.0006
-0.017453292519943295,-0.03490658503988659,0.8,-0.0367
-0.017453292519943295,-0.026179938779914945,0.8,-0.0351
-0.017453292519943295,-0.017453292519943295,0.8,0.0
-0.017453292519943295,-0.008726646259971648,0.8,0.0621
-0.017453292519943295,0.0,0.8,0.0198
-0.017453292519943295,0.008726646259971648,0.8,-0.0541
-0.017453292519943295,0.017453292519943295,0.8,0.0
-0.017453292519943295,0.026179938779914945,0.8,-0.0003
-0.017453292519943295,0.03490658503988659,0.8,0.0404
-0.008726646259971648,-0.03490658503988659,0.8,0.0121
-0.008726646259971648,-0.026179938779914945,0.8,-0.0388
-0.008726646259971648,-0.017453292519943295,0.8,-0.054
-0.008726646259971648,-0.008726646259971648,0.8,0.0
-0.008726646259971648,0.0,0.8,0.044
-0.008726646259971648,0.008726646259971648,0.8,0.0
-0.008726646259971648,0.017453292519943295,0.8,0.0621
-0.008726646259971648,0.026179938779914945,0.8,0.0729
-0.008726646259971648,0.03490658503988659,0.8,0.0828
0.0,-0.03490658503988659,0.8,0.0386
0.0,-0.026179938779914945,0.8,0.008
0.0,-0.017453292519943295,0.8,-0.0198
0.0,-0.008726646259971648,0.8,-0.044
0.0,0.0,0.8,-0.0
0.0,0.008726646259971648,0.8,-0.044
0.0,0.017453292519943295,0.8,-0.0198
0.0,0.026179938779914945,0.8,0.0079
0.0,0.03490658503988659,0.8,0.0386
0.008726646259971648,-0.03490658503988659,0.8,0.0829
0.008726646259971648,-0.026179938779914945,0.8,0.0729
0.008726646259971648,-0.017453292519943295,0.8,0.0621
0.008726646259971648,-0.008726646259971648,0.8,0.0
0.008726646259971648,0.0,0.8,-0.044
0.008726646259971648,0.008726646259971648,0.8,0.0
0.008726646259971648,0.017453292519943295,0.8,-0.054
0.008726646259971648,0.026179938779914945,0.8,-0.0388
0.008726646259971648,0.03490658503988659,0.8,0.0121
0.017453292519943295,-0.03490658503988659,0.8,0.0404
0.017453292519943295,-0.026179938779914945,0.8,-0.0003
0.017453292519943295,-0.017453292519943295,0.8,0.0
0.017453292519943295,-0.008726646259971648,0.8,-0.054
0.017453292519943295,0.0,0.8,-0.0198
0.017453292519943295,0.008726646259971648,0.8,0.0621
0.017453292519943295,0.017453292519943295,0.8,0.0
0.017453292519943295,0.026179938779914945,0.8,-0.0351
0.017453292519943295,0.03490658503988659,0.8,-0.0367
0.026179938779914945,-0.03490658503988659,0.8,-0.0006
0.026179938779914945,-0.026179938779914945,0.8,0.0
0.026179938779914945,-0.017453292519943295,0.8,-0.0351
0.026179938779914945,-0.008726646259971648,0.8,-0.0388
0.026179938779914945,0.0,0.8,0.008
0.026179938779914945,0.008726646259971648,0.8,0.0729
0.026179938779914945,0.017453292519943295,0.8,-0.0003
0.026179938779914945,0.026179938779914945,0.8,0.0
0.026179938779914945,0.03490658503988659,0.8,-0.0262
0.03490658503988659,-0.03490658503988659,0.8,0.0
0.03490658503988659,-0.026179938779914945,0.8,-0.0261
0.03490658503988659,-0.017453292519943295,0.8,-0.0367
0.03490658503988659,-0.008726646259971648,0.8,0.0122
0.03490658503988659,0.0,0.8,0.0386
0.03490658503988659,0.008726646259971648,0.8,0.0829
0.03490658503988659,0.017453292519943295,0.8,0.0404
0.03490658503988659,0.026179938779914945,0.8,-0.0006
0.03490658503988659,0.03490658503988659,0.8,0.0
-0.03490658503988659,-0.03490658503988659,0.9,0.0
-0.03490658503988659,-0.026179938779914945,0.9,-0.0003
-0.03490658503988659,-0.017453292519943295,0.9,0.0388
-0.03490658503988659,-0.008726646259971648,0.9,0.0839
-0.03490658503988659,0.0,0.9,-0.0182
-0.03490658503988659,0.008726646259971648,0.9,0.0278
-0.03490658503988659,0.017453292519943295,0.9,-0.0275
-0.03490658503988659,0.026179938779914945,0.9,-0.0264
-0.03490658503988659,0.03490658503988659,0.9,0.0
-0.026179938779914945,-0.03490658503988659,0.9,-0.0264
-0.026179938779914945,-0.026179938779914945,0.9,0.0
-0.026179938779914945,-0.017453292519943295,0.9,0.0003
-0.026179938779914945,-0.008726646259971648,0.9,0.0739
-0.026179938779914945,0.0,0.9,0.0103
-0.026179938779914945,0.008726646259971648,0.9,-0.0188
-0.026179938779914945,0.017453292519943295,0.9,-0.0356
-0.026179938779914945,0.026179938779914945,0.9,0.0
-0.026179938779914945,0.03490658503988659,0.9,-0.0003
-0.017453292519943295,-0.03490658503988659,0.9,-0.0275
-0.017453292519943295,-0.026179938779914945,0.9,-0.0356
-0.017453292519943295,-0.017453292519943295,0.9,0.0
-0.017453292519943295,-0.008726646259971648,0.9,0.0667
-0.017453292519943295,0.0,0.9,0.036
-0.017453292519943295,0.008726646259971648,0.9,-0.0547
-0.017453292519943295,0.017453292519943295,0.9,0.0
-0.017453292519943295,0.026179938779914945,0.9,0.0003
-0.017453292519943295,0.03490658503988659,0.9,0.0388
-0.008726646259971648,-0.03490658503988659,0.9,0.0278
-0.008726646259971648,-0.026179938779914945,0.9,-0.0188
-0.008726646259971648,-0.017453292519943295,0.9,-0.0547
-0.008726646259971648,-0.008726646259971648,0.9,0.0
-0.008726646259971648,0.0,0.9,0.0586
-0.008726646259971648,0.008726646259971648,0.9,0.0
-0.008726646259971648,0.017453292519943295,0.9,0.0667
-0.008726646259971648,0.026179938779914945,0.9,0.0739
-0.008726646259971648,0.03490658503988659,0.9,0.0839
0.0,-0.03490658503988659,0.9,0.0182
0.0,-0.026179938779914945,0.9,-0.0103
0.0,-0.017453292519943295,0.9,-0.036
0.0,-0.008726646259971648,0.9,-0.0586
0.0,0.0,0.9,0.0
0.0,0.008726646259971648,0.9,-0.0586
0.0,0.017453292519943295,0.9,-0.036
0.0,0.026179938779914945,0.9,-0.0103
0.0,0.03490658503988659,0.9,0.0182
0.008726646259971648,-0.03490658503988659,0.9,0.0839
0.008726646259971648,-0.026179938779914945,0.9,0.0739
0.008726646259971648,-0.017453292519943295,0.9,0.0666
0.008726646259971648,-0.008726646259971648,0.9,0.0
0.008726646259971648,0.0,0.9,-0.0586
0.008726646259971648,0.008726646259971648,0.9,0.0
0.008726646259971648,0.017453292519943295,0.9,-0.0547
0.008726646259971648,0.026179938779914945,0.9,-0.0188
0.008726646259971648,0.03490658503988659,0.9,0.0278
0.017453292519943295,-0.03490658503988659,0.9,0.0388
0.017453292519943295,-0.026179938779914945,0.9,0.0002
0.017453292519943295,-0.017453292519943295,0.9,0.0
0.017453292519943295,-0.008726646259971648,0.9,-0.0547
0.017453292519943295,0.0,0.9,-0.036
0.017453292519943295,0.008726646259971648,0.9,0.0666
0.017453292519943295,0.017453292519943295,0.9,0.0
0.017453292519943295,0.026179938779914945,0.9,-0.0356
0.017453292519943295,0.03490658503988659,0.9,-0.0275
0.026179938779914945,-0.03490658503988659,0.9,-0.0003
0.026179938779914945,-0.026179938779914945,0.9,0.0
0.026179938779914945,-0.017453292519943295,0.9,-0.0356
0.026179938779914945,-0.008726646259971648,0.9,-0.0188
0.026179938779914945,0.0,0.9,-0.0103
0.026179938779914945,0.008726646259971648,0.9,0.0739
0.026179938779914945,0.017453292519943295,0.9,0.0003
0.026179938779914945,0.026179938779914945,0.9,0.0
0.026179938779914945,0.03490658503988659,0.9,-0.0264
0.03490658503988659,-0.03490658503988659,0.9,0.0
0.03490658503988659,-0.026179938779914945,0.9,-0.0264
0.03490658503988659,-0.017453292519943295,0.9,-0.0275
0.03490658503988659,-0.008726646259971648,0.9,0.0278
0.03490658503988659,0.0,0.9,0.0182
0.03490658503988659,0.008726646259971648,0.9,0.0839
0.03490658503988659,0.017453292519943295,0.9,0.0388
0.03490658503988659,0.026179938779914945,0.9,-0.0003
0.03490658503988659,0.03490658503988659,0.9,0.0
-0.03490658503988659,-0.03490658503988659,1,0.0
-0.03490658503988659,-0.026179938779914945,1,0.0031
-0.03490658503988659,-0.017453292519943295,1,0.0397
-0.03490658503988659,-0.008726646259971648,1,0.1057
-0.03490658503988659,0.0,1,-0.0267
-0.03490658503988659,0.008726646259971648,1,0.0159
-0.03490658503988659,0.017453292519943295,1,-0.0394
-0.03490658503988659,0.026179938779914945,1,-0.0332
-0.03490658503988659,0.03490658503988659,1,0.0
-0.026179938779914945,-0.03490658503988659,1,-0.0332
-0.026179938779914945,-0.026179938779914945,1,-0.0
-0.026179938779914945,-0.017453292519943295,1,0.0038
-0.026179938779914945,-0.008726646259971648,1,0.0926
-0.026179938779914945,0.0,1,-0.0028
-0.026179938779914945,0.008726646259971648,1,-0.0296
-0.026179938779914945,0.017453292519943295,1,-0.0448
-0.026179938779914945,0.026179938779914945,1,0.0
-0.026179938779914945,0.03490658503988659,1,0.0031
-0.017453292519943295,-0.03490658503988659,1,-0.0394
-0.017453292519943295,-0.026179938779914945,1,-0.0448
-0.017453292519943295,-0.017453292519943295,1,0.0
-0.017453292519943295,-0.008726646259971648,1,0.0772
-0.017453292519943295,0.0,1,0.0188
-0.017453292519943295,0.008726646259971648,1,-0.0688
-0.017453292519943295,0.017453292519943295,1,0.0
-0.017453292519943295,0.026179938779914945,1,0.0038
-0.017453292519943295,0.03490658503988659,1,0.0397
-0.008726646259971648,-0.03490658503988659,1,0.0159
-0.008726646259971648,-0.026179938779914945,1,-0.0295
-0.008726646259971648,-0.017453292519943295,1,-0.0688
-0.008726646259971648,-0.008726646259971648,1,0.0
-0.008726646259971648,0.0,1,0.038
-0.008726646259971648,0.008726646259971648,1,0.0
-0.008726646259971648,0.017453292519943295,1,0.0772
-0.008726646259971648,0.026179938779914945,1,0.0926
-0.008726646259971648,0.03490658503988659,1,0.1057
0.0,-0.03490658503988659,1,0.0267
0.0,-0.026179938779914945,1,0.0028
0.0,-0.017453292519943295,1,-0.0188
0.0,-0.008726646259971648,1,-0.038
0.0,0.0,1,-0.0
0.0,0.008726646259971648,1,-0.038
0.0,0.017453292519943295,1,-0.0188
0.0,0.026179938779914945,1,0.0028
0.0,0.03490658503988659,1,0.0267
0.008726646259971648,-0.03490658503988659,1,0.1057
0.008726646259971648,-0.026179938779914945,1,0.0926
0.008726646259971648,-0.017453292519943295,1,0.0772
0.008726646259971648,-0.008726646259971648,1,0.0
0.008726646259971648,0.0,1,-0.038
0.008726646259971648,0.008726646259971648,1,0.0
0.008726646259971648,0.017453292519943295,1,-0.0688
0.008726646259971648,0.026179938779914945,1,-0.0295
0.008726646259971648,0.03490658503988659,1,0.0159
0.017453292519943295,-0.03490658503988659,1,0.0397
0.017453292519943295,-0.026179938779914945,1,0.0038
0.017453292519943295,-0.017453292519943295,1,0.0
0.017453292519943295,-0.008726646259971648,1,-0.0688
0.017453292519943295,0.0,1,-0.0188
0.017453292519943295,0.008726646259971648,1,0.0772
0.017453292519943295,0.017453292519943295,1,0.0
0.017453292519943295,0.026179938779914945,1,-0.0448
0.017453292519943295,0.03490658503988659,1,-0.0394
0.026179938779914945,-0.03490658503988659,1,0.0031
0.026179938779914945,-0.026179938779914945,1,0.0
0.026179938779914945,-0.017453292519943295,1,-0.0448
0.026179938779914945,-0.008726646259971648,1,-0.0296
0.026179938779914945,0.0,1,0.0028
0.026179938779914945,0.008726646259971648,1,0.0926
0.026179938779914945,0.017453292519943295,1,0.0038
0.026179938779914945,0.026179938779914945,1,0.0
0.026179938779914945,0.03490658503988659,1,-0.0332
0.03490658503988659,-0.03490658503988659,1,0.0
0.03490658503988659,-0.026179938779914945,1,-0.0332
0.03490658503988659,-0.017453292519943295,1,-0.0394
0.03490658503988659,-0.008726646259971648,1,0.0159
0.03490658503988659,0.0,1,0.0267
0.03490658503988659,0.008726646259971648,1,0.1057
0.03490658503988659,0.017453292519943295,1,0.0397
0.03490658503988659,0.026179938779914945,1,0.0031
0.03490658503988659,0.03490658503988659,1,0.0
