alpha,beta,mach,CLr [1/rad]
-0.03490658503988659,-0.03490658503988659,0.01,-133.70000392485517
-0.03490658503988659,-0.026179938779914945,0.01,-117.10481942495497
-0.03490658503988659,-0.017453292519943295,0.01,-93.66100946565832
-0.03490658503988659,-0.008726646259971648,0.01,-57.061918233061206
-0.03490658503988659,0.0,0.01,-9.282342001353362
-0.03490658503988659,0.008726646259971648,0.01,42.659796963971715
-0.03490658503988659,0.017453292519943295,0.01,84.49309771399865
-0.03490658503988659,0.026179938779914945,0.01,114.00430932321093
-0.03490658503988659,0.03490658503988659,0.01,133.70000392485517
-0.026179938779914945,-0.03490658503988659,0.01,-149.6811904119026
-0.026179938779914945,-0.026179938779914945,0.01,-134.02425749093797
-0.026179938779914945,-0.017453292519943295,0.01,-110.93627187903499
-0.026179938779914945,-0.008726646259971648,0.01,-69.8371603458499
-0.026179938779914945,0.0,0.01,-7.32318966557344
-0.026179938779914945,0.008726646259971648,0.01,59.95804683177896
-0.026179938779914945,0.017453292519943295,0.01,106.55427399500464
-0.026179938779914945,0.026179938779914945,0.01,134.02425749093797
-0.026179938779914945,0.03490658503988659,0.01,149.29622237605454
-0.017453292519943295,-0.03490658503988659,0.01,-166.97456509111734
-0.017453292519943295,-0.026179938779914945,0.01,-155.25135086540865
-0.017453292519943295,-0.017453292519943295,0.01,-134.30594143865548
-0.017453292519943295,-0.008726646259971648,0.01,-92.76716895861368
-0.017453292519943295,0.0,0.01,-5.074227052918686
-0.017453292519943295,0.008726646259971648,0.01,87.5599621622392
-0.017453292519943295,0.017453292519943295,0.01,134.30594143865548
-0.017453292519943295,0.026179938779914945,0.01,153.6277981780137
-0.017453292519943295,0.03490658503988659,0.01,163.51369227910303
-0.008726646259971648,-0.03490658503988659,0.01,-181.25409813653476
-0.008726646259971648,-0.026179938779914945,0.01,-177.1285552305489
-0.008726646259971648,-0.017453292519943295,0.01,-166.23087019680327
-0.008726646259971648,-0.008726646259971648,0.01,-134.52967732705366
-0.008726646259971648,0.0,0.01,-2.604300832428328
-0.008726646259971648,0.008726646259971648,0.01,134.52967732705366
-0.008726646259971648,0.017453292519943295,0.01,163.9253579869865
-0.008726646259971648,0.026179938779914945,0.01,173.5519914203253
-0.008726646259971648,0.03490658503988659,0.01,177.49214138577503
0.0,-0.03490658503988659,0.01,-185.5798
0.0,-0.026179938779914945,0.01,-185.9089
0.0,-0.017453292519943295,0.01,-186.1443
0.0,-0.008726646259971648,0.01,-186.3162
0.0,0.0,0.01,-0.0
0.0,0.008726646259971648,0.01,186.3161
0.0,0.017453292519943295,0.01,186.1443
0.0,0.026179938779914945,0.01,185.9088
0.0,0.03490658503988659,0.01,185.5797
0.008726646259971648,-0.03490658503988659,0.01,-177.49214138577503
0.008726646259971648,-0.026179938779914945,0.01,-173.5519914203253
0.008726646259971648,-0.017453292519943295,0.01,-163.9253579869865
0.008726646259971648,-0.008726646259971648,0.01,-134.52967732705366
0.008726646259971648,0.0,0.01,2.604300832428328
0.008726646259971648,0.008726646259971648,0.01,134.52967732705366
0.008726646259971648,0.017453292519943295,0.01,166.23087019680327
0.008726646259971648,0.026179938779914945,0.01,177.1285552305489
0.008726646259971648,0.03490658503988659,0.01,181.25409813653476
0.017453292519943295,-0.03490658503988659,0.01,-163.51369227910303
0.017453292519943295,-0.026179938779914945,0.01,-153.6277981780137
0.017453292519943295,-0.017453292519943295,0.01,-134.30594143865548
0.017453292519943295,-0.008726646259971648,0.01,-87.5599621622392
0.017453292519943295,0.0,0.01,5.074227052918686
0.017453292519943295,0.008726646259971648,0.01,92.76706897384416
0.017453292519943295,0.017453292519943295,0.01,134.30594143865548
0.017453292519943295,0.026179938779914945,0.01,155.25125088063913
0.017453292519943295,0.03490658503988659,0.01,166.97456509111734
0.026179938779914945,-0.03490658503988659,0.01,-149.29622237605454
0.026179938779914945,-0.026179938779914945,0.01,-134.02425749093797
0.026179938779914945,-0.017453292519943295,0.01,-106.55427399500464
0.026179938779914945,-0.008726646259971648,0.01,-59.95804683177896
0.026179938779914945,0.0,0.01,7.32318966557344
0.026179938779914945,0.008726646259971648,0.01,69.8371603458499
0.026179938779914945,0.017453292519943295,0.01,110.93627187903499
0.026179938779914945,0.026179938779914945,0.01,134.02425749093797
0.026179938779914945,0.03490658503988659,0.01,149.6811904119026
0.03490658503988659,-0.03490658503988659,0.01,-133.70000392485517
0.03490658503988659,-0.026179938779914945,0.01,-114.00430932321093
0.03490658503988659,-0.017453292519943295,0.01,-84.49309771399865
0.03490658503988659,-0.008726646259971648,0.01,-42.65969702488901
0.03490658503988659,0.0,0.01,9.282342001353362
0.03490658503988659,0.008726646259971648,0.01,57.061918233061206
0.03490658503988659,0.017453292519943295,0.01,93.66100946565832
0.03490658503988659,0.026179938779914945,0.01,117.10471948587227
0.03490658503988659,0.03490658503988659,0.01,133.70000392485517
-0.03490658503988659,-0.03490658503988659,0.1,-133.71369557918533
-0.03490658503988659,-0.026179938779914945,0.1,-117.09502539485018
-0.03490658503988659,-0.017453292519943295,0.1,-93.63022822818613
-0.03490658503988659,-0.008726646259971648,0.1,-57.02034357465721
-0.03490658503988659,0.0,0.1,-9.23676977964129
-0.03490658503988659,0.008726646259971648,0.1,42.66799196875328
-0.03490658503988659,0.017453292519943295,0.1,84.49969369345696
-0.03490658503988659,0.026179938779914945,0.1,114.01400341423302
-0.03490658503988659,0.03490658503988659,0.1,133.71369557918533
-0.026179938779914945,-0.03490658503988659,0.1,-149.7194772874492
-0.026179938779914945,-0.026179938779914945,0.1,-134.03725303616264
-0.026179938779914945,-0.017453292519943295,0.1,-110.92087715623036
-0.026179938779914945,-0.008726646259971648,0.1,-69.80367182546323
-0.026179938779914945,0.0,0.1,-7.285402618689363
-0.026179938779914945,0.008726646259971648,0.1,59.95814679751146
-0.026179938779914945,0.017453292519943295,0.1,106.55907235016451
-0.026179938779914945,0.026179938779914945,0.1,134.03725303616264
-0.026179938779914945,0.03490658503988659,0.1,149.318614700134
-0.017453292519943295,-0.03490658503988659,0.1,-167.04125493238428
-0.017453292519943295,-0.026179938779914945,0.1,-155.29674395076876
-0.017453292519943295,-0.017453292519943295,0.1,-134.3182395653059
-0.017453292519943295,-0.008726646259971648,0.1,-92.7448723550117
-0.017453292519943295,0.0,0.1,-5.046631256532369
-0.017453292519943295,0.008726646259971648,0.1,87.5567626496147
-0.017453292519943295,0.017453292519943295,0.1,134.3182395653059
-0.017453292519943295,0.026179938779914945,0.1,153.65849350225503
-0.017453292519943295,0.03490658503988659,0.1,163.55608582137762
-0.008726646259971648,-0.03490658503988659,0.1,-181.35989410799496
-0.008726646259971648,-0.026179938779914945,0.1,-177.2129520168555
-0.008726646259971648,-0.017453292519943295,0.1,-166.29336781699476
-0.008726646259971648,-0.008726646259971648,0.1,-134.54147687774585
-0.008726646259971648,0.0,0.1,-2.5894013997746717
-0.008726646259971648,0.008726646259971648,0.1,134.54147687774585
-0.008726646259971648,0.017453292519943295,0.1,163.9753560831397
-0.008726646259971648,0.026179938779914945,0.1,173.61728893390136
-0.008726646259971648,0.03490658503988659,0.1,177.562938689928
0.0,-0.03490658503988659,0.1,-185.6783
0.0,-0.026179938779914945,0.1,-186.0153
0.0,-0.017453292519943295,0.1,-186.2585
0.0,-0.008726646259971648,0.1,-186.436
0.0,0.0,0.1,-0.0
0.0,0.008726646259971648,0.1,186.436
0.0,0.017453292519943295,0.1,186.2585
0.0,0.026179938779914945,0.1,186.0153
0.0,0.03490658503988659,0.1,185.6783
0.008726646259971648,-0.03490658503988659,0.1,-177.562938689928
0.008726646259971648,-0.026179938779914945,0.1,-173.61728893390136
0.008726646259971648,-0.017453292519943295,0.1,-163.9753560831397
0.008726646259971648,-0.008726646259971648,0.1,-134.54147687774585
0.008726646259971648,0.0,0.1,2.5894013997746717
0.008726646259971648,0.008726646259971648,0.1,134.54147687774585
0.008726646259971648,0.017453292519943295,0.1,166.29336781699476
0.008726646259971648,0.026179938779914945,0.1,177.2129520168555
0.008726646259971648,0.03490658503988659,0.1,181.35989410799496
0.017453292519943295,-0.03490658503988659,0.1,-163.55608582137762
0.017453292519943295,-0.026179938779914945,0.1,-153.65849350225503
0.017453292519943295,-0.017453292519943295,0.1,-134.3182395653059
0.017453292519943295,-0.008726646259971648,0.1,-87.5567626496147
0.017453292519943295,0.0,0.1,5.046531271762854
0.017453292519943295,0.008726646259971648,0.1,92.7448723550117
0.017453292519943295,0.017453292519943295,0.1,134.3182395653059
0.017453292519943295,0.026179938779914945,0.1,155.29674395076876
0.017453292519943295,0.03490658503988659,0.1,167.04125493238428
0.026179938779914945,-0.03490658503988659,0.1,-149.318614700134
0.026179938779914945,-0.026179938779914945,0.1,-134.03725303616264
0.026179938779914945,-0.017453292519943295,0.1,-106.55907235016451
0.026179938779914945,-0.008726646259971648,0.1,-59.95814679751146
0.026179938779914945,0.0,0.1,7.285302652956866
0.026179938779914945,0.008726646259971648,0.1,69.80367182546323
0.026179938779914945,0.017453292519943295,0.1,110.92087715623036
0.026179938779914945,0.026179938779914945,0.1,134.03725303616264
0.026179938779914945,0.03490658503988659,0.1,149.7194772874492
0.03490658503988659,-0.03490658503988659,0.1,-133.71369557918533
0.03490658503988659,-0.026179938779914945,0.1,-114.01400341423302
0.03490658503988659,-0.017453292519943295,0.1,-84.49959375437427
0.03490658503988659,-0.008726646259971648,0.1,-42.66799196875328
0.03490658503988659,0.0,0.1,9.236669840558589
0.03490658503988659,0.008726646259971648,0.1,57.02024363557451
0.03490658503988659,0.017453292519943295,0.1,93.63022822818613
0.03490658503988659,0.026179938779914945,0.1,117.09492545576748
0.03490658503988659,0.03490658503988659,0.1,133.7135956401026
-0.03490658503988659,-0.03490658503988659,0.2,-133.8067388651808
-0.03490658503988659,-0.026179938779914945,0.2,-117.1218090690143
-0.03490658503988659,-0.017453292519943295,0.2,-93.60104601603717
-0.03490658503988659,-0.008726646259971648,0.2,-56.96028018595336
-0.03490658503988659,0.0,0.2,-9.107148789376915
-0.03490658503988659,0.008726646259971648,0.2,42.67708642527915
-0.03490658503988659,0.017453292519943295,0.2,84.5540605544468
-0.03490658503988659,0.026179938779914945,0.2,114.0972526701237
-0.03490658503988659,0.03490658503988659,0.2,133.8067388651808
-0.026179938779914945,-0.03490658503988659,0.2,-149.87982232237525
-0.026179938779914945,-0.026179938779914945,0.2,-134.12802192127043
-0.026179938779914945,-0.017453292519943295,0.2,-110.93287304413006
-0.026179938779914945,-0.008726646259971648,0.2,-69.76778412749661
-0.026179938779914945,0.0,0.2,-7.169542334724697
-0.026179938779914945,0.008726646259971648,0.2,59.96574419318127
-0.026179938779914945,0.017453292519943295,0.2,106.62844856851783
-0.026179938779914945,0.026179938779914945,0.2,134.12802192127043
-0.026179938779914945,0.03490658503988659,0.2,149.43317542957618
-0.017453292519943295,-0.03490658503988659,0.2,-167.25582224776483
-0.017453292519943295,-0.026179938779914945,0.2,-155.47581667297126
-0.017453292519943295,-0.017453292519943295,0.2,-134.4070260406358
-0.017453292519943295,-0.008726646259971648,0.2,-92.74077297946157
-0.017453292519943295,0.0,0.2,-4.95764481166345
-0.017453292519943295,0.008726646259971648,0.2,87.59795637465514
-0.017453292519943295,0.017453292519943295,0.2,134.4070260406358
-0.017453292519943295,0.026179938779914945,0.2,153.79697240803418
-0.017453292519943295,0.03490658503988659,0.2,163.7272597467884
-0.008726646259971648,-0.03490658503988659,0.2,-181.63258372441453
-0.008726646259971648,-0.026179938779914945,0.2,-177.4449431830064
-0.008726646259971648,-0.017453292519943295,0.2,-166.5119594933766
-0.008726646259971648,-0.008726646259971648,0.2,-134.62867355743703
-0.008726646259971648,0.0,0.2,-2.540103276967608
-0.008726646259971648,0.008726646259971648,0.2,134.62867355743703
-0.008726646259971648,0.017453292519943295,0.2,164.16824873809878
-0.008726646259971648,0.026179938779914945,0.2,173.850180065783
-0.008726646259971648,0.03490658503988659,0.2,177.80872933061713
0.0,-0.03490658503988659,0.2,-185.9389
0.0,-0.026179938779914945,0.2,-186.2914
0.0,-0.017453292519943295,0.2,-186.5542
0.0,-0.008726646259971648,0.2,-186.7475
0.0,0.0,0.2,-0.0
0.0,0.008726646259971648,0.2,186.7475
0.0,0.017453292519943295,0.2,186.5541
0.0,0.026179938779914945,0.2,186.2914
0.0,0.03490658503988659,0.2,185.9389
0.008726646259971648,-0.03490658503988659,0.2,-177.80872933061713
0.008726646259971648,-0.026179938779914945,0.2,-173.85028006197533
0.008726646259971648,-0.017453292519943295,0.2,-164.16824873809878
0.008726646259971648,-0.008726646259971648,0.2,-134.62867355743703
0.008726646259971648,0.0,0.2,2.5400032807753012
0.008726646259971648,0.008726646259971648,0.2,134.62867355743703
0.008726646259971648,0.017453292519943295,0.2,166.5118594971843
0.008726646259971648,0.026179938779914945,0.2,177.44484318681413
0.008726646259971648,0.03490658503988659,0.2,181.63258372441453
0.017453292519943295,-0.03490658503988659,0.2,-163.7272597467884
0.017453292519943295,-0.026179938779914945,0.2,-153.79697240803418
0.017453292519943295,-0.017453292519943295,0.2,-134.4070260406358
0.017453292519943295,-0.008726646259971648,0.2,-87.59795637465514
0.017453292519943295,0.0,0.2,4.95764481166345
0.017453292519943295,0.008726646259971648,0.2,92.74077297946157
0.017453292519943295,0.017453292519943295,0.2,134.4070260406358
0.017453292519943295,0.026179938779914945,0.2,155.47581667297126
0.017453292519943295,0.03490658503988659,0.2,167.25582224776483
0.026179938779914945,-0.03490658503988659,0.2,-149.43317542957618
0.026179938779914945,-0.026179938779914945,0.2,-134.12802192127043
0.026179938779914945,-0.017453292519943295,0.2,-106.62844856851783
0.026179938779914945,-0.008726646259971648,0.2,-59.96564422744877
0.026179938779914945,0.0,0.2,7.169542334724697
0.026179938779914945,0.008726646259971648,0.2,69.76778412749661
0.026179938779914945,0.017453292519943295,0.2,110.93287304413006
0.026179938779914945,0.026179938779914945,0.2,134.12802192127043
0.026179938779914945,0.03490658503988659,0.2,149.87982232237525
0.03490658503988659,-0.03490658503988659,0.2,-133.8067388651808
0.03490658503988659,-0.026179938779914945,0.2,-114.0972526701237
0.03490658503988659,-0.017453292519943295,0.2,-84.5540605544468
0.03490658503988659,-0.008726646259971648,0.2,-42.67698648619645
0.03490658503988659,0.0,0.2,9.107148789376915
0.03490658503988659,0.008726646259971648,0.2,56.960180246870664
0.03490658503988659,0.017453292519943295,0.2,93.60104601603717
0.03490658503988659,0.026179938779914945,0.2,117.1218090690143
0.03490658503988659,0.03490658503988659,0.2,133.8067388651808
-0.03490658503988659,-0.03490658503988659,0.3,-134.10755550411355
-0.03490658503988659,-0.026179938779914945,0.3,-117.27011866774393
-0.03490658503988659,-0.017453292519943295,0.3,-93.60474376209714
-0.03490658503988659,-0.008726646259971648,0.3,-56.865338057386545
-0.03490658503988659,0.0,0.3,-8.864396757493976
-0.03490658503988659,0.008726646259971648,0.3,42.76663184338006
-0.03490658503988659,0.017453292519943295,0.3,84.74384487249773
-0.03490658503988659,0.026179938779914945,0.3,114.3591930058854
-0.03490658503988659,0.03490658503988659,0.3,134.10755550411355
-0.026179938779914945,-0.03490658503988659,0.3,-150.33086770740422
-0.026179938779914945,-0.026179938779914945,0.3,-134.42492014678817
-0.026179938779914945,-0.017453292519943295,0.3,-111.04133586388993
-0.026179938779914945,-0.008726646259971648,0.3,-69.73389574417993
-0.026179938779914945,0.0,0.3,-6.958114810492366
-0.026179938779914945,0.008726646259971648,0.3,60.054413797906605
-0.026179938779914945,0.017453292519943295,0.3,106.85457105542729
-0.026179938779914945,0.026179938779914945,0.3,134.42492014678817
-0.026179938779914945,0.03490658503988659,0.3,149.79655086720481
-0.017453292519943295,-0.03490658503988659,0.3,-167.8400332560447
-0.017453292519943295,-0.026179938779914945,0.3,-155.9708412668432
-0.017453292519943295,-0.017453292519943295,0.3,-134.70038135439466
-0.017453292519943295,-0.008726646259971648,0.3,-92.794764755
-0.017453292519943295,0.0,0.3,-4.798269089055522
-0.017453292519943295,0.008726646259971648,0.3,87.7517329501702
-0.017453292519943295,0.017453292519943295,0.3,134.70038135439466
-0.017453292519943295,0.026179938779914945,0.3,154.21570862276567
-0.017453292519943295,0.03490658503988659,0.3,164.22268427973842
-0.008726646259971648,-0.03490658503988659,0.3,-182.35145635090538
-0.008726646259971648,-0.026179938779914945,0.3,-178.08571878330594
-0.008726646259971648,-0.017453292519943295,0.3,-167.0996371155614
-0.008726646259971648,-0.008726646259971648,0.3,-134.91916249608715
-0.008726646259971648,0.0,0.3,-2.4527066048917994
-0.008726646259971648,0.008726646259971648,0.3,134.91916249608715
-0.008726646259971648,0.017453292519943295,0.3,164.70652824128422
-0.008726646259971648,0.026179938779914945,0.3,174.47715619154425
-0.008726646259971648,0.03490658503988659,0.3,178.46470435214724
0.0,-0.03490658503988659,0.3,-186.6466
0.0,-0.026179938779914945,0.3,-187.0273
0.0,-0.017453292519943295,0.3,-187.3236
0.0,-0.008726646259971648,0.3,-187.5438
0.0,0.0,0.3,-0.0
0.0,0.008726646259971648,0.3,187.5437
0.0,0.017453292519943295,0.3,187.3236
0.0,0.026179938779914945,0.3,187.0273
0.0,0.03490658503988659,0.3,186.6466
0.008726646259971648,-0.03490658503988659,0.3,-178.46470435214724
0.008726646259971648,-0.026179938779914945,0.3,-174.47715619154425
0.008726646259971648,-0.017453292519943295,0.3,-164.70652824128422
0.008726646259971648,-0.008726646259971648,0.3,-134.91916249608715
0.008726646259971648,0.0,0.3,2.4527066048917994
0.008726646259971648,0.008726646259971648,0.3,134.91916249608715
0.008726646259971648,0.017453292519943295,0.3,167.0996371155614
0.008726646259971648,0.026179938779914945,0.3,178.08571878330594
0.008726646259971648,0.03490658503988659,0.3,182.35145635090538
0.017453292519943295,-0.03490658503988659,0.3,-164.22268427973842
0.017453292519943295,-0.026179938779914945,0.3,-154.21570862276567
0.017453292519943295,-0.017453292519943295,0.3,-134.70038135439466
0.017453292519943295,-0.008726646259971648,0.3,-87.7517329501702
0.017453292519943295,0.0,0.3,4.798269089055522
0.017453292519943295,0.008726646259971648,0.3,92.7946647702305
0.017453292519943295,0.017453292519943295,0.3,134.70038135439466
0.017453292519943295,0.026179938779914945,0.3,155.9708412668432
0.017453292519943295,0.03490658503988659,0.3,167.8400332560447
0.026179938779914945,-0.03490658503988659,0.3,-149.79655086720481
0.026179938779914945,-0.026179938779914945,0.3,-134.42492014678817
0.026179938779914945,-0.017453292519943295,0.3,-106.85457105542729
0.026179938779914945,-0.008726646259971648,0.3,-60.0543138321741
0.026179938779914945,0.0,0.3,6.958114810492366
0.026179938779914945,0.008726646259971648,0.3,69.73389574417993
0.026179938779914945,0.017453292519943295,0.3,111.04133586388993
0.026179938779914945,0.026179938779914945,0.3,134.42492014678817
0.026179938779914945,0.03490658503988659,0.3,150.33086770740422
0.03490658503988659,-0.03490658503988659,0.3,-134.10755550411355
0.03490658503988659,-0.026179938779914945,0.3,-114.3591930058854
0.03490658503988659,-0.017453292519943295,0.3,-84.74384487249773
0.03490658503988659,-0.008726646259971648,0.3,-42.76653190429736
0.03490658503988659,0.0,0.3,8.864296818411274
0.03490658503988659,0.008726646259971648,0.3,56.86523811830385
0.03490658503988659,0.017453292519943295,0.3,93.60474376209714
0.03490658503988659,0.026179938779914945,0.3,117.27011866774393
0.03490658503988659,0.03490658503988659,0.3,134.10755550411355
-0.03490658503988659,-0.03490658503988659,0.4,-134.51850501218382
-0.03490658503988659,-0.026179938779914945,0.4,-117.44701084412631
-0.03490658503988659,-0.017453292519943295,0.4,-93.5599710530467
-0.03490658503988659,-0.008726646259971648,0.4,-56.67785233823777
-0.03490658503988659,0.0,0.4,-8.519606922172388
-0.03490658503988659,0.008726646259971648,0.4,42.937327796634925
-0.03490658503988659,0.017453292519943295,0.4,85.01567917744693
-0.03490658503988659,0.026179938779914945,0.4,114.71397674947718
-0.03490658503988659,0.03490658503988659,0.4,134.51850501218382
-0.026179938779914945,-0.03490658503988659,0.4,-150.974946921886
-0.026179938779914945,-0.026179938779914945,0.4,-134.82978136340327
-0.026179938779914945,-0.017453292519943295,0.4,-111.15699621638959
-0.026179938779914945,-0.008726646259971648,0.4,-69.63672905219231
-0.026179938779914945,0.0,0.4,-6.668114220516957
-0.026179938779914945,0.008726646259971648,0.4,60.20446236238543
-0.026179938779914945,0.017453292519943295,0.4,107.15566784170993
-0.026179938779914945,0.026179938779914945,0.4,134.82978136340327
-0.026179938779914945,0.03490658503988659,0.4,150.30287730230492
-0.017453292519943295,-0.03490658503988659,0.4,-168.71639976084927
-0.017453292519943295,-0.026179938779914945,0.4,-156.6836326887202
-0.017453292519943295,-0.017453292519943295,0.4,-135.09982050860964
-0.017453292519943295,-0.008726646259971648,0.4,-92.82805968324871
-0.017453292519943295,0.0,0.4,-4.584901590909148
-0.017453292519943295,0.008726646259971648,0.4,87.95170248920148
-0.017453292519943295,0.017453292519943295,0.4,135.09982050860964
-0.017453292519943295,0.026179938779914945,0.4,154.80711853445067
-0.017453292519943295,0.03490658503988659,0.4,164.9317762651433
-0.008726646259971648,-0.03490658503988659,0.4,-183.47501356766028
-0.008726646259971648,-0.026179938779914945,0.4,-179.08138087010093
-0.008726646259971648,-0.017453292519943295,0.4,-167.96310423612732
-0.008726646259971648,-0.008726646259971648,0.4,-135.3141474556975
-0.008726646259971648,0.0,0.4,-2.3374109951625
-0.008726646259971648,0.008726646259971648,0.4,135.3141474556975
-0.008726646259971648,0.017453292519943295,0.4,165.4822987011974
-0.008726646259971648,0.026179938779914945,0.4,175.3926213321095
-0.008726646259971648,0.03490658503988659,0.4,179.42726769928882
0.0,-0.03490658503988659,0.4,-187.7521
0.0,-0.026179938779914945,0.4,-188.1782
0.0,-0.017453292519943295,0.4,-188.5226
0.0,-0.008726646259971648,0.4,-188.7795
0.0,0.0,0.4,-0.0
0.0,0.008726646259971648,0.4,188.7795
0.0,0.017453292519943295,0.4,188.5226
0.0,0.026179938779914945,0.4,188.1781
0.0,0.03490658503988659,0.4,187.7521
0.008726646259971648,-0.03490658503988659,0.4,-179.42726769928882
0.008726646259971648,-0.026179938779914945,0.4,-175.3926213321095
0.008726646259971648,-0.017453292519943295,0.4,-165.4822987011974
0.008726646259971648,-0.008726646259971648,0.4,-135.3141474556975
0.008726646259971648,0.0,0.4,2.3374109951625
0.008726646259971648,0.008726646259971648,0.4,135.3141474556975
0.008726646259971648,0.017453292519943295,0.4,167.96310423612732
0.008726646259971648,0.026179938779914945,0.4,179.08138087010093
0.008726646259971648,0.03490658503988659,0.4,183.47491357146797
0.017453292519943295,-0.03490658503988659,0.4,-164.9317762651433
0.017453292519943295,-0.026179938779914945,0.4,-154.80711853445067
0.017453292519943295,-0.017453292519943295,0.4,-135.09982050860964
0.017453292519943295,-0.008726646259971648,0.4,-87.95170248920148
0.017453292519943295,0.0,0.4,4.5848016061396315
0.017453292519943295,0.008726646259971648,0.4,92.82805968324871
0.017453292519943295,0.017453292519943295,0.4,135.09982050860964
0.017453292519943295,0.026179938779914945,0.4,156.6836326887202
0.017453292519943295,0.03490658503988659,0.4,168.71639976084927
0.026179938779914945,-0.03490658503988659,0.4,-150.30287730230492
0.026179938779914945,-0.026179938779914945,0.4,-134.82978136340327
0.026179938779914945,-0.017453292519943295,0.4,-107.15566784170993
0.026179938779914945,-0.008726646259971648,0.4,-60.20436239665294
0.026179938779914945,0.0,0.4,6.668114220516957
0.026179938779914945,0.008726646259971648,0.4,69.63672905219231
0.026179938779914945,0.017453292519943295,0.4,111.15699621638959
0.026179938779914945,0.026179938779914945,0.4,134.82978136340327
0.026179938779914945,0.03490658503988659,0.4,150.974946921886
0.03490658503988659,-0.03490658503988659,0.4,-134.51850501218382
0.03490658503988659,-0.026179938779914945,0.4,-114.71397674947718
0.03490658503988659,-0.017453292519943295,0.4,-85.01557923836424
0.03490658503988659,-0.008726646259971648,0.4,-42.937327796634925
0.03490658503988659,0.0,0.4,8.519606922172388
0.03490658503988659,0.008726646259971648,0.4,56.67785233823777
0.03490658503988659,0.017453292519943295,0.4,93.559871113964
0.03490658503988659,0.026179938779914945,0.4,117.44701084412631
0.03490658503988659,0.03490658503988659,0.4,134.51850501218382
-0.03490658503988659,-0.03490658503988659,0.5,-134.7756482719758
-0.03490658503988659,-0.026179938779914945,0.5,-117.44321315898362
-0.03490658503988659,-0.017453292519943295,0.5,-93.33320927439605
-0.03490658503988659,-0.008726646259971648,0.5,-56.344155741096095
-0.03490658503988659,0.0,0.5,-8.172418548865954
-0.03490658503988659,0.008726646259971648,0.5,43.14620047948191
-0.03490658503988659,0.017453292519943295,0.5,85.21715636817397
-0.03490658503988659,0.026179938779914945,0.5,114.93244358426355
-0.03490658503988659,0.03490658503988659,0.5,134.7756482719758
-0.026179938779914945,-0.03490658503988659,0.5,-151.5106632823404
-0.026179938779914945,-0.026179938779914945,0.5,-135.07849610585717
-0.026179938779914945,-0.017453292519943295,0.5,-111.09541732517108
-0.026179938779914945,-0.008726646259971648,0.5,-69.38901396706336
-0.026179938779914945,0.0,0.5,-6.394508010671148
-0.026179938779914945,0.008726646259971648,0.5,60.34851298291441
-0.026179938779914945,0.017453292519943295,0.5,107.32231071778335
-0.026179938779914945,0.026179938779914945,0.5,135.07849610585717
-0.026179938779914945,0.03490658503988659,0.5,150.64925856540896
-0.017453292519943295,-0.03490658503988659,0.5,-169.59126649411112
-0.017453292519943295,-0.026179938779914945,0.5,-157.29853902124137
-0.017453292519943295,-0.017453292519943295,0.5,-135.34088378791185
-0.017453292519943295,-0.008726646259971648,0.5,-92.69867939149547
-0.017453292519943295,0.0,0.5,-4.3927308639000895
-0.017453292519943295,0.008726646259971648,0.5,88.03968908637523
-0.017453292519943295,0.017453292519943295,0.5,135.34088378791185
-0.017453292519943295,0.026179938779914945,0.5,155.24535177923772
-0.017453292519943295,0.03490658503988659,0.5,165.49898986260555
-0.008726646259971648,-0.03490658503988659,0.5,-184.75336489010553
-0.008726646259971648,-0.026179938779914945,0.5,-180.168439476664
-0.008726646259971648,-0.017453292519943295,0.5,-168.7728734014247
-0.008726646259971648,-0.008726646259971648,0.5,-135.5490385114253
-0.008726646259971648,0.0,0.5,-2.2367148295099386
-0.008726646259971648,0.008726646259971648,0.5,135.5490385114253
-0.008726646259971648,0.017453292519943295,0.5,166.13737375699677
-0.008726646259971648,0.026179938779914945,0.5,176.222989713022
-0.008726646259971648,0.03490658503988659,0.5,180.32103366612358
0.0,-0.03490658503988659,0.5,-188.9833
0.0,-0.026179938779914945,0.5,-189.477
0.0,-0.017453292519943295,0.5,-189.881
0.0,-0.008726646259971648,0.5,-190.1791
0.0,0.0,0.5,-0.0
0.0,0.008726646259971648,0.5,190.1791
0.0,0.017453292519943295,0.5,189.881
0.0,0.026179938779914945,0.5,189.477
0.0,0.03490658503988659,0.5,188.9833
0.008726646259971648,-0.03490658503988659,0.5,-180.32103366612358
0.008726646259971648,-0.026179938779914945,0.5,-176.222989713022
0.008726646259971648,-0.017453292519943295,0.5,-166.13737375699677
0.008726646259971648,-0.008726646259971648,0.5,-135.5490385114253
0.008726646259971648,0.0,0.5,2.2367148295099386
0.008726646259971648,0.008726646259971648,0.5,135.5490385114253
0.008726646259971648,0.017453292519943295,0.5,168.7728734014247
0.008726646259971648,0.026179938779914945,0.5,180.168439476664
0.008726646259971648,0.03490658503988659,0.5,184.75336489010553
0.017453292519943295,-0.03490658503988659,0.5,-165.49898986260555
0.017453292519943295,-0.026179938779914945,0.5,-155.24535177923772
0.017453292519943295,-0.017453292519943295,0.5,-135.34088378791185
0.017453292519943295,-0.008726646259971648,0.5,-88.03958910160571
0.017453292519943295,0.0,0.5,4.3927308639000895
0.017453292519943295,0.008726646259971648,0.5,92.69867939149547
0.017453292519943295,0.017453292519943295,0.5,135.34088378791185
0.017453292519943295,0.026179938779914945,0.5,157.29843903647185
0.017453292519943295,0.03490658503988659,0.5,169.5911665093416
0.026179938779914945,-0.03490658503988659,0.5,-150.64925856540896
0.026179938779914945,-0.026179938779914945,0.5,-135.07849610585717
0.026179938779914945,-0.017453292519943295,0.5,-107.32231071778335
0.026179938779914945,-0.008726646259971648,0.5,-60.34851298291441
0.026179938779914945,0.0,0.5,6.394508010671148
0.026179938779914945,0.008726646259971648,0.5,69.38901396706336
0.026179938779914945,0.017453292519943295,0.5,111.09541732517108
0.026179938779914945,0.026179938779914945,0.5,135.07849610585717
0.026179938779914945,0.03490658503988659,0.5,151.5105633166079
0.03490658503988659,-0.03490658503988659,0.5,-134.7756482719758
0.03490658503988659,-0.026179938779914945,0.5,-114.93244358426355
0.03490658503988659,-0.017453292519943295,0.5,-85.21715636817397
0.03490658503988659,-0.008726646259971648,0.5,-43.14610054039921
0.03490658503988659,0.0,0.5,8.172418548865954
0.03490658503988659,0.008726646259971648,0.5,56.344155741096095
0.03490658503988659,0.017453292519943295,0.5,93.33320927439605
0.03490658503988659,0.026179938779914945,0.5,117.44321315898362
0.03490658503988659,0.03490658503988659,0.5,134.7756482719758
-0.03490658503988659,-0.03490658503988659,0.6,-134.9115654244504
-0.03490658503988659,-0.026179938779914945,0.6,-117.27981275876601
-0.03490658503988659,-0.017453292519943295,0.6,-92.92625732963388
-0.03490658503988659,-0.008726646259971648,0.6,-55.88043839735923
-0.03490658503988659,0.0,0.6,-7.980335631912883
-0.03490658503988659,0.008726646259971648,0.6,43.57014206830341
-0.03490658503988659,0.017453292519943295,0.6,85.45601077583154
-0.03490658503988659,0.026179938779914945,0.6,115.05307005708477
-0.03490658503988659,0.03490658503988659,0.6,134.9115654244504
-0.026179938779914945,-0.03490658503988659,0.6,-151.9858004089013
-0.026179938779914945,-0.026179938779914945,0.6,-135.2034532714791
-0.026179938779914945,-0.017453292519943295,0.6,-110.86989463265661
-0.026179938779914945,-0.008726646259971648,0.6,-69.00234651376282
-0.026179938779914945,0.0,0.6,-6.297841147346011
-0.026179938779914945,0.008726646259971648,0.6,60.65470802155443
-0.026179938779914945,0.017453292519943295,0.6,107.39318642212412
-0.026179938779914945,0.026179938779914945,0.6,135.2034532714791
-0.026179938779914945,0.03490658503988659,0.6,150.8771804355034
-0.017453292519943295,-0.03490658503988659,0.6,-170.58731476802595
-0.017453292519943295,-0.026179938779914945,0.6,-157.86995197902326
-0.017453292519943295,-0.017453292519943295,0.6,-135.45636619670242
-0.017453292519943295,-0.008726646259971648,0.6,-92.41412273745397
-0.017453292519943295,0.0,0.6,-4.35513659056221
-0.017453292519943295,0.008726646259971648,0.6,88.07658346632651
-0.017453292519943295,0.017453292519943295,0.6,135.45636619670242
-0.017453292519943295,0.026179938779914945,0.6,155.57840104649432
-0.017453292519943295,0.03490658503988659,0.6,165.97761695427693
-0.008726646259971648,-0.03490658503988659,0.6,-186.31790531493172
-0.008726646259971648,-0.026179938779914945,0.6,-181.5322875435312
-0.008726646259971648,-0.017453292519943295,0.6,-169.61064150056785
-0.008726646259971648,-0.008726646259971648,0.6,-135.6568344067316
-0.008726646259971648,0.0,0.6,-2.2281151569715867
-0.008726646259971648,0.008726646259971648,0.6,135.65673441053931
-0.008726646259971648,0.017453292519943295,0.6,166.72755128398924
-0.008726646259971648,0.026179938779914945,0.6,177.03735870316544
-0.008726646259971648,0.03490658503988659,0.6,181.22159937403518
0.0,-0.03490658503988659,0.6,-190.5234
0.0,-0.026179938779914945,0.6,-191.0822
0.0,-0.017453292519943295,0.6,-191.5189
0.0,-0.008726646259971648,0.6,-191.8294
0.0,0.0,0.6,-0.0
0.0,0.008726646259971648,0.6,191.8294
0.0,0.017453292519943295,0.6,191.5189
0.0,0.026179938779914945,0.6,191.0822
0.0,0.03490658503988659,0.6,190.5234
0.008726646259971648,-0.03490658503988659,0.6,-181.22159937403518
0.008726646259971648,-0.026179938779914945,0.6,-177.03735870316544
0.008726646259971648,-0.017453292519943295,0.6,-166.72755128398924
0.008726646259971648,-0.008726646259971648,0.6,-135.6568344067316
0.008726646259971648,0.0,0.6,2.2281151569715867
0.008726646259971648,0.008726646259971648,0.6,135.6568344067316
0.008726646259971648,0.017453292519943295,0.6,169.61064150056785
0.008726646259971648,0.026179938779914945,0.6,181.5322875435312
0.008726646259971648,0.03490658503988659,0.6,186.31790531493172
0.017453292519943295,-0.03490658503988659,0.6,-165.97761695427693
0.017453292519943295,-0.026179938779914945,0.6,-155.57840104649432
0.017453292519943295,-0.017453292519943295,0.6,-135.45636619670242
0.017453292519943295,-0.008726646259971648,0.6,-88.07658346632651
0.017453292519943295,0.0,0.6,4.35513659056221
0.017453292519943295,0.008726646259971648,0.6,92.41412273745397
0.017453292519943295,0.017453292519943295,0.6,135.45636619670242
0.017453292519943295,0.026179938779914945,0.6,157.86985199425374
0.017453292519943295,0.03490658503988659,0.6,170.58731476802595
0.026179938779914945,-0.03490658503988659,0.6,-150.8771804355034
0.026179938779914945,-0.026179938779914945,0.6,-135.2034532714791
0.026179938779914945,-0.017453292519943295,0.6,-107.39318642212412
0.026179938779914945,-0.008726646259971648,0.6,-60.65470802155443
0.026179938779914945,0.0,0.6,6.297841147346011
0.026179938779914945,0.008726646259971648,0.6,69.00234651376282
0.026179938779914945,0.017453292519943295,0.6,110.86989463265661
0.026179938779914945,0.026179938779914945,0.6,135.2034532714791
0.026179938779914945,0.03490658503988659,0.6,151.9858004089013
0.03490658503988659,-0.03490658503988659,0.6,-134.9115654244504
0.03490658503988659,-0.026179938779914945,0.6,-115.05307005708477
0.03490658503988659,-0.017453292519943295,0.6,-85.45601077583154
0.03490658503988659,-0.008726646259971648,0.6,-43.57014206830341
0.03490658503988659,0.0,0.6,7.980335631912883
0.03490658503988659,0.008726646259971648,0.6,55.880338458276526
0.03490658503988659,0.017453292519943295,0.6,92.92625732963388
0.03490658503988659,0.026179938779914945,0.6,117.27981275876601
0.03490658503988659,0.03490658503988659,0.6,134.9115654244504
-0.03490658503988659,-0.03490658503988659,0.7,-132.1898244461466
-0.03490658503988659,-0.026179938779914945,0.7,-114.4533356217906
-0.03490658503988659,-0.017453292519943295,0.7,-89.96985938514598
-0.03490658503988659,-0.008726646259971648,0.7,-53.399750486532426
-0.03490658503988659,0.0,0.7,-6.715306723072112
-0.03490658503988659,0.008726646259971648,0.7,43.07494391351545
-0.03490658503988659,0.017453292519943295,0.7,83.71906951847235
-0.03490658503988659,0.026179938779914945,0.7,112.65193365608869
-0.03490658503988659,0.03490658503988659,0.7,132.18992438522932
-0.026179938779914945,-0.03490658503988659,0.7,-149.2162497900565
-0.026179938779914945,-0.026179938779914945,0.7,-132.4726893568434
-0.026179938779914945,-0.017453292519943295,0.7,-107.94469736831313
-0.026179938779914945,-0.008726646259971648,0.7,-66.41923198602596
-0.026179938779914945,0.0,0.7,-5.310479607467652
-0.026179938779914945,0.008726646259971648,0.7,59.40533629679997
-0.026179938779914945,0.017453292519943295,0.7,105.03269558065934
-0.026179938779914945,0.026179938779914945,0.7,132.4726893568434
-0.026179938779914945,0.03490658503988659,0.7,148.09843296926883
-0.017453292519943295,-0.03490658503988659,0.7,-167.63856394547068
-0.017453292519943295,-0.026179938779914945,0.7,-155.10137371113518
-0.017453292519943295,-0.017453292519943295,0.7,-132.71778335966906
-0.017453292519943295,-0.008726646259971648,0.7,-89.61734876456251
-0.017453292519943295,0.0,0.7,-3.6772398532461756
-0.017453292519943295,0.008726646259971648,0.7,85.95290696181432
-0.017453292519943295,0.017453292519943295,0.7,132.71778335966906
-0.017453292519943295,0.026179938779914945,0.7,152.93500371003987
-0.017453292519943295,0.03490658503988659,0.7,163.35291676972187
-0.008726646259971648,-0.03490658503988659,0.7,-183.0981279188574
-0.008726646259971648,-0.026179938779914945,0.7,-178.46180446257037
-0.008726646259971648,-0.017453292519943295,0.7,-166.79594867952682
-0.008726646259971648,-0.008726646259971648,0.7,-132.91203892411278
-0.008726646259971648,0.0,0.7,-1.8826283125529153
-0.008726646259971648,0.008726646259971648,0.7,132.91203892411278
-0.008726646259971648,0.017453292519943295,0.7,164.13115015075311
-0.008726646259971648,0.026179938779914945,0.7,174.3565607836227
-0.008726646259971648,0.03490658503988659,0.7,178.4713041008395
0.0,-0.03490658503988659,0.7,-187.3969
0.0,-0.026179938779914945,0.7,-187.93
0.0,-0.017453292519943295,0.7,-188.3474
0.0,-0.008726646259971648,0.7,-188.6444
0.0,0.0,0.7,-0.0
0.0,0.008726646259971648,0.7,188.6444
0.0,0.017453292519943295,0.7,188.3474
0.0,0.026179938779914945,0.7,187.93
0.0,0.03490658503988659,0.7,187.3969
0.008726646259971648,-0.03490658503988659,0.7,-178.4713041008395
0.008726646259971648,-0.026179938779914945,0.7,-174.3565607836227
0.008726646259971648,-0.017453292519943295,0.7,-164.13115015075311
0.008726646259971648,-0.008726646259971648,0.7,-132.91203892411278
0.008726646259971648,0.0,0.7,1.8826283125529153
0.008726646259971648,0.008726646259971648,0.7,132.91203892411278
0.008726646259971648,0.017453292519943295,0.7,166.79584868333453
0.008726646259971648,0.026179938779914945,0.7,178.46180446257037
0.008726646259971648,0.03490658503988659,0.7,183.0981279188574
0.017453292519943295,-0.03490658503988659,0.7,-163.35291676972187
0.017453292519943295,-0.026179938779914945,0.7,-152.93510369480936
0.017453292519943295,-0.017453292519943295,0.7,-132.71778335966906
0.017453292519943295,-0.008726646259971648,0.7,-85.95290696181432
0.017453292519943295,0.0,0.7,3.6771398684766603
0.017453292519943295,0.008726646259971648,0.7,89.61734876456251
0.017453292519943295,0.017453292519943295,0.7,132.71778335966906
0.017453292519943295,0.026179938779914945,0.7,155.1012737263657
0.017453292519943295,0.03490658503988659,0.7,167.63856394547068
0.026179938779914945,-0.03490658503988659,0.7,-148.09843296926883
0.026179938779914945,-0.026179938779914945,0.7,-132.4726893568434
0.026179938779914945,-0.017453292519943295,0.7,-105.03269558065934
0.026179938779914945,-0.008726646259971648,0.7,-59.40533629679997
0.026179938779914945,0.0,0.7,5.310479607467652
0.026179938779914945,0.008726646259971648,0.7,66.41923198602596
0.026179938779914945,0.017453292519943295,0.7,107.94469736831313
0.026179938779914945,0.026179938779914945,0.7,132.4726893568434
0.026179938779914945,0.03490658503988659,0.7,149.216149824324
0.03490658503988659,-0.03490658503988659,0.7,-132.18992438522932
0.03490658503988659,-0.026179938779914945,0.7,-112.65193365608869
0.03490658503988659,-0.017453292519943295,0.7,-83.71896957938965
0.03490658503988659,-0.008726646259971648,0.7,-43.07494391351545
0.03490658503988659,0.0,0.7,6.715306723072112
0.03490658503988659,0.008726646259971648,0.7,53.399750486532426
0.03490658503988659,0.017453292519943295,0.7,89.96985938514598
0.03490658503988659,0.026179938779914945,0.7,114.4533356217906
0.03490658503988659,0.03490658503988659,0.7,132.1898244461466
-0.03490658503988659,-0.03490658503988659,0.8,-133.32183443591114
-0.03490658503988659,-0.026179938779914945,0.8,-115.33130046332688
-0.03490658503988659,-0.017453292519943295,0.8,-90.43417636337907
-0.03490658503988659,-0.008726646259971648,0.8,-53.41284250636638
-0.03490658503988659,0.0,0.8,-6.370916644081332
-0.03490658503988659,0.008726646259971648,0.8,43.4962870861867
-0.03490658503988659,0.017453292519943295,0.8,84.35388257179488
-0.03490658503988659,0.026179938779914945,0.8,113.55708192811989
-0.03490658503988659,0.03490658503988659,0.8,133.32183443591114
-0.026179938779914945,-0.03490658503988659,0.8,-150.5082069168549
-0.026179938779914945,-0.026179938779914945,0.8,-133.6101994269331
-0.026179938779914945,-0.017453292519943295,0.8,-108.68454375452754
-0.026179938779914945,-0.008726646259971648,0.8,-66.59537160668667
-0.026179938779914945,0.0,0.8,-5.034174322844408
-0.026179938779914945,0.008726646259971648,0.8,59.81529576577245
-0.026179938779914945,0.017453292519943295,0.8,105.83262137210477
-0.026179938779914945,0.026179938779914945,0.8,133.6101994269331
-0.026179938779914945,0.03490658503988659,0.8,149.47266189391271
-0.017453292519943295,-0.03490658503988659,0.8,-169.01485429785347
-0.017453292519943295,-0.026179938779914945,0.8,-156.46526595209804
-0.017453292519943295,-0.017453292519943295,0.8,-133.86010935138526
-0.017453292519943295,-0.008726646259971648,0.8,-90.09057667868002
-0.017453292519943295,0.0,0.8,-3.483569354694383
-0.017453292519943295,0.008726646259971648,0.8,86.52292013282299
-0.017453292519943295,0.017453292519943295,0.8,133.86010935138526
-0.017453292519943295,0.026179938779914945,0.8,154.41017899947357
-0.017453292519943295,0.03490658503988659,0.8,164.9706703404849
-0.008726646259971648,-0.03490658503988659,0.8,-184.4571761684939
-0.008726646259971648,-0.026179938779914945,0.8,-179.8726507398216
-0.008726646259971648,-0.017453292519943295,0.8,-168.25769301866205
-0.008726646259971648,-0.008726646259971648,0.8,-134.05829527652122
-0.008726646259971648,0.0,0.8,-1.782632120246498
-0.008726646259971648,0.008726646259971648,0.8,134.05829527652122
-0.008726646259971648,0.017453292519943295,0.8,165.7247894675405
-0.008726646259971648,0.026179938779914945,0.8,176.0159975949477
-0.008726646259971648,0.03490658503988659,0.8,180.14564034481813
0.0,-0.03490658503988659,0.8,-188.8838
0.0,-0.026179938779914945,0.8,-189.3914
0.0,-0.017453292519943295,0.8,-189.7913
0.0,-0.008726646259971648,0.8,-190.078
0.0,0.0,0.8,-0.0
0.0,0.008726646259971648,0.8,190.078
0.0,0.017453292519943295,0.8,189.7913
0.0,0.026179938779914945,0.8,189.3914
0.0,0.03490658503988659,0.8,188.8838
0.008726646259971648,-0.03490658503988659,0.8,-180.14564034481813
0.008726646259971648,-0.026179938779914945,0.8,-176.0159975949477
0.008726646259971648,-0.017453292519943295,0.8,-165.7247894675405
0.008726646259971648,-0.008726646259971648,0.8,-134.05829527652122
0.008726646259971648,0.0,0.8,1.782632120246498
0.008726646259971648,0.008726646259971648,0.8,134.05829527652122
0.008726646259971648,0.017453292519943295,0.8,168.25769301866205
0.008726646259971648,0.026179938779914945,0.8,179.8726507398216
0.008726646259971648,0.03490658503988659,0.8,184.4571761684939
0.017453292519943295,-0.03490658503988659,0.8,-164.9706703404849
0.017453292519943295,-0.026179938779914945,0.8,-154.41017899947357
0.017453292519943295,-0.017453292519943295,0.8,-133.86010935138526
0.017453292519943295,-0.008726646259971648,0.8,-86.52292013282299
0.017453292519943295,0.0,0.8,3.483569354694383
0.017453292519943295,0.008726646259971648,0.8,90.09047669391052
0.017453292519943295,0.017453292519943295,0.8,133.86010935138526
0.017453292519943295,0.026179938779914945,0.8,156.46516596732852
0.017453292519943295,0.03490658503988659,0.8,169.01485429785347
0.026179938779914945,-0.03490658503988659,0.8,-149.47266189391271
0.026179938779914945,-0.026179938779914945,0.8,-133.6101994269331
0.026179938779914945,-0.017453292519943295,0.8,-105.83262137210477
0.026179938779914945,-0.008726646259971648,0.8,-59.81529576577245
0.026179938779914945,0.0,0.8,5.034174322844408
0.026179938779914945,0.008726646259971648,0.8,66.59547157241917
0.026179938779914945,0.017453292519943295,0.8,108.68454375452754
0.026179938779914945,0.026179938779914945,0.8,133.6101994269331
0.026179938779914945,0.03490658503988659,0.8,150.5082069168549
0.03490658503988659,-0.03490658503988659,0.8,-133.32183443591114
0.03490658503988659,-0.026179938779914945,0.8,-113.55708192811989
0.03490658503988659,-0.017453292519943295,0.8,-84.35388257179488
0.03490658503988659,-0.008726646259971648,0.8,-43.496187147104
0.03490658503988659,0.0,0.8,6.370916644081332
0.03490658503988659,0.008726646259971648,0.8,53.41284250636638
0.03490658503988659,0.017453292519943295,0.8,90.43417636337907
0.03490658503988659,0.026179938779914945,0.8,115.33130046332688
0.03490658503988659,0.03490658503988659,0.8,133.32183443591114
-0.03490658503988659,-0.03490658503988659,0.9,-133.916971673401
-0.03490658503988659,-0.026179938779914945,0.9,-115.5564632166543
-0.03490658503988659,-0.017453292519943295,0.9,-90.11996788736425
-0.03490658503988659,-0.008726646259971648,0.9,-52.7178661252573
-0.03490658503988659,0.0,0.9,-5.61407797077977
-0.03490658503988659,0.008726646259971648,0.9,43.914032451880686
-0.03490658503988659,0.017453292519943295,0.9,84.67718550433557
-0.03490658503988659,0.026179938779914945,0.9,113.99021791254997
-0.03490658503988659,0.03490658503988659,0.9,133.916971673401
-0.026179938779914945,-0.03490658503988659,0.9,-151.33692283925964
-0.026179938779914945,-0.026179938779914945,0.9,-134.206894884211
-0.026179938779914945,-0.017453292519943295,0.9,-108.71863206930921
-0.026179938779914945,-0.008726646259971648,0.9,-66.0705515110745
-0.026179938779914945,0.0,0.9,-4.4398780431464395
-0.026179938779914945,0.008726646259971648,0.9,60.01312795038511
-0.026179938779914945,0.017453292519943295,0.9,106.15121216157449
-0.026179938779914945,0.026179938779914945,0.9,134.206894884211
-0.026179938779914945,0.03490658503988659,0.9,150.3332668849842
-0.017453292519943295,-0.03490658503988659,0.9,-169.98250689722582
-0.017453292519943295,-0.026179938779914945,0.9,-157.39302462843364
-0.017453292519943295,-0.017453292519943295,0.9,-134.4582182426278
-0.017453292519943295,-0.008726646259971648,0.9,-89.85691227232198
-0.017453292519943295,0.0,0.9,-3.0736317996802627
-0.017453292519943295,0.008726646259971648,0.9,86.64050222177339
-0.017453292519943295,0.017453292519943295,0.9,134.4582182426278
-0.017453292519943295,0.026179938779914945,0.9,155.44262172949206
-0.017453292519943295,0.03490658503988659,0.9,166.1948838584344
-0.008726646259971648,-0.03490658503988659,0.9,-185.4343389597122
-0.008726646259971648,-0.026179938779914945,0.9,-180.90631137969302
-0.008726646259971648,-0.017453292519943295,0.9,-169.33265208595603
-0.008726646259971648,-0.008726646259971648,0.9,-134.6576724532059
-0.008726646259971648,0.0,0.9,-1.573040101172248
-0.008726646259971648,0.008726646259971648,0.9,134.6576724532059
-0.008726646259971648,0.017453292519943295,0.9,166.95694254914017
-0.008726646259971648,0.026179938779914945,0.9,177.3435470440077
-0.008726646259971648,0.03490658503988659,0.9,181.48728925699334
0.0,-0.03490658503988659,0.9,-190.0211
0.0,-0.026179938779914945,0.9,-190.5075
0.0,-0.017453292519943295,0.9,-190.8929
0.0,-0.008726646259971648,0.9,-191.1705
0.0,0.0,0.9,-0.0
0.0,0.008726646259971648,0.9,191.1705
0.0,0.017453292519943295,0.9,190.8928
0.0,0.026179938779914945,0.9,190.5075
0.0,0.03490658503988659,0.9,190.021
0.008726646259971648,-0.03490658503988659,0.9,-181.48728925699334
0.008726646259971648,-0.026179938779914945,0.9,-177.3435470440077
0.008726646259971648,-0.017453292519943295,0.9,-166.95694254914017
0.008726646259971648,-0.008726646259971648,0.9,-134.6576724532059
0.008726646259971648,0.0,0.9,1.573040101172248
0.008726646259971648,0.008726646259971648,0.9,134.6576724532059
0.008726646259971648,0.017453292519943295,0.9,169.33265208595603
0.008726646259971648,0.026179938779914945,0.9,180.90631137969302
0.008726646259971648,0.03490658503988659,0.9,185.4343389597122
0.017453292519943295,-0.03490658503988659,0.9,-166.1948838584344
0.017453292519943295,-0.026179938779914945,0.9,-155.44262172949206
0.017453292519943295,-0.017453292519943295,0.9,-134.4582182426278
0.017453292519943295,-0.008726646259971648,0.9,-86.64050222177339
0.017453292519943295,0.0,0.9,3.0736317996802627
0.017453292519943295,0.008726646259971648,0.9,89.85691227232198
0.017453292519943295,0.017453292519943295,0.9,134.4582182426278
0.017453292519943295,0.026179938779914945,0.9,157.39302462843364
0.017453292519943295,0.03490658503988659,0.9,169.98250689722582
0.026179938779914945,-0.03490658503988659,0.9,-150.3332668849842
0.026179938779914945,-0.026179938779914945,0.9,-134.206894884211
0.026179938779914945,-0.017453292519943295,0.9,-106.15121216157449
0.026179938779914945,-0.008726646259971648,0.9,-60.01312795038511
0.026179938779914945,0.0,0.9,4.4398780431464395
0.026179938779914945,0.008726646259971648,0.9,66.0705515110745
0.026179938779914945,0.017453292519943295,0.9,108.71863206930921
0.026179938779914945,0.026179938779914945,0.9,134.2067949184785
0.026179938779914945,0.03490658503988659,0.9,151.33692283925964
0.03490658503988659,-0.03490658503988659,0.9,-133.916971673401
0.03490658503988659,-0.026179938779914945,0.9,-113.99021791254997
0.03490658503988659,-0.017453292519943295,0.9,-84.67718550433557
0.03490658503988659,-0.008726646259971648,0.9,-43.91393251279798
0.03490658503988659,0.0,0.9,5.61407797077977
0.03490658503988659,0.008726646259971648,0.9,52.7178661252573
0.03490658503988659,0.017453292519943295,0.9,90.11996788736425
0.03490658503988659,0.026179938779914945,0.9,115.5564632166543
0.03490658503988659,0.03490658503988659,0.9,133.916971673401
-0.03490658503988659,-0.03490658503988659,1,-134.8328134272813
-0.03490658503988659,-0.026179938779914945,1,-116.1016309127932
-0.03490658503988659,-0.017453292519943295,1,-90.11057361359028
-0.03490658503988659,-0.008726646259971648,1,-52.30231941938276
-0.03490658503988659,0.0,1,-5.011045545756448
-0.03490658503988659,0.008726646259971648,1,44.33987288327352
-0.03490658503988659,0.017453292519943295,1,85.19866763787414
-0.03490658503988659,0.026179938779914945,1,114.69778661807948
-0.03490658503988659,0.03490658503988659,1,134.8328134272813
-0.026179938779914945,-0.03490658503988659,1,-152.46233705571711
-0.026179938779914945,-0.026179938779914945,1,-135.1516710220454
-0.026179938779914945,-0.017453292519943295,1,-109.07520983712799
-0.026179938779914945,-0.008726646259971648,1,-65.83553207397274
-0.026179938779914945,0.0,1,-3.956943589450748
-0.026179938779914945,0.008726646259971648,1,60.340515724314606
-0.026179938779914945,0.017453292519943295,1,106.75220614534979
-0.026179938779914945,0.026179938779914945,1,135.1516710220454
-0.026179938779914945,0.03490658503988659,1,151.5882366907585
-0.017453292519943295,-0.03490658503988659,1,-171.1619272384323
-0.017453292519943295,-0.026179938779914945,1,-158.6367351764387
-0.017453292519943295,-0.017453292519943295,1,-135.42837046123805
-0.017453292519943295,-0.008726646259971648,1,-89.94219928071881
-0.017453292519943295,0.0,1,-2.734683431022246
-0.017453292519943295,0.008726646259971648,1,87.02094426978039
-0.017453292519943295,0.017453292519943295,1,135.42837046123805
-0.017453292519943295,0.026179938779914945,1,156.88800155761015
-0.017453292519943295,0.03490658503988659,1,167.7985395766957
-0.008726646259971648,-0.03490658503988659,1,-186.4053019870075
-0.008726646259971648,-0.026179938779914945,1,-182.07526686775506
-0.008726646259971648,-0.017453292519943295,1,-170.70499982916928
-0.008726646259971648,-0.008726646259971648,1,-135.64783474942402
-0.008726646259971648,0.0,1,-1.3972467950975667
-0.008726646259971648,0.008726646259971648,1,135.64783474942402
-0.008726646259971648,0.017453292519943295,1,168.5548817021967
-0.008726646259971648,0.026179938779914945,1,178.9686851613716
-0.008726646259971648,0.03490658503988659,1,183.08172854331914
0.0,-0.03490658503988659,1,-191.1964
0.0,-0.026179938779914945,1,-191.6468
0.0,-0.017453292519943295,1,-192.0096
0.0,-0.008726646259971648,1,-192.2763
0.0,0.0,1,-0.0
0.0,0.008726646259971648,1,192.2763
0.0,0.017453292519943295,1,192.0095
0.0,0.026179938779914945,1,191.6468
0.0,0.03490658503988659,1,191.1964
0.008726646259971648,-0.03490658503988659,1,-183.08172854331914
0.008726646259971648,-0.026179938779914945,1,-178.9686851613716
0.008726646259971648,-0.017453292519943295,1,-168.5548817021967
0.008726646259971648,-0.008726646259971648,1,-135.64783474942402
0.008726646259971648,0.0,1,1.3972467950975667
0.008726646259971648,0.008726646259971648,1,135.64783474942402
0.008726646259971648,0.017453292519943295,1,170.70499982916928
0.008726646259971648,0.026179938779914945,1,182.07526686775506
0.008726646259971648,0.03490658503988659,1,186.4053019870075
0.017453292519943295,-0.03490658503988659,1,-167.7985395766957
0.017453292519943295,-0.026179938779914945,1,-156.88800155761015
0.017453292519943295,-0.017453292519943295,1,-135.42837046123805
0.017453292519943295,-0.008726646259971648,1,-87.02094426978039
0.017453292519943295,0.0,1,2.734683431022246
0.017453292519943295,0.008726646259971648,1,89.94219928071881
0.017453292519943295,0.017453292519943295,1,135.42837046123805
0.017453292519943295,0.026179938779914945,1,158.6367351764387
0.017453292519943295,0.03490658503988659,1,171.1619272384323
0.026179938779914945,-0.03490658503988659,1,-151.5882366907585
0.026179938779914945,-0.026179938779914945,1,-135.1516710220454
0.026179938779914945,-0.017453292519943295,1,-106.75220614534979
0.026179938779914945,-0.008726646259971648,1,-60.340515724314606
0.026179938779914945,0.0,1,3.956943589450748
0.026179938779914945,0.008726646259971648,1,65.83553207397274
0.026179938779914945,0.017453292519943295,1,109.07510987139548
0.026179938779914945,0.026179938779914945,1,135.1516710220454
0.026179938779914945,0.03490658503988659,1,152.46233705571711
0.03490658503988659,-0.03490658503988659,1,-134.8328134272813
0.03490658503988659,-0.026179938779914945,1,-114.69778661807948
0.03490658503988659,-0.017453292519943295,1,-85.19866763787414
0.03490658503988659,-0.008726646259971648,1,-44.33987288327352
0.03490658503988659,0.0,1,5.011045545756448
0.03490658503988659,0.008726646259971648,1,52.30231941938276
0.03490658503988659,0.017453292519943295,1,90.11057361359028
0.03490658503988659,0.026179938779914945,1,116.1016309127932
0.03490658503988659,0.03490658503988659,1,134.8328134272813
