alpha,beta,mach,Cmq [1/rad]
-0.03490658503988659,-0.03490658503988659,0.01,716.5935
-0.03490658503988659,-0.026179938779914945,0.01,800.5317
-0.03490658503988659,-0.017453292519943295,0.01,900.9376
-0.03490658503988659,-0.008726646259971648,0.01,996.8849
-0.03490658503988659,0.0,0.01,-1031.0885
-0.03490658503988659,0.008726646259971648,0.01,996.8852
-0.03490658503988659,0.017453292519943295,0.01,900.9373
-0.03490658503988659,0.026179938779914945,0.01,800.5315
-0.03490658503988659,0.03490658503988659,0.01,716.5934
-0.026179938779914945,-0.03490658503988659,0.01,623.6423
-0.026179938779914945,-0.026179938779914945,0.01,719.8535
-0.026179938779914945,-0.017453292519943295,0.01,833.0062
-0.026179938779914945,-0.008726646259971648,0.01,962.7808
-0.026179938779914945,0.0,0.01,-1043.9288
-0.026179938779914945,0.008726646259971648,0.01,962.7808
-0.026179938779914945,0.017453292519943295,0.01,833.006
-0.026179938779914945,0.026179938779914945,0.01,719.8533
-0.026179938779914945,0.03490658503988659,0.01,623.6422
-0.017453292519943295,-0.03490658503988659,0.01,469.9526
-0.017453292519943295,-0.026179938779914945,0.01,581.4598
-0.017453292519943295,-0.017453292519943295,0.01,720.0032
-0.017453292519943295,-0.008726646259971648,0.01,894.6606
-0.017453292519943295,0.0,0.01,-1057.8596
-0.017453292519943295,0.008726646259971648,0.01,894.6602
-0.017453292519943295,0.017453292519943295,0.01,720.0031
-0.017453292519943295,0.026179938779914945,0.01,581.4596
-0.017453292519943295,0.03490658503988659,0.01,469.9526
-0.008726646259971648,-0.03490658503988659,0.01,242.6306
-0.008726646259971648,-0.026179938779914945,0.01,327.4347
-0.008726646259971648,-0.017453292519943295,0.01,470.1843
-0.008726646259971648,-0.008726646259971648,0.01,716.8221
-0.008726646259971648,0.0,0.01,-1072.6655
-0.008726646259971648,0.008726646259971648,0.01,716.8221
-0.008726646259971648,0.017453292519943295,0.01,470.1841
-0.008726646259971648,0.026179938779914945,0.01,327.4347
-0.008726646259971648,0.03490658503988659,0.01,242.6305
0.0,-0.03490658503988659,0.01,-43.3136
0.0,-0.026179938779914945,0.01,-43.3658
0.0,-0.017453292519943295,0.01,-43.4191
0.0,-0.008726646259971648,0.01,-43.4691
0.0,0.0,0.01,-1087.8654
0.0,0.008726646259971648,0.01,-43.4691
0.0,0.017453292519943295,0.01,-43.4191
0.0,0.026179938779914945,0.01,-43.3658
0.0,0.03490658503988659,0.01,-43.3136
0.008726646259971648,-0.03490658503988659,0.01,-329.2578
0.008726646259971648,-0.026179938779914945,0.01,-414.1663
0.008726646259971648,-0.017453292519943295,0.01,-557.0222
0.008726646259971648,-0.008726646259971648,0.01,-803.7603
0.008726646259971648,0.0,0.01,-1101.8458
0.008726646259971648,0.008726646259971648,0.01,-803.7603
0.008726646259971648,0.017453292519943295,0.01,-557.0222
0.008726646259971648,0.026179938779914945,0.01,-414.1661
0.008726646259971648,0.03490658503988659,0.01,-329.258
0.017453292519943295,-0.03490658503988659,0.01,-556.5799
0.017453292519943295,-0.026179938779914945,0.01,-668.1912
0.017453292519943295,-0.017453292519943295,0.01,-806.8412
0.017453292519943295,-0.008726646259971648,0.01,-981.5984
0.017453292519943295,0.0,0.01,-1114.7209
0.017453292519943295,0.008726646259971648,0.01,-981.5987
0.017453292519943295,0.017453292519943295,0.01,-806.8412
0.017453292519943295,0.026179938779914945,0.01,-668.1913
0.017453292519943295,0.03490658503988659,0.01,-556.58
0.026179938779914945,-0.03490658503988659,0.01,-710.2695
0.026179938779914945,-0.026179938779914945,0.01,-806.5848
0.026179938779914945,-0.017453292519943295,0.01,-919.8441
0.026179938779914945,-0.008726646259971648,0.01,-1049.7189
0.026179938779914945,0.0,0.01,-1126.0072
0.026179938779914945,0.008726646259971648,0.01,-1049.7191
0.026179938779914945,0.017453292519943295,0.01,-919.8441
0.026179938779914945,0.026179938779914945,0.01,-806.5848
0.026179938779914945,0.03490658503988659,0.01,-710.2693
0.03490658503988659,-0.03490658503988659,0.01,-803.2208
0.03490658503988659,-0.026179938779914945,0.01,-887.2632
0.03490658503988659,-0.017453292519943295,0.01,-987.7753
0.03490658503988659,-0.008726646259971648,0.01,-1083.8231
0.03490658503988659,0.0,0.01,-1135.1521
0.03490658503988659,0.008726646259971648,0.01,-1083.8234
0.03490658503988659,0.017453292519943295,0.01,-987.7753
0.03490658503988659,0.026179938779914945,0.01,-887.2632
0.03490658503988659,0.03490658503988659,0.01,-803.2207
-0.03490658503988659,-0.03490658503988659,0.1,715.687
-0.03490658503988659,-0.026179938779914945,0.1,799.7827
-0.03490658503988659,-0.017453292519943295,0.1,900.3975
-0.03490658503988659,-0.008726646259971648,0.1,996.6102
-0.03490658503988659,0.0,0.1,-1032.3547
-0.03490658503988659,0.008726646259971648,0.1,996.6101
-0.03490658503988659,0.017453292519943295,0.1,900.3974
-0.03490658503988659,0.026179938779914945,0.1,799.7826
-0.03490658503988659,0.03490658503988659,0.1,715.6869
-0.026179938779914945,-0.03490658503988659,0.1,622.7198
-0.026179938779914945,-0.026179938779914945,0.1,719.0571
-0.026179938779914945,-0.017453292519943295,0.1,832.413
-0.026179938779914945,-0.008726646259971648,0.1,962.4777
-0.026179938779914945,0.0,0.1,-1045.1953
-0.026179938779914945,0.008726646259971648,0.1,962.4777
-0.026179938779914945,0.017453292519943295,0.1,832.413
-0.026179938779914945,0.026179938779914945,0.1,719.0569
-0.026179938779914945,0.03490658503988659,0.1,622.7199
-0.017453292519943295,-0.03490658503988659,0.1,469.0586
-0.017453292519943295,-0.026179938779914945,0.1,580.631
-0.017453292519943295,-0.017453292519943295,0.1,719.3183
-0.017453292519943295,-0.008726646259971648,0.1,894.2855
-0.017453292519943295,0.0,0.1,-1059.1116
-0.017453292519943295,0.008726646259971648,0.1,894.2853
-0.017453292519943295,0.017453292519943295,0.1,719.3182
-0.017453292519943295,0.026179938779914945,0.1,580.6309
-0.017453292519943295,0.03490658503988659,0.1,469.0585
-0.008726646259971648,-0.03490658503988659,0.1,241.8319
-0.008726646259971648,-0.026179938779914945,0.1,326.6678
-0.008726646259971648,-0.017453292519943295,0.1,469.4468
-0.008726646259971648,-0.008726646259971648,0.1,716.2477
-0.008726646259971648,0.0,0.1,-1073.8767
-0.008726646259971648,0.008726646259971648,0.1,716.2477
-0.008726646259971648,0.017453292519943295,0.1,469.4467
-0.008726646259971648,0.026179938779914945,0.1,326.6678
-0.008726646259971648,0.03490658503988659,0.1,241.8318
0.0,-0.03490658503988659,0.1,-43.8108
0.0,-0.026179938779914945,0.1,-43.8638
0.0,-0.017453292519943295,0.1,-43.9179
0.0,-0.008726646259971648,0.1,-43.9686
0.0,0.0,0.1,-1089.0033
0.0,0.008726646259971648,0.1,-43.9687
0.0,0.017453292519943295,0.1,-43.9179
0.0,0.026179938779914945,0.1,-43.8638
0.0,0.03490658503988659,0.1,-43.811
0.008726646259971648,-0.03490658503988659,0.1,-329.4536
0.008726646259971648,-0.026179938779914945,0.1,-414.3955
0.008726646259971648,-0.017453292519943295,0.1,-557.2826
0.008726646259971648,-0.008726646259971648,0.1,-804.1851
0.008726646259971648,0.0,0.1,-1102.8892
0.008726646259971648,0.008726646259971648,0.1,-804.1851
0.008726646259971648,0.017453292519943295,0.1,-557.2825
0.008726646259971648,0.026179938779914945,0.1,-414.3955
0.008726646259971648,0.03490658503988659,0.1,-329.4536
0.017453292519943295,-0.03490658503988659,0.1,-556.6805
0.017453292519943295,-0.026179938779914945,0.1,-668.3586
0.017453292519943295,-0.017453292519943295,0.1,-807.1539
0.017453292519943295,-0.008726646259971648,0.1,-982.2227
0.017453292519943295,0.0,0.1,-1115.6604
0.017453292519943295,0.008726646259971648,0.1,-982.2229
0.017453292519943295,0.017453292519943295,0.1,-807.1539
0.017453292519943295,0.026179938779914945,0.1,-668.3588
0.017453292519943295,0.03490658503988659,0.1,-556.6804
0.026179938779914945,-0.03490658503988659,0.1,-710.3416
0.026179938779914945,-0.026179938779914945,0.1,-806.7845
0.026179938779914945,-0.017453292519943295,0.1,-920.2488
0.026179938779914945,-0.008726646259971648,0.1,-1050.4149
0.026179938779914945,0.0,0.1,-1126.8457
0.026179938779914945,0.008726646259971648,0.1,-1050.4149
0.026179938779914945,0.017453292519943295,0.1,-920.2487
0.026179938779914945,0.026179938779914945,0.1,-806.7845
0.026179938779914945,0.03490658503988659,0.1,-710.3416
0.03490658503988659,-0.03490658503988659,0.1,-803.3087
0.03490658503988659,-0.026179938779914945,0.1,-887.5102
0.03490658503988659,-0.017453292519943295,0.1,-988.2332
0.03490658503988659,-0.008726646259971648,0.1,-1084.5472
0.03490658503988659,0.0,0.1,-1135.9023
0.03490658503988659,0.008726646259971648,0.1,-1084.5475
0.03490658503988659,0.017453292519943295,0.1,-988.2332
0.03490658503988659,0.026179938779914945,0.1,-887.5102
0.03490658503988659,0.03490658503988659,0.1,-803.3087
-0.03490658503988659,-0.03490658503988659,0.2,713.2625
-0.03490658503988659,-0.026179938779914945,0.2,797.7939
-0.03490658503988659,-0.017453292519943295,0.2,898.9832
-0.03490658503988659,-0.008726646259971648,0.2,995.9741
-0.03490658503988659,0.0,0.2,-1035.9449
-0.03490658503988659,0.008726646259971648,0.2,995.9741
-0.03490658503988659,0.017453292519943295,0.2,898.9832
-0.03490658503988659,0.026179938779914945,0.2,797.7937
-0.03490658503988659,0.03490658503988659,0.2,713.2623
-0.026179938779914945,-0.03490658503988659,0.2,620.2598
-0.026179938779914945,-0.026179938779914945,0.2,716.9418
-0.026179938779914945,-0.017453292519943295,0.2,830.8567
-0.026179938779914945,-0.008726646259971648,0.2,961.7556
-0.026179938779914945,0.0,0.2,-1048.7936
-0.026179938779914945,0.008726646259971648,0.2,961.7556
-0.026179938779914945,0.017453292519943295,0.2,830.8565
-0.026179938779914945,0.026179938779914945,0.2,716.9417
-0.026179938779914945,0.03490658503988659,0.2,620.2599
-0.017453292519943295,-0.03490658503988659,0.2,466.6933
-0.017453292519943295,-0.026179938779914945,0.2,578.4366
-0.017453292519943295,-0.017453292519943295,0.2,717.5145
-0.017453292519943295,-0.008726646259971648,0.2,893.3585
-0.017453292519943295,0.0,0.2,-1062.6666
-0.017453292519943295,0.008726646259971648,0.2,893.3583
-0.017453292519943295,0.017453292519943295,0.2,717.5144
-0.017453292519943295,0.026179938779914945,0.2,578.4366
-0.017453292519943295,0.03490658503988659,0.2,466.6932
-0.008726646259971648,-0.03490658503988659,0.2,239.7992
-0.008726646259971648,-0.026179938779914945,0.2,324.7176
-0.008726646259971648,-0.017453292519943295,0.2,467.5444
-0.008726646259971648,-0.008726646259971648,0.2,714.7659
-0.008726646259971648,0.0,0.2,-1077.2969
-0.008726646259971648,0.008726646259971648,0.2,714.7657
-0.008726646259971648,0.017453292519943295,0.2,467.5442
-0.008726646259971648,0.026179938779914945,0.2,324.7177
-0.008726646259971648,0.03490658503988659,0.2,239.7991
0.0,-0.03490658503988659,0.2,-45.3383
0.0,-0.026179938779914945,0.2,-45.3933
0.0,-0.017453292519943295,0.2,-45.4495
0.0,-0.008726646259971648,0.2,-45.5021
0.0,0.0,0.2,-1092.1758
0.0,0.008726646259971648,0.2,-45.5022
0.0,0.017453292519943295,0.2,-45.4495
0.0,0.026179938779914945,0.2,-45.3933
0.0,0.03490658503988659,0.2,-45.3383
0.008726646259971648,-0.03490658503988659,0.2,-330.4757
0.008726646259971648,-0.026179938779914945,0.2,-415.5042
0.008726646259971648,-0.017453292519943295,0.2,-558.4433
0.008726646259971648,-0.008726646259971648,0.2,-805.77
0.008726646259971648,0.0,0.2,-1105.7523
0.008726646259971648,0.008726646259971648,0.2,-805.77
0.008726646259971648,0.017453292519943295,0.2,-558.4433
0.008726646259971648,0.026179938779914945,0.2,-415.5043
0.008726646259971648,0.03490658503988659,0.2,-330.4758
0.017453292519943295,-0.03490658503988659,0.2,-557.3699
0.017453292519943295,-0.026179938779914945,0.2,-669.2231
0.017453292519943295,-0.017453292519943295,0.2,-808.4134
0.017453292519943295,-0.008726646259971648,0.2,-984.3627
0.017453292519943295,0.0,0.2,-1118.2114
0.017453292519943295,0.008726646259971648,0.2,-984.3629
0.017453292519943295,0.017453292519943295,0.2,-808.4134
0.017453292519943295,0.026179938779914945,0.2,-669.2233
0.017453292519943295,0.03490658503988659,0.2,-557.3698
0.026179938779914945,-0.03490658503988659,0.2,-710.9365
0.026179938779914945,-0.026179938779914945,0.2,-807.7283
0.026179938779914945,-0.017453292519943295,0.2,-921.7554
0.026179938779914945,-0.008726646259971648,0.2,-1052.7598
0.026179938779914945,0.0,0.2,-1129.1351
0.026179938779914945,0.008726646259971648,0.2,-1052.76
0.026179938779914945,0.017453292519943295,0.2,-921.7554
0.026179938779914945,0.026179938779914945,0.2,-807.7283
0.026179938779914945,0.03490658503988659,0.2,-710.9365
0.03490658503988659,-0.03490658503988659,0.2,-803.939
0.03490658503988659,-0.026179938779914945,0.2,-888.5804
0.03490658503988659,-0.017453292519943295,0.2,-989.8823
0.03490658503988659,-0.008726646259971648,0.2,-1086.9783
0.03490658503988659,0.0,0.2,-1138.0265
0.03490658503988659,0.008726646259971648,0.2,-1086.9783
0.03490658503988659,0.017453292519943295,0.2,-989.8823
0.03490658503988659,0.026179938779914945,0.2,-888.5804
0.03490658503988659,0.03490658503988659,0.2,-803.939
-0.03490658503988659,-0.03490658503988659,0.3,709.5368
-0.03490658503988659,-0.026179938779914945,0.3,795.0428
-0.03490658503988659,-0.017453292519943295,0.3,897.4742
-0.03490658503988659,-0.008726646259971648,0.3,996.0208
-0.03490658503988659,0.0,0.3,-1043.6609
-0.03490658503988659,0.008726646259971648,0.3,996.0209
-0.03490658503988659,0.017453292519943295,0.3,897.4741
-0.03490658503988659,0.026179938779914945,0.3,795.0428
-0.03490658503988659,0.03490658503988659,0.3,709.5366
-0.026179938779914945,-0.03490658503988659,0.3,616.3357
-0.026179938779914945,-0.026179938779914945,0.3,713.8314
-0.026179938779914945,-0.017453292519943295,0.3,829.0115
-0.026179938779914945,-0.008726646259971648,0.3,961.6558
-0.026179938779914945,0.0,0.3,-1056.4877
-0.026179938779914945,0.008726646259971648,0.3,961.656
-0.026179938779914945,0.017453292519943295,0.3,829.0113
-0.026179938779914945,0.026179938779914945,0.3,713.8313
-0.026179938779914945,0.03490658503988659,0.3,616.3356
-0.017453292519943295,-0.03490658503988659,0.3,462.8125
-0.017453292519943295,-0.026179938779914945,0.3,575.0015
-0.017453292519943295,-0.017453292519943295,0.3,715.0352
-0.017453292519943295,-0.008726646259971648,0.3,892.8283
-0.017453292519943295,0.0,0.3,-1070.2537
-0.017453292519943295,0.008726646259971648,0.3,892.8281
-0.017453292519943295,0.017453292519943295,0.3,715.035
-0.017453292519943295,0.026179938779914945,0.3,575.0013
-0.017453292519943295,0.03490658503988659,0.3,462.8125
-0.008726646259971648,-0.03490658503988659,0.3,236.3966
-0.008726646259971648,-0.026179938779914945,0.3,321.5248
-0.008726646259971648,-0.017453292519943295,0.3,464.581
-0.008726646259971648,-0.008726646259971648,0.3,712.9346
-0.008726646259971648,0.0,0.3,-1084.6272
-0.008726646259971648,0.008726646259971648,0.3,712.9344
-0.008726646259971648,0.017453292519943295,0.3,464.5808
-0.008726646259971648,0.026179938779914945,0.3,321.5249
-0.008726646259971648,0.03490658503988659,0.3,236.3965
0.0,-0.03490658503988659,0.3,-47.95
0.0,-0.026179938779914945,0.3,-48.0085
0.0,-0.017453292519943295,0.3,-48.0681
0.0,-0.008726646259971648,0.3,-48.1239
0.0,0.0,0.3,-1099.0662
0.0,0.008726646259971648,0.3,-48.124
0.0,0.017453292519943295,0.3,-48.0682
0.0,0.026179938779914945,0.3,-48.0085
0.0,0.03490658503988659,0.3,-47.9501
0.008726646259971648,-0.03490658503988659,0.3,-332.2966
0.008726646259971648,-0.026179938779914945,0.3,-417.5419
0.008726646259971648,-0.017453292519943295,0.3,-560.7172
0.008726646259971648,-0.008726646259971648,0.3,-809.1824
0.008726646259971648,0.0,0.3,-1112.0977
0.008726646259971648,0.008726646259971648,0.3,-809.1824
0.008726646259971648,0.017453292519943295,0.3,-560.7172
0.008726646259971648,0.026179938779914945,0.3,-417.5419
0.008726646259971648,0.03490658503988659,0.3,-332.2967
0.017453292519943295,-0.03490658503988659,0.3,-558.7127
0.017453292519943295,-0.026179938779914945,0.3,-671.0184
0.017453292519943295,-0.017453292519943295,0.3,-811.1714
0.017453292519943295,-0.008726646259971648,0.3,-989.076
0.017453292519943295,0.0,0.3,-1124.001
0.017453292519943295,0.008726646259971648,0.3,-989.0762
0.017453292519943295,0.017453292519943295,0.3,-811.1714
0.017453292519943295,0.026179938779914945,0.3,-671.0184
0.017453292519943295,0.03490658503988659,0.3,-558.7127
0.026179938779914945,-0.03490658503988659,0.3,-712.2357
0.026179938779914945,-0.026179938779914945,0.3,-809.8483
0.026179938779914945,-0.017453292519943295,0.3,-925.1476
0.026179938779914945,-0.008726646259971648,0.3,-1057.9038
0.026179938779914945,0.0,0.3,-1134.4424
0.026179938779914945,0.008726646259971648,0.3,-1057.9039
0.026179938779914945,0.017453292519943295,0.3,-925.1477
0.026179938779914945,0.026179938779914945,0.3,-809.8483
0.026179938779914945,0.03490658503988659,0.3,-712.2356
0.03490658503988659,-0.03490658503988659,0.3,-805.4367
0.03490658503988659,-0.026179938779914945,0.3,-891.0598
0.03490658503988659,-0.017453292519943295,0.3,-993.6105
0.03490658503988659,-0.008726646259971648,0.3,-1092.2684
0.03490658503988659,0.0,0.3,-1142.9976
0.03490658503988659,0.008726646259971648,0.3,-1092.2687
0.03490658503988659,0.017453292519943295,0.3,-993.6105
0.03490658503988659,0.026179938779914945,0.3,-891.06
0.03490658503988659,0.03490658503988659,0.3,-805.4367
-0.03490658503988659,-0.03490658503988659,0.4,703.5568
-0.03490658503988659,-0.026179938779914945,0.4,790.589
-0.03490658503988659,-0.017453292519943295,0.4,895.0073
-0.03490658503988659,-0.008726646259971648,0.4,995.9935
-0.03490658503988659,0.0,0.4,-1055.2327
-0.03490658503988659,0.008726646259971648,0.4,995.9937
-0.03490658503988659,0.017453292519943295,0.4,895.0073
-0.03490658503988659,0.026179938779914945,0.4,790.5888
-0.03490658503988659,0.03490658503988659,0.4,703.5568
-0.026179938779914945,-0.03490658503988659,0.4,610.0847
-0.026179938779914945,-0.026179938779914945,0.4,708.8451
-0.026179938779914945,-0.017453292519943295,0.4,826.024
-0.026179938779914945,-0.008726646259971648,0.4,961.4249
-0.026179938779914945,0.0,0.4,-1068.0017
-0.026179938779914945,0.008726646259971648,0.4,961.4249
-0.026179938779914945,0.017453292519943295,0.4,826.024
-0.026179938779914945,0.026179938779914945,0.4,708.845
-0.026179938779914945,0.03490658503988659,0.4,610.0848
-0.017453292519943295,-0.03490658503988659,0.4,456.7192
-0.017453292519943295,-0.026179938779914945,0.4,569.5792
-0.017453292519943295,-0.017453292519943295,0.4,711.0862
-0.017453292519943295,-0.008726646259971648,0.4,891.9307
-0.017453292519943295,0.0,0.4,-1081.6034
-0.017453292519943295,0.008726646259971648,0.4,891.9305
-0.017453292519943295,0.017453292519943295,0.4,711.0861
-0.017453292519943295,0.026179938779914945,0.4,569.5792
-0.017453292519943295,0.03490658503988659,0.4,456.7191
-0.008726646259971648,-0.03490658503988659,0.4,231.126
-0.008726646259971648,-0.026179938779914945,0.4,316.5528
-0.008726646259971648,-0.017453292519943295,0.4,459.9607
-0.008726646259971648,-0.008726646259971648,0.4,710.036
-0.008726646259971648,0.0,0.4,-1095.6277
-0.008726646259971648,0.008726646259971648,0.4,710.0359
-0.008726646259971648,0.017453292519943295,0.4,459.9607
-0.008726646259971648,0.026179938779914945,0.4,316.5529
-0.008726646259971648,0.03490658503988659,0.4,231.1258
0.0,-0.03490658503988659,0.4,-51.7455
0.0,-0.026179938779914945,0.4,-51.8089
0.0,-0.017453292519943295,0.4,-51.8735
0.0,-0.008726646259971648,0.4,-51.9339
0.0,0.0,0.4,-1109.4877
0.0,0.008726646259971648,0.4,-51.9339
0.0,0.017453292519943295,0.4,-51.8735
0.0,0.026179938779914945,0.4,-51.809
0.0,0.03490658503988659,0.4,-51.7455
0.008726646259971648,-0.03490658503988659,0.4,-334.617
0.008726646259971648,-0.026179938779914945,0.4,-420.1707
0.008726646259971648,-0.017453292519943295,0.4,-563.7076
0.008726646259971648,-0.008726646259971648,0.4,-813.9036
0.008726646259971648,0.0,0.4,-1121.7972
0.008726646259971648,0.008726646259971648,0.4,-813.9035
0.008726646259971648,0.017453292519943295,0.4,-563.7076
0.008726646259971648,0.026179938779914945,0.4,-420.1707
0.008726646259971648,0.03490658503988659,0.4,-334.6171
0.017453292519943295,-0.03490658503988659,0.4,-560.2103
0.017453292519943295,-0.026179938779914945,0.4,-673.197
0.017453292519943295,-0.017453292519943295,0.4,-814.8331
0.017453292519943295,-0.008726646259971648,0.4,-995.7984
0.017453292519943295,0.0,0.4,-1132.941
0.017453292519943295,0.008726646259971648,0.4,-995.7986
0.017453292519943295,0.017453292519943295,0.4,-814.8331
0.017453292519943295,0.026179938779914945,0.4,-673.1971
0.017453292519943295,0.03490658503988659,0.4,-560.2103
0.026179938779914945,-0.03490658503988659,0.4,-713.5758
0.026179938779914945,-0.026179938779914945,0.4,-812.4628
0.026179938779914945,-0.017453292519943295,0.4,-929.7709
0.026179938779914945,-0.008726646259971648,0.4,-1065.2926
0.026179938779914945,0.0,0.4,-1142.6801
0.026179938779914945,0.008726646259971648,0.4,-1065.2927
0.026179938779914945,0.017453292519943295,0.4,-929.7711
0.026179938779914945,0.026179938779914945,0.4,-812.4629
0.026179938779914945,0.03490658503988659,0.4,-713.5757
0.03490658503988659,-0.03490658503988659,0.4,-807.0478
0.03490658503988659,-0.026179938779914945,0.4,-894.2068
0.03490658503988659,-0.017453292519943295,0.4,-998.7542
0.03490658503988659,-0.008726646259971648,0.4,-1099.8612
0.03490658503988659,0.0,0.4,-1150.6721
0.03490658503988659,0.008726646259971648,0.4,-1099.8615
0.03490658503988659,0.017453292519943295,0.4,-998.7542
0.03490658503988659,0.026179938779914945,0.4,-894.2068
0.03490658503988659,0.03490658503988659,0.4,-807.0478
-0.03490658503988659,-0.03490658503988659,0.5,693.6142
-0.03490658503988659,-0.026179938779914945,0.5,782.5072
-0.03490658503988659,-0.017453292519943295,0.5,889.5685
-0.03490658503988659,-0.008726646259971648,0.5,993.8509
-0.03490658503988659,0.0,0.5,-1068.6688
-0.03490658503988659,0.008726646259971648,0.5,993.851
-0.03490658503988659,0.017453292519943295,0.5,889.5685
-0.03490658503988659,0.026179938779914945,0.5,782.507
-0.03490658503988659,0.03490658503988659,0.5,693.6141
-0.026179938779914945,-0.03490658503988659,0.5,600.1363
-0.026179938779914945,-0.026179938779914945,0.5,700.3365
-0.026179938779914945,-0.017453292519943295,0.5,819.9637
-0.026179938779914945,-0.008726646259971648,0.5,958.9907
-0.026179938779914945,0.0,0.5,-1081.3964
-0.026179938779914945,0.008726646259971648,0.5,958.9907
-0.026179938779914945,0.017453292519943295,0.5,819.9637
-0.026179938779914945,0.026179938779914945,0.5,700.3365
-0.026179938779914945,0.03490658503988659,0.5,600.1363
-0.017453292519943295,-0.03490658503988659,0.5,447.4315
-0.017453292519943295,-0.026179938779914945,0.5,560.9763
-0.017453292519943295,-0.017453292519943295,0.5,704.0716
-0.017453292519943295,-0.008726646259971648,0.5,888.616
-0.017453292519943295,0.0,0.5,-1094.8676
-0.017453292519943295,0.008726646259971648,0.5,888.6158
-0.017453292519943295,0.017453292519943295,0.5,704.0715
-0.017453292519943295,0.026179938779914945,0.5,560.9761
-0.017453292519943295,0.03490658503988659,0.5,447.4314
-0.008726646259971648,-0.03490658503988659,0.5,223.2763
-0.008726646259971648,-0.026179938779914945,0.5,309.001
-0.008726646259971648,-0.017453292519943295,0.5,452.7136
-0.008726646259971648,-0.008726646259971648,0.5,704.4769
-0.008726646259971648,0.0,0.5,-1108.6033
-0.008726646259971648,0.008726646259971648,0.5,704.4767
-0.008726646259971648,0.017453292519943295,0.5,452.7134
-0.008726646259971648,0.026179938779914945,0.5,309.001
-0.008726646259971648,0.03490658503988659,0.5,223.2762
0.0,-0.03490658503988659,0.5,-56.8657
0.0,-0.026179938779914945,0.5,-56.9358
0.0,-0.017453292519943295,0.5,-57.0069
0.0,-0.008726646259971648,0.5,-57.0734
0.0,0.0,0.5,-1121.9716
0.0,0.008726646259971648,0.5,-57.0734
0.0,0.017453292519943295,0.5,-57.007
0.0,0.026179938779914945,0.5,-56.9358
0.0,0.03490658503988659,0.5,-56.8658
0.008726646259971648,-0.03490658503988659,0.5,-337.0078
0.008726646259971648,-0.026179938779914945,0.5,-422.8726
0.008726646259971648,-0.017453292519943295,0.5,-566.7275
0.008726646259971648,-0.008726646259971648,0.5,-818.6238
0.008726646259971648,0.0,0.5,-1133.6317
0.008726646259971648,0.008726646259971648,0.5,-818.6238
0.008726646259971648,0.017453292519943295,0.5,-566.7275
0.008726646259971648,0.026179938779914945,0.5,-422.8726
0.008726646259971648,0.03490658503988659,0.5,-337.0078
0.017453292519943295,-0.03490658503988659,0.5,-561.163
0.017453292519943295,-0.026179938779914945,0.5,-674.8478
0.017453292519943295,-0.017453292519943295,0.5,-818.0854
0.017453292519943295,-0.008726646259971648,0.5,-1002.7628
0.017453292519943295,0.0,0.5,-1144.0277
0.017453292519943295,0.008726646259971648,0.5,-1002.7631
0.017453292519943295,0.017453292519943295,0.5,-818.0854
0.017453292519943295,0.026179938779914945,0.5,-674.8477
0.017453292519943295,0.03490658503988659,0.5,-561.1631
0.026179938779914945,-0.03490658503988659,0.5,-713.8679
0.026179938779914945,-0.026179938779914945,0.5,-814.2079
0.026179938779914945,-0.017453292519943295,0.5,-933.9775
0.026179938779914945,-0.008726646259971648,0.5,-1073.1376
0.026179938779914945,0.0,0.5,-1152.9723
0.026179938779914945,0.008726646259971648,0.5,-1073.1376
0.026179938779914945,0.017453292519943295,0.5,-933.9777
0.026179938779914945,0.026179938779914945,0.5,-814.2079
0.026179938779914945,0.03490658503988659,0.5,-713.8677
0.03490658503988659,-0.03490658503988659,0.5,-807.3456
0.03490658503988659,-0.026179938779914945,0.5,-896.3787
0.03490658503988659,-0.017453292519943295,0.5,-1003.5825
0.03490658503988659,-0.008726646259971648,0.5,-1107.9974
0.03490658503988659,0.0,0.5,-1160.1693
0.03490658503988659,0.008726646259971648,0.5,-1107.9978
0.03490658503988659,0.017453292519943295,0.5,-1003.5825
0.03490658503988659,0.026179938779914945,0.5,-896.3787
0.03490658503988659,0.03490658503988659,0.5,-807.3456
-0.03490658503988659,-0.03490658503988659,0.6,679.3257
-0.03490658503988659,-0.026179938779914945,0.6,770.6973
-0.03490658503988659,-0.017453292519943295,0.6,881.2021
-0.03490658503988659,-0.008726646259971648,0.6,989.4027
-0.03490658503988659,0.0,0.6,-1084.1965
-0.03490658503988659,0.008726646259971648,0.6,989.4027
-0.03490658503988659,0.017453292519943295,0.6,881.2021
-0.03490658503988659,0.026179938779914945,0.6,770.6971
-0.03490658503988659,0.03490658503988659,0.6,679.3255
-0.026179938779914945,-0.03490658503988659,0.6,586.2867
-0.026179938779914945,-0.026179938779914945,0.6,688.2258
-0.026179938779914945,-0.017453292519943295,0.6,810.8939
-0.026179938779914945,-0.008726646259971648,0.6,954.2964
-0.026179938779914945,0.0,0.6,-1096.7437
-0.026179938779914945,0.008726646259971648,0.6,954.2964
-0.026179938779914945,0.017453292519943295,0.6,810.8938
-0.026179938779914945,0.026179938779914945,0.6,688.2257
-0.026179938779914945,0.03490658503988659,0.6,586.2869
-0.017453292519943295,-0.03490658503988659,0.6,434.8865
-0.017453292519943295,-0.026179938779914945,0.6,549.1291
-0.017453292519943295,-0.017453292519943295,0.6,694.0012
-0.017453292519943295,-0.008726646259971648,0.6,882.8735
-0.017453292519943295,0.0,0.6,-1110.0557
-0.017453292519943295,0.008726646259971648,0.6,882.8735
-0.017453292519943295,0.017453292519943295,0.6,694.001
-0.017453292519943295,0.026179938779914945,0.6,549.1289
-0.017453292519943295,0.03490658503988659,0.6,434.8863
-0.008726646259971648,-0.03490658503988659,0.6,212.7777
-0.008726646259971648,-0.026179938779914945,0.6,298.6867
-0.008726646259971648,-0.017453292519943295,0.6,442.6872
-0.008726646259971648,-0.008726646259971648,0.6,696.2286
-0.008726646259971648,0.0,0.6,-1123.6873
-0.008726646259971648,0.008726646259971648,0.6,696.2284
-0.008726646259971648,0.017453292519943295,0.6,442.6872
-0.008726646259971648,0.026179938779914945,0.6,298.6867
-0.008726646259971648,0.03490658503988659,0.6,212.7776
0.0,-0.03490658503988659,0.6,-63.495
0.0,-0.026179938779914945,0.6,-63.5736
0.0,-0.017453292519943295,0.6,-63.6534
0.0,-0.008726646259971648,0.6,-63.7278
0.0,0.0,0.6,-1137.0157
0.0,0.008726646259971648,0.6,-63.7279
0.0,0.017453292519943295,0.6,-63.6534
0.0,0.026179938779914945,0.6,-63.5736
0.0,0.03490658503988659,0.6,-63.4952
0.008726646259971648,-0.03490658503988659,0.6,-339.7679
0.008726646259971648,-0.026179938779914945,0.6,-425.8341
0.008726646259971648,-0.017453292519943295,0.6,-569.994
0.008726646259971648,-0.008726646259971648,0.6,-823.684
0.008726646259971648,0.0,0.6,-1148.5994
0.008726646259971648,0.008726646259971648,0.6,-823.684
0.008726646259971648,0.017453292519943295,0.6,-569.9939
0.008726646259971648,0.026179938779914945,0.6,-425.8339
0.008726646259971648,0.03490658503988659,0.6,-339.7679
0.017453292519943295,-0.03490658503988659,0.6,-561.8766
0.017453292519943295,-0.026179938779914945,0.6,-676.2762
0.017453292519943295,-0.017453292519943295,0.6,-821.3078
0.017453292519943295,-0.008726646259971648,0.6,-1010.329
0.017453292519943295,0.0,0.6,-1158.756
0.017453292519943295,0.008726646259971648,0.6,-1010.3292
0.017453292519943295,0.017453292519943295,0.6,-821.3078
0.017453292519943295,0.026179938779914945,0.6,-676.2763
0.017453292519943295,0.03490658503988659,0.6,-561.8767
0.026179938779914945,-0.03490658503988659,0.6,-713.277
0.026179938779914945,-0.026179938779914945,0.6,-815.3728
0.026179938779914945,-0.017453292519943295,0.6,-938.2005
0.026179938779914945,-0.008726646259971648,0.6,-1081.7521
0.026179938779914945,0.0,0.6,-1167.1808
0.026179938779914945,0.008726646259971648,0.6,-1081.7522
0.026179938779914945,0.017453292519943295,0.6,-938.2005
0.026179938779914945,0.026179938779914945,0.6,-815.3728
0.026179938779914945,0.03490658503988659,0.6,-713.277
0.03490658503988659,-0.03490658503988659,0.6,-806.3157
0.03490658503988659,-0.026179938779914945,0.6,-897.8444
0.03490658503988659,-0.017453292519943295,0.6,-1008.5088
0.03490658503988659,-0.008726646259971648,0.6,-1116.8582
0.03490658503988659,0.0,0.6,-1173.4745
0.03490658503988659,0.008726646259971648,0.6,-1116.8583
0.03490658503988659,0.017453292519943295,0.6,-1008.5089
0.03490658503988659,0.026179938779914945,0.6,-897.8445
0.03490658503988659,0.03490658503988659,0.6,-806.3157
-0.03490658503988659,-0.03490658503988659,0.7,651.8976
-0.03490658503988659,-0.026179938779914945,0.7,743.6494
-0.03490658503988659,-0.017453292519943295,0.7,852.9227
-0.03490658503988659,-0.008726646259971648,0.7,958.0067
-0.03490658503988659,0.0,0.7,-1080.9166
-0.03490658503988659,0.008726646259971648,0.7,958.0067
-0.03490658503988659,0.017453292519943295,0.7,852.9224
-0.03490658503988659,0.026179938779914945,0.7,743.6492
-0.03490658503988659,0.03490658503988659,0.7,651.8976
-0.026179938779914945,-0.03490658503988659,0.7,558.8806
-0.026179938779914945,-0.026179938779914945,0.7,661.0668
-0.026179938779914945,-0.017453292519943295,0.7,784.1121
-0.026179938779914945,-0.008726646259971648,0.7,925.1086
-0.026179938779914945,0.0,0.7,-1091.7502
-0.026179938779914945,0.008726646259971648,0.7,925.1086
-0.026179938779914945,0.017453292519943295,0.7,784.1122
-0.026179938779914945,0.026179938779914945,0.7,661.0667
-0.026179938779914945,0.03490658503988659,0.7,558.8806
-0.017453292519943295,-0.03490658503988659,0.7,410.0022
-0.017453292519943295,-0.026179938779914945,0.7,522.5033
-0.017453292519943295,-0.017453292519943295,0.7,667.3762
-0.017453292519943295,-0.008726646259971648,0.7,856.1375
-0.017453292519943295,0.0,0.7,-1103.2083
-0.017453292519943295,0.008726646259971648,0.7,856.1373
-0.017453292519943295,0.017453292519943295,0.7,667.376
-0.017453292519943295,0.026179938779914945,0.7,522.5033
-0.017453292519943295,0.03490658503988659,0.7,410.0022
-0.008726646259971648,-0.03490658503988659,0.7,194.3962
-0.008726646259971648,-0.026179938779914945,0.7,277.7027
-0.008726646259971648,-0.017453292519943295,0.7,418.4113
-0.008726646259971648,-0.008726646259971648,0.7,670.4302
-0.008726646259971648,0.0,0.7,-1114.8898
-0.008726646259971648,0.008726646259971648,0.7,670.4301
-0.008726646259971648,0.017453292519943295,0.7,418.4111
-0.008726646259971648,0.026179938779914945,0.7,277.7028
-0.008726646259971648,0.03490658503988659,0.7,194.3961
0.0,-0.03490658503988659,0.7,-71.8632
0.0,-0.026179938779914945,0.7,-71.9524
0.0,-0.017453292519943295,0.7,-72.043
0.0,-0.008726646259971648,0.7,-72.1275
0.0,0.0,0.7,-1126.2333
0.0,0.008726646259971648,0.7,-72.1276
0.0,0.017453292519943295,0.7,-72.0431
0.0,0.026179938779914945,0.7,-71.9525
0.0,0.03490658503988659,0.7,-71.8632
0.008726646259971648,-0.03490658503988659,0.7,-338.1226
0.008726646259971648,-0.026179938779914945,0.7,-421.6077
0.008726646259971648,-0.017453292519943295,0.7,-562.4973
0.008726646259971648,-0.008726646259971648,0.7,-814.6851
0.008726646259971648,0.0,0.7,-1135.9122
0.008726646259971648,0.008726646259971648,0.7,-814.6852
0.008726646259971648,0.017453292519943295,0.7,-562.4973
0.008726646259971648,0.026179938779914945,0.7,-421.6076
0.008726646259971648,0.03490658503988659,0.7,-338.1227
0.017453292519943295,-0.03490658503988659,0.7,-553.7287
0.017453292519943295,-0.026179938779914945,0.7,-666.4082
0.017453292519943295,-0.017453292519943295,0.7,-811.4621
0.017453292519943295,-0.008726646259971648,0.7,-1000.3925
0.017453292519943295,0.0,0.7,-1144.2749
0.017453292519943295,0.008726646259971648,0.7,-1000.3926
0.017453292519943295,0.017453292519943295,0.7,-811.4621
0.017453292519943295,0.026179938779914945,0.7,-666.4082
0.017453292519943295,0.03490658503988659,0.7,-553.7287
0.026179938779914945,-0.03490658503988659,0.7,-702.6069
0.026179938779914945,-0.026179938779914945,0.7,-804.9717
0.026179938779914945,-0.017453292519943295,0.7,-928.1982
0.026179938779914945,-0.008726646259971648,0.7,-1069.3638
0.026179938779914945,0.0,0.7,-1151.069
0.026179938779914945,0.008726646259971648,0.7,-1069.3638
0.026179938779914945,0.017453292519943295,0.7,-928.1981
0.026179938779914945,0.026179938779914945,0.7,-804.9717
0.026179938779914945,0.03490658503988659,0.7,-702.6069
0.03490658503988659,-0.03490658503988659,0.7,-795.624
0.03490658503988659,-0.026179938779914945,0.7,-887.5542
0.03490658503988659,-0.017453292519943295,0.7,-997.0086
0.03490658503988659,-0.008726646259971648,0.7,-1102.2616
0.03490658503988659,0.0,0.7,-1155.9467
0.03490658503988659,0.008726646259971648,0.7,-1102.2616
0.03490658503988659,0.017453292519943295,0.7,-997.0087
0.03490658503988659,0.026179938779914945,0.7,-887.5542
0.03490658503988659,0.03490658503988659,0.7,-795.624
-0.03490658503988659,-0.03490658503988659,0.8,648.7562
-0.03490658503988659,-0.026179938779914945,0.8,741.2958
-0.03490658503988659,-0.017453292519943295,0.8,850.5733
-0.03490658503988659,-0.008726646259971648,0.8,954.3787
-0.03490658503988659,0.0,0.8,-1100.3936
-0.03490658503988659,0.008726646259971648,0.8,954.3787
-0.03490658503988659,0.017453292519943295,0.8,850.5731
-0.03490658503988659,0.026179938779914945,0.8,741.2956
-0.03490658503988659,0.03490658503988659,0.8,648.756
-0.026179938779914945,-0.03490658503988659,0.8,553.9298
-0.026179938779914945,-0.026179938779914945,0.8,657.3265
-0.026179938779914945,-0.017453292519943295,0.8,781.4703
-0.026179938779914945,-0.008726646259971648,0.8,922.0157
-0.026179938779914945,0.0,0.8,-1110.6923
-0.026179938779914945,0.008726646259971648,0.8,922.0159
-0.026179938779914945,0.017453292519943295,0.8,781.4702
-0.026179938779914945,0.026179938779914945,0.8,657.3264
-0.026179938779914945,0.03490658503988659,0.8,553.9297
-0.017453292519943295,-0.03490658503988659,0.8,402.9467
-0.017453292519943295,-0.026179938779914945,0.8,516.4142
-0.017453292519943295,-0.017453292519943295,0.8,663.1292
-0.017453292519943295,-0.008726646259971648,0.8,853.3529
-0.017453292519943295,0.0,0.8,-1121.5774
-0.017453292519943295,0.008726646259971648,0.8,853.3528
-0.017453292519943295,0.017453292519943295,0.8,663.1291
-0.017453292519943295,0.026179938779914945,0.8,516.4141
-0.017453292519943295,0.03490658503988659,0.8,402.9465
-0.008726646259971648,-0.03490658503988659,0.8,185.4443
-0.008726646259971648,-0.026179938779914945,0.8,268.9738
-0.008726646259971648,-0.017453292519943295,0.8,410.652
-0.008726646259971648,-0.008726646259971648,0.8,665.7947
-0.008726646259971648,0.0,0.8,-1132.6649
-0.008726646259971648,0.008726646259971648,0.8,665.7946
-0.008726646259971648,0.017453292519943295,0.8,410.6518
-0.008726646259971648,0.026179938779914945,0.8,268.9738
-0.008726646259971648,0.03490658503988659,0.8,185.4442
0.0,-0.03490658503988659,0.8,-82.2473
0.0,-0.026179938779914945,0.8,-82.3499
0.0,-0.017453292519943295,0.8,-82.454
0.0,-0.008726646259971648,0.8,-82.5509
0.0,0.0,0.8,-1143.4155
0.0,0.008726646259971648,0.8,-82.5509
0.0,0.017453292519943295,0.8,-82.4541
0.0,0.026179938779914945,0.8,-82.35
0.0,0.03490658503988659,0.8,-82.2474
0.008726646259971648,-0.03490658503988659,0.8,-349.939
0.008726646259971648,-0.026179938779914945,0.8,-433.6737
0.008726646259971648,-0.017453292519943295,0.8,-575.5599
0.008726646259971648,-0.008726646259971648,0.8,-830.8965
0.008726646259971648,0.0,0.8,-1152.5477
0.008726646259971648,0.008726646259971648,0.8,-830.8965
0.008726646259971648,0.017453292519943295,0.8,-575.5599
0.008726646259971648,0.026179938779914945,0.8,-433.6736
0.008726646259971648,0.03490658503988659,0.8,-349.9391
0.017453292519943295,-0.03490658503988659,0.8,-567.4415
0.017453292519943295,-0.026179938779914945,0.8,-681.1141
0.017453292519943295,-0.017453292519943295,0.8,-828.0371
0.017453292519943295,-0.008726646259971648,0.8,-1018.4548
0.017453292519943295,0.0,0.8,-1160.4363
0.017453292519943295,0.008726646259971648,0.8,-1018.455
0.017453292519943295,0.017453292519943295,0.8,-828.0371
0.017453292519943295,0.026179938779914945,0.8,-681.1141
0.017453292519943295,0.03490658503988659,0.8,-567.4414
0.026179938779914945,-0.03490658503988659,0.8,-718.4245
0.026179938779914945,-0.026179938779914945,0.8,-822.0263
0.026179938779914945,-0.017453292519943295,0.8,-946.3781
0.026179938779914945,-0.008726646259971648,0.8,-1087.1176
0.026179938779914945,0.0,0.8,-1166.859
0.026179938779914945,0.008726646259971648,0.8,-1087.1176
0.026179938779914945,0.017453292519943295,0.8,-946.3782
0.026179938779914945,0.026179938779914945,0.8,-822.0263
0.026179938779914945,0.03490658503988659,0.8,-718.4244
0.03490658503988659,-0.03490658503988659,0.8,-813.2508
0.03490658503988659,-0.026179938779914945,0.8,-905.9956
0.03490658503988659,-0.017453292519943295,0.8,-1015.4811
0.03490658503988659,-0.008726646259971648,0.8,-1119.4801
0.03490658503988659,0.0,0.8,-1171.4938
0.03490658503988659,0.008726646259971648,0.8,-1119.4805
0.03490658503988659,0.017453292519943295,0.8,-1015.4811
0.03490658503988659,0.026179938779914945,0.8,-905.9957
0.03490658503988659,0.03490658503988659,0.8,-813.2507
-0.03490658503988659,-0.03490658503988659,0.9,637.8398
-0.03490658503988659,-0.026179938779914945,0.9,731.8801
-0.03490658503988659,-0.017453292519943295,0.9,841.5822
-0.03490658503988659,-0.008726646259971648,0.9,944.1245
-0.03490658503988659,0.0,0.9,-1121.7485
-0.03490658503988659,0.008726646259971648,0.9,944.1245
-0.03490658503988659,0.017453292519943295,0.9,841.5823
-0.03490658503988659,0.026179938779914945,0.9,731.8801
-0.03490658503988659,0.03490658503988659,0.9,637.8397
-0.026179938779914945,-0.03490658503988659,0.9,541.1215
-0.026179938779914945,-0.026179938779914945,0.9,646.2936
-0.026179938779914945,-0.017453292519943295,0.9,772.4059
-0.026179938779914945,-0.008726646259971648,0.9,912.8413
-0.026179938779914945,0.0,0.9,-1131.0055
-0.026179938779914945,0.008726646259971648,0.9,912.8413
-0.026179938779914945,0.017453292519943295,0.9,772.4058
-0.026179938779914945,0.026179938779914945,0.9,646.2935
-0.026179938779914945,0.03490658503988659,0.9,541.1215
-0.017453292519943295,-0.03490658503988659,0.9,388.7803
-0.017453292519943295,-0.026179938779914945,0.9,503.0063
-0.017453292519943295,-0.017453292519943295,0.9,652.1364
-0.017453292519943295,-0.008726646259971648,0.9,844.9125
-0.017453292519943295,0.0,0.9,-1140.7633
-0.017453292519943295,0.008726646259971648,0.9,844.9122
-0.017453292519943295,0.017453292519943295,0.9,652.1362
-0.017453292519943295,0.026179938779914945,0.9,503.0062
-0.017453292519943295,0.03490658503988659,0.9,388.7802
-0.008726646259971648,-0.03490658503988659,0.9,171.366
-0.008726646259971648,-0.026179938779914945,0.9,254.5373
-0.008726646259971648,-0.017453292519943295,0.9,396.4812
-0.008726646259971648,-0.008726646259971648,0.9,655.0243
-0.008726646259971648,0.0,0.9,-1150.6656
-0.008726646259971648,0.008726646259971648,0.9,655.0242
-0.008726646259971648,0.017453292519943295,0.9,396.481
-0.008726646259971648,0.026179938779914945,0.9,254.5373
-0.008726646259971648,0.03490658503988659,0.9,171.366
0.0,-0.03490658503988659,0.9,-94.7139
0.0,-0.026179938779914945,0.9,-94.8212
0.0,-0.017453292519943295,0.9,-94.9296
0.0,-0.008726646259971648,0.9,-95.0303
0.0,0.0,0.9,-1160.2096
0.0,0.008726646259971648,0.9,-95.0303
0.0,0.017453292519943295,0.9,-94.9296
0.0,0.026179938779914945,0.9,-94.8212
0.0,0.03490658503988659,0.9,-94.714
0.008726646259971648,-0.03490658503988659,0.9,-360.7939
0.008726646259971648,-0.026179938779914945,0.9,-444.1797
0.008726646259971648,-0.017453292519943295,0.9,-586.3402
0.008726646259971648,-0.008726646259971648,0.9,-845.0847
0.008726646259971648,0.0,0.9,-1168.1825
0.008726646259971648,0.008726646259971648,0.9,-845.0847
0.008726646259971648,0.017453292519943295,0.9,-586.3402
0.008726646259971648,0.026179938779914945,0.9,-444.1796
0.008726646259971648,0.03490658503988659,0.9,-360.7939
0.017453292519943295,-0.03490658503988659,0.9,-578.2082
0.017453292519943295,-0.026179938779914945,0.9,-692.6486
0.017453292519943295,-0.017453292519943295,0.9,-841.9955
0.017453292519943295,-0.008726646259971648,0.9,-1034.9729
0.017453292519943295,0.0,0.9,-1174.9932
0.017453292519943295,0.008726646259971648,0.9,-1034.9731
0.017453292519943295,0.017453292519943295,0.9,-841.9955
0.017453292519943295,0.026179938779914945,0.9,-692.6487
0.017453292519943295,0.03490658503988659,0.9,-578.2082
0.026179938779914945,-0.03490658503988659,0.9,-730.5493
0.026179938779914945,-0.026179938779914945,0.9,-835.9357
0.026179938779914945,-0.017453292519943295,0.9,-962.2651
0.026179938779914945,-0.008726646259971648,0.9,-1102.9017
0.026179938779914945,0.0,0.9,-1180.4603
0.026179938779914945,0.008726646259971648,0.9,-1102.9019
0.026179938779914945,0.017453292519943295,0.9,-962.2651
0.026179938779914945,0.026179938779914945,0.9,-835.9358
0.026179938779914945,0.03490658503988659,0.9,-730.5492
0.03490658503988659,-0.03490658503988659,0.9,-827.2676
0.03490658503988659,-0.026179938779914945,0.9,-921.5225
0.03490658503988659,-0.017453292519943295,0.9,-1031.4414
0.03490658503988659,-0.008726646259971648,0.9,-1134.1849
0.03490658503988659,0.0,0.9,-1184.2998
0.03490658503988659,0.008726646259971648,0.9,-1134.1849
0.03490658503988659,0.017453292519943295,0.9,-1031.4415
0.03490658503988659,0.026179938779914945,0.9,-921.5225
0.03490658503988659,0.03490658503988659,0.9,-827.2676
-0.03490658503988659,-0.03490658503988659,1,617.8834
-0.03490658503988659,-0.026179938779914945,1,711.919
-0.03490658503988659,-0.017453292519943295,1,819.8846
-0.03490658503988659,-0.008726646259971648,1,918.6287
-0.03490658503988659,0.0,1,-1129.8562
-0.03490658503988659,0.008726646259971648,1,918.6287
-0.03490658503988659,0.017453292519943295,1,819.8846
-0.03490658503988659,0.026179938779914945,1,711.9189
-0.03490658503988659,0.03490658503988659,1,617.8832
-0.026179938779914945,-0.03490658503988659,1,520.3824
-0.026179938779914945,-0.026179938779914945,1,625.8583
-0.026179938779914945,-0.017453292519943295,1,751.8621
-0.026179938779914945,-0.008726646259971648,1,889.1085
-0.026179938779914945,0.0,1,-1138.0988
-0.026179938779914945,0.008726646259971648,1,889.1085
-0.026179938779914945,0.017453292519943295,1,751.862
-0.026179938779914945,0.026179938779914945,1,625.8583
-0.026179938779914945,0.03490658503988659,1,520.3824
-0.017453292519943295,-0.03490658503988659,1,368.3597
-0.017453292519943295,-0.026179938779914945,1,481.8325
-0.017453292519943295,-0.017453292519943295,1,631.3533
-0.017453292519943295,-0.008726646259971648,1,823.2831
-0.017453292519943295,0.0,1,-1146.7799
-0.017453292519943295,0.008726646259971648,1,823.2828
-0.017453292519943295,0.017453292519943295,1,631.3531
-0.017453292519943295,0.026179938779914945,1,481.8324
-0.017453292519943295,0.03490658503988659,1,368.3595
-0.008726646259971648,-0.03490658503988659,1,153.2433
-0.008726646259971648,-0.026179938779914945,1,234.9826
-0.008726646259971648,-0.017453292519943295,1,375.4091
-0.008726646259971648,-0.008726646259971648,1,634.0343
-0.008726646259971648,0.0,1,-1155.5654
-0.008726646259971648,0.008726646259971648,1,634.0342
-0.008726646259971648,0.017453292519943295,1,375.409
-0.008726646259971648,0.026179938779914945,1,234.9826
-0.008726646259971648,0.03490658503988659,1,153.2432
0.0,-0.03490658503988659,1,-109.3164
0.0,-0.026179938779914945,1,-109.4225
0.0,-0.017453292519943295,1,-109.5301
0.0,-0.008726646259971648,1,-109.6303
0.0,0.0,1,-1163.9818
0.0,0.008726646259971648,1,-109.6303
0.0,0.017453292519943295,1,-109.5301
0.0,0.026179938779914945,1,-109.4226
0.0,0.03490658503988659,1,-109.3164
0.008726646259971648,-0.03490658503988659,1,-371.8762
0.008726646259971648,-0.026179938779914945,1,-453.8277
0.008726646259971648,-0.017453292519943295,1,-594.4694
0.008726646259971648,-0.008726646259971648,1,-853.2949
0.008726646259971648,0.0,1,-1170.8778
0.008726646259971648,0.008726646259971648,1,-853.2949
0.008726646259971648,0.017453292519943295,1,-594.4693
0.008726646259971648,0.026179938779914945,1,-453.8277
0.008726646259971648,0.03490658503988659,1,-371.8761
0.017453292519943295,-0.03490658503988659,1,-586.9925
0.017453292519943295,-0.026179938779914945,1,-700.6775
0.017453292519943295,-0.017453292519943295,1,-850.4133
0.017453292519943295,-0.008726646259971648,1,-1042.5435
0.017453292519943295,0.0,1,-1176.7532
0.017453292519943295,0.008726646259971648,1,-1042.5438
0.017453292519943295,0.017453292519943295,1,-850.4135
0.017453292519943295,0.026179938779914945,1,-700.6774
0.017453292519943295,0.03490658503988659,1,-586.9925
0.026179938779914945,-0.03490658503988659,1,-739.0151
0.026179938779914945,-0.026179938779914945,1,-844.7035
0.026179938779914945,-0.017453292519943295,1,-970.9222
0.026179938779914945,-0.008726646259971648,1,-1108.3691
0.026179938779914945,0.0,1,-1181.4768
0.026179938779914945,0.008726646259971648,1,-1108.3691
0.026179938779914945,0.017453292519943295,1,-970.9223
0.026179938779914945,0.026179938779914945,1,-844.7032
0.026179938779914945,0.03490658503988659,1,-739.0151
0.03490658503988659,-0.03490658503988659,1,-836.516
0.03490658503988659,-0.026179938779914945,1,-930.764
0.03490658503988659,-0.017453292519943295,1,-1038.9448
0.03490658503988659,-0.008726646259971648,1,-1137.889
0.03490658503988659,0.0,1,-1184.8046
0.03490658503988659,0.008726646259971648,1,-1137.8894
0.03490658503988659,0.017453292519943295,1,-1038.9448
0.03490658503988659,0.026179938779914945,1,-930.7641
0.03490658503988659,0.03490658503988659,1,-836.516
