alpha,beta,mach,Cnr [1/rad]
-0.03490658503988659,-0.03490658503988659,0.01,706.1301
-0.03490658503988659,-0.026179938779914945,0.01,793.2808
-0.03490658503988659,-0.017453292519943295,0.01,872.7287
-0.03490658503988659,-0.008726646259971648,0.01,950.886
-0.03490658503988659,0.0,0.01,-1083.1201
-0.03490658503988659,0.008726646259971648,0.01,971.9619
-0.03490658503988659,0.017453292519943295,0.01,892.1197
-0.03490658503988659,0.026179938779914945,0.01,795.4379
-0.03490658503988659,0.03490658503988659,0.01,706.1302
-0.026179938779914945,-0.03490658503988659,0.01,595.7295
-0.026179938779914945,-0.026179938779914945,0.01,707.6999
-0.026179938779914945,-0.017453292519943295,0.01,817.342
-0.026179938779914945,-0.008726646259971648,0.01,928.8161
-0.026179938779914945,0.0,0.01,-1084.968
-0.026179938779914945,0.008726646259971648,0.01,948.8532
-0.026179938779914945,0.017453292519943295,0.01,826.4388
-0.026179938779914945,0.026179938779914945,0.01,707.7001
-0.026179938779914945,0.03490658503988659,0.01,613.1093
-0.017453292519943295,-0.03490658503988659,0.01,430.3073
-0.017453292519943295,-0.026179938779914945,0.01,553.7607
-0.017453292519943295,-0.017453292519943295,0.01,709.0858
-0.017453292519943295,-0.008726646259971648,0.01,874.8881
-0.017453292519943295,0.0,0.01,-1086.2902
-0.017453292519943295,0.008726646259971648,0.01,887.8043
-0.017453292519943295,0.017453292519943295,0.01,709.0858
-0.017453292519943295,0.026179938779914945,0.01,578.3174
-0.017453292519943295,0.03490658503988659,0.01,481.6976
-0.008726646259971648,-0.03490658503988659,0.01,195.8134
-0.008726646259971648,-0.026179938779914945,0.01,292.6379
-0.008726646259971648,-0.017453292519943295,0.01,447.1728
-0.008726646259971648,-0.008726646259971648,0.01,710.2065
-0.008726646259971648,0.0,0.01,-1087.2556
-0.008726646259971648,0.008726646259971648,0.01,710.2067
-0.008726646259971648,0.017453292519943295,0.01,476.3483
-0.008726646259971648,0.026179938779914945,0.01,348.0003
-0.008726646259971648,0.03490658503988659,0.01,276.5443
0.0,-0.03490658503988659,0.01,-95.3454
0.0,-0.026179938779914945,0.01,-84.405
0.0,-0.017453292519943295,0.01,-71.8497
0.0,-0.008726646259971648,0.01,-58.0594
0.0,0.0,0.01,-1087.8654
0.0,0.008726646259971648,0.01,-28.8789
0.0,0.017453292519943295,0.01,-14.9885
0.0,0.026179938779914945,0.01,-2.3266
0.0,0.03490658503988659,0.01,8.7181
0.008726646259971648,-0.03490658503988659,0.01,-363.1716
0.008726646259971648,-0.026179938779914945,0.01,-434.7318
0.008726646259971648,-0.017453292519943295,0.01,-563.1865
0.008726646259971648,-0.008726646259971648,0.01,-797.1447
0.008726646259971648,0.0,0.01,-1087.2556
0.008726646259971648,0.008726646259971648,0.01,-797.1448
0.008726646259971648,0.017453292519943295,0.01,-534.0109
0.008726646259971648,0.026179938779914945,0.01,-379.3694
0.008726646259971648,0.03490658503988659,0.01,-282.4407
0.017453292519943295,-0.03490658503988659,0.01,-568.325
0.017453292519943295,-0.026179938779914945,0.01,-665.0488
0.017453292519943295,-0.017453292519943295,0.01,-795.9238
0.017453292519943295,-0.008726646259971648,0.01,-974.7424
0.017453292519943295,0.0,0.01,-1086.29
0.017453292519943295,0.008726646259971648,0.01,-961.8262
0.017453292519943295,0.017453292519943295,0.01,-795.9238
0.017453292519943295,0.026179938779914945,0.01,-640.4923
0.017453292519943295,0.03490658503988659,0.01,-516.9346
0.026179938779914945,-0.03490658503988659,0.01,-699.7363
0.026179938779914945,-0.026179938779914945,0.01,-794.4315
0.026179938779914945,-0.017453292519943295,0.01,-913.2768
0.026179938779914945,-0.008726646259971648,0.01,-1035.7914
0.026179938779914945,0.0,0.01,-1084.9679
0.026179938779914945,0.008726646259971648,0.01,-1015.7542
0.026179938779914945,0.017453292519943295,0.01,-904.1802
0.026179938779914945,0.026179938779914945,0.01,-794.4315
0.026179938779914945,0.03490658503988659,0.01,-682.3568
0.03490658503988659,-0.03490658503988659,0.01,-792.7574
0.03490658503988659,-0.026179938779914945,0.01,-882.1695
0.03490658503988659,-0.017453292519943295,0.01,-978.9576
0.03490658503988659,-0.008726646259971648,0.01,-1058.9001
0.03490658503988659,0.0,0.01,-1083.1204
0.03490658503988659,0.008726646259971648,0.01,-1037.8243
0.03490658503988659,0.017453292519943295,0.01,-959.5667
0.03490658503988659,0.026179938779914945,0.01,-880.0122
0.03490658503988659,0.03490658503988659,0.01,-792.7574
-0.03490658503988659,-0.03490658503988659,0.1,705.6778
-0.03490658503988659,-0.026179938779914945,0.1,792.8727
-0.03490658503988659,-0.017453292519943295,0.1,872.429
-0.03490658503988659,-0.008726646259971648,0.1,950.7415
-0.03490658503988659,0.0,0.1,-1084.1285
-0.03490658503988659,0.008726646259971648,0.1,972.0122
-0.03490658503988659,0.017453292519943295,0.1,891.955
-0.03490658503988659,0.026179938779914945,0.1,795.1194
-0.03490658503988659,0.03490658503988659,0.1,705.6779
-0.026179938779914945,-0.03490658503988659,0.1,595.2596
-0.026179938779914945,-0.026179938779914945,0.1,707.243
-0.026179938779914945,-0.017453292519943295,0.1,816.9792
-0.026179938779914945,-0.008726646259971648,0.1,928.6415
-0.026179938779914945,0.0,0.1,-1086.0204
-0.026179938779914945,0.008726646259971648,0.1,948.7843
-0.026179938779914945,0.017453292519943295,0.1,826.1578
-0.026179938779914945,0.026179938779914945,0.1,707.2432
-0.026179938779914945,0.03490658503988659,0.1,612.5293
-0.017453292519943295,-0.03490658503988659,0.1,429.827
-0.017453292519943295,-0.026179938779914945,0.1,553.2643
-0.017453292519943295,-0.017453292519943295,0.1,708.6244
-0.017453292519943295,-0.008726646259971648,0.1,874.6296
-0.017453292519943295,0.0,0.1,-1087.3861
-0.017453292519943295,0.008726646259971648,0.1,887.6155
-0.017453292519943295,0.017453292519943295,0.1,708.6244
-0.017453292519943295,0.026179938779914945,0.1,577.7071
-0.017453292519943295,0.03490658503988659,0.1,481.0057
-0.008726646259971648,-0.03490658503988659,0.1,195.3525
-0.008726646259971648,-0.026179938779914945,0.1,292.1261
-0.008726646259971648,-0.017453292519943295,0.1,446.6357
-0.008726646259971648,-0.008726646259971648,0.1,709.7415
-0.008726646259971648,0.0,0.1,-1088.3828
-0.008726646259971648,0.008726646259971648,0.1,709.7416
-0.008726646259971648,0.017453292519943295,0.1,475.7031
-0.008726646259971648,0.026179938779914945,0.1,347.298
-0.008726646259971648,0.03490658503988659,0.1,275.8001
0.0,-0.03490658503988659,0.1,-95.5847
0.0,-0.026179938779914945,0.1,-84.6891
0.0,-0.017453292519943295,0.1,-72.1924
0.0,-0.008726646259971648,0.1,-58.4749
0.0,0.0,0.1,-1089.0033
0.0,0.008726646259971648,0.1,-29.4624
0.0,0.017453292519943295,0.1,-15.6435
0.0,0.026179938779914945,0.1,-3.0386
0.0,0.03490658503988659,0.1,7.9628
0.008726646259971648,-0.03490658503988659,0.1,-363.4219
0.008726646259971648,-0.026179938779914945,0.1,-435.0255
0.008726646259971648,-0.017453292519943295,0.1,-563.5388
0.008726646259971648,-0.008726646259971648,0.1,-797.6789
0.008726646259971648,0.0,0.1,-1088.3828
0.008726646259971648,0.008726646259971648,0.1,-797.6788
0.008726646259971648,0.017453292519943295,0.1,-534.4716
0.008726646259971648,0.026179938779914945,0.1,-379.8538
0.008726646259971648,0.03490658503988659,0.1,-282.9742
0.017453292519943295,-0.03490658503988659,0.1,-568.6274
0.017453292519943295,-0.026179938779914945,0.1,-665.4346
0.017453292519943295,-0.017453292519943295,0.1,-796.4602
0.017453292519943295,-0.008726646259971648,0.1,-975.5528
0.017453292519943295,0.0,0.1,-1087.386
0.017453292519943295,0.008726646259971648,0.1,-962.5669
0.017453292519943295,0.017453292519943295,0.1,-796.4601
0.017453292519943295,0.026179938779914945,0.1,-640.9921
0.017453292519943295,0.03490658503988659,0.1,-517.4489
0.026179938779914945,-0.03490658503988659,0.1,-700.151
0.026179938779914945,-0.026179938779914945,0.1,-794.9708
0.026179938779914945,-0.017453292519943295,0.1,-913.9935
0.026179938779914945,-0.008726646259971648,0.1,-1036.7216
0.026179938779914945,0.0,0.1,-1086.0204
0.026179938779914945,0.008726646259971648,0.1,-1016.5787
0.026179938779914945,0.017453292519943295,0.1,-904.815
0.026179938779914945,0.026179938779914945,0.1,-794.9706
0.026179938779914945,0.03490658503988659,0.1,-682.8813
0.03490658503988659,-0.03490658503988659,0.1,-793.2996
0.03490658503988659,-0.026179938779914945,0.1,-882.8468
0.03490658503988659,-0.017453292519943295,0.1,-979.7907
0.03490658503988659,-0.008726646259971648,0.1,-1059.9496
0.03490658503988659,0.0,0.1,-1084.1285
0.03490658503988659,0.008726646259971648,0.1,-1038.6787
0.03490658503988659,0.017453292519943295,0.1,-960.2647
0.03490658503988659,0.026179938779914945,0.1,-880.6001
0.03490658503988659,0.03490658503988659,0.1,-793.2996
-0.03490658503988659,-0.03490658503988659,0.2,704.5734
-0.03490658503988659,-0.026179938779914945,0.2,791.8754
-0.03490658503988659,-0.017453292519943295,0.2,871.7355
-0.03490658503988659,-0.008726646259971648,0.2,950.4539
-0.03490658503988659,0.0,0.2,-1086.9858
-0.03490658503988659,0.008726646259971648,0.2,971.8721
-0.03490658503988659,0.017453292519943295,0.2,891.5023
-0.03490658503988659,0.026179938779914945,0.2,794.3782
-0.03490658503988659,0.03490658503988659,0.2,704.5735
-0.026179938779914945,-0.03490658503988659,0.2,594.1147
-0.026179938779914945,-0.026179938779914945,0.2,706.1236
-0.026179938779914945,-0.017453292519943295,0.2,816.1102
-0.026179938779914945,-0.008726646259971648,0.2,928.285
-0.026179938779914945,0.0,0.2,-1088.9644
-0.026179938779914945,0.008726646259971648,0.2,948.4196
-0.026179938779914945,0.017453292519943295,0.2,825.5149
-0.026179938779914945,0.026179938779914945,0.2,706.1237
-0.026179938779914945,0.03490658503988659,0.2,611.0659
-0.017453292519943295,-0.03490658503988659,0.2,428.5421
-0.017453292519943295,-0.026179938779914945,0.2,552.0452
-0.017453292519943295,-0.017453292519943295,0.2,707.4911
-0.017453292519943295,-0.008726646259971648,0.2,874.056
-0.017453292519943295,0.0,0.2,-1090.4391
-0.017453292519943295,0.008726646259971648,0.2,887.1837
-0.017453292519943295,0.017453292519943295,0.2,707.4912
-0.017453292519943295,0.026179938779914945,0.2,576.1632
-0.017453292519943295,0.03490658503988659,0.2,479.2459
-0.008726646259971648,-0.03490658503988659,0.2,193.8442
-0.008726646259971648,-0.026179938779914945,0.2,290.5945
-0.008726646259971648,-0.017453292519943295,0.2,445.2703
-0.008726646259971648,-0.008726646259971648,0.2,708.597
-0.008726646259971648,0.0,0.2,-1091.5245
-0.008726646259971648,0.008726646259971648,0.2,708.597
-0.008726646259971648,0.017453292519943295,0.2,474.0802
-0.008726646259971648,0.026179938779914945,0.2,345.5158
-0.008726646259971648,0.03490658503988659,0.2,273.8942
0.0,-0.03490658503988659,0.2,-96.3791
0.0,-0.026179938779914945,0.2,-85.5642
0.0,-0.017453292519943295,0.2,-73.2219
0.0,-0.008726646259971648,0.2,-59.7298
0.0,0.0,0.2,-1092.1758
0.0,0.008726646259971648,0.2,-31.2744
0.0,0.017453292519943295,0.2,-17.6771
0.0,0.026179938779914945,0.2,-5.2225
0.0,0.03490658503988659,0.2,5.7025
0.008726646259971648,-0.03490658503988659,0.2,-364.5707
0.008726646259971648,-0.026179938779914945,0.2,-436.3024
0.008726646259971648,-0.017453292519943295,0.2,-564.9792
0.008726646259971648,-0.008726646259971648,0.2,-799.6012
0.008726646259971648,0.0,0.2,-1091.5245
0.008726646259971648,0.008726646259971648,0.2,-799.6012
0.008726646259971648,0.017453292519943295,0.2,-536.1691
0.008726646259971648,0.026179938779914945,0.2,-381.3813
0.008726646259971648,0.03490658503988659,0.2,-284.5208
0.017453292519943295,-0.03490658503988659,0.2,-569.9225
0.017453292519943295,-0.026179938779914945,0.2,-666.9497
0.017453292519943295,-0.017453292519943295,0.2,-798.3901
0.017453292519943295,-0.008726646259971648,0.2,-978.1878
0.017453292519943295,0.0,0.2,-1090.439
0.017453292519943295,0.008726646259971648,0.2,-965.0601
0.017453292519943295,0.017453292519943295,0.2,-798.3901
0.017453292519943295,0.026179938779914945,0.2,-642.8318
0.017453292519943295,0.03490658503988659,0.2,-519.2186
0.026179938779914945,-0.03490658503988659,0.2,-701.7424
0.026179938779914945,-0.026179938779914945,0.2,-796.9102
0.026179938779914945,-0.017453292519943295,0.2,-916.4137
0.026179938779914945,-0.008726646259971648,0.2,-1039.4238
0.026179938779914945,0.0,0.2,-1088.9642
0.026179938779914945,0.008726646259971648,0.2,-1019.289
0.026179938779914945,0.017453292519943295,0.2,-907.0092
0.026179938779914945,0.026179938779914945,0.2,-796.9102
0.026179938779914945,0.03490658503988659,0.2,-684.7914
0.03490658503988659,-0.03490658503988659,0.2,-795.2501
0.03490658503988659,-0.026179938779914945,0.2,-885.1645
0.03490658503988659,-0.017453292519943295,0.2,-982.4012
0.03490658503988659,-0.008726646259971648,0.2,-1062.8765
0.03490658503988659,0.0,0.2,-1086.9858
0.03490658503988659,0.008726646259971648,0.2,-1041.458
0.03490658503988659,0.017453292519943295,0.2,-962.6344
0.03490658503988659,0.026179938779914945,0.2,-882.662
0.03490658503988659,0.03490658503988659,0.2,-795.2501
-0.03490658503988659,-0.03490658503988659,0.3,703.4724
-0.03490658503988659,-0.026179938779914945,0.3,791.1003
-0.03490658503988659,-0.017453292519943295,0.3,871.6779
-0.03490658503988659,-0.008726646259971648,0.3,951.2731
-0.03490658503988659,0.0,0.3,-1093.3293
-0.03490658503988659,0.008726646259971648,0.3,973.0387
-0.03490658503988659,0.017453292519943295,0.3,891.9373
-0.03490658503988659,0.026179938779914945,0.3,794.0934
-0.03490658503988659,0.03490658503988659,0.3,703.4725
-0.026179938779914945,-0.03490658503988659,0.3,592.8219
-0.026179938779914945,-0.026179938779914945,0.3,704.9961
-0.026179938779914945,-0.017453292519943295,0.3,815.6354
-0.026179938779914945,-0.008726646259971648,0.3,928.9464
-0.026179938779914945,0.0,0.3,-1095.4648
-0.026179938779914945,0.008726646259971648,0.3,949.1545
-0.026179938779914945,0.017453292519943295,0.3,825.4655
-0.026179938779914945,0.026179938779914945,0.3,704.9963
-0.026179938779914945,0.03490658503988659,0.3,609.1322
-0.017453292519943295,-0.03490658503988659,0.3,426.8832
-0.017453292519943295,-0.026179938779914945,0.3,550.5574
-0.017453292519943295,-0.017453292519943295,0.3,706.3396
-0.017453292519943295,-0.008726646259971648,0.3,874.2335
-0.017453292519943295,0.0,0.3,-1097.1272
-0.017453292519943295,0.008726646259971648,0.3,887.6352
-0.017453292519943295,0.017453292519943295,0.3,706.3397
-0.017453292519943295,0.026179938779914945,0.3,574.0103
-0.017453292519943295,0.03490658503988659,0.3,476.5324
-0.008726646259971648,-0.03490658503988659,0.3,191.6783
-0.008726646259971648,-0.026179938779914945,0.3,288.3977
-0.008726646259971648,-0.017453292519943295,0.3,443.3984
-0.008726646259971648,-0.008726646259971648,0.3,707.4256
-0.008726646259971648,0.0,0.3,-1098.3623
-0.008726646259971648,0.008726646259971648,0.3,707.4257
-0.008726646259971648,0.017453292519943295,0.3,471.6422
-0.008726646259971648,0.026179938779914945,0.3,342.6195
-0.008726646259971648,0.03490658503988659,0.3,270.676
0.0,-0.03490658503988659,0.3,-97.6185
0.0,-0.026179938779914945,0.3,-86.9859
0.0,-0.017453292519943295,0.3,-74.9419
0.0,-0.008726646259971648,0.3,-61.8592
0.0,0.0,0.3,-1099.0662
0.0,0.008726646259971648,0.3,-34.3887
0.0,0.017453292519943295,0.3,-21.1945
0.0,0.026179938779914945,0.3,-9.0312
0.0,0.03490658503988659,0.3,1.7184
0.008726646259971648,-0.03490658503988659,0.3,-366.576
0.008726646259971648,-0.026179938779914945,0.3,-438.6365
0.008726646259971648,-0.017453292519943295,0.3,-567.7784
0.008726646259971648,-0.008726646259971648,0.3,-803.6735
0.008726646259971648,0.0,0.3,-1098.3623
0.008726646259971648,0.008726646259971648,0.3,-803.6734
0.008726646259971648,0.017453292519943295,0.3,-539.5346
0.008726646259971648,0.026179938779914945,0.3,-384.4148
0.008726646259971648,0.03490658503988659,0.3,-287.5785
0.017453292519943295,-0.03490658503988659,0.3,-572.4325
0.017453292519943295,-0.026179938779914945,0.3,-670.0272
0.017453292519943295,-0.017453292519943295,0.3,-802.476
0.017453292519943295,-0.008726646259971648,0.3,-983.883
0.017453292519943295,0.0,0.3,-1097.1272
0.017453292519943295,0.008726646259971648,0.3,-970.4814
0.017453292519943295,0.017453292519943295,0.3,-802.476
0.017453292519943295,0.026179938779914945,0.3,-646.5745
0.017453292519943295,0.03490658503988659,0.3,-522.7834
0.026179938779914945,-0.03490658503988659,0.3,-705.0322
0.026179938779914945,-0.026179938779914945,0.3,-801.0132
0.026179938779914945,-0.017453292519943295,0.3,-921.6017
0.026179938779914945,-0.008726646259971648,0.3,-1045.4023
0.026179938779914945,0.0,0.3,-1095.4648
0.026179938779914945,0.008726646259971648,0.3,-1025.1941
0.026179938779914945,0.017453292519943295,0.3,-911.7715
0.026179938779914945,0.026179938779914945,0.3,-801.0132
0.026179938779914945,0.03490658503988659,0.3,-688.722
0.03490658503988659,-0.03490658503988659,0.3,-799.3725
0.03490658503988659,-0.026179938779914945,0.3,-890.1104
0.03490658503988659,-0.017453292519943295,0.3,-988.0734
0.03490658503988659,-0.008726646259971648,0.3,-1069.2866
0.03490658503988659,0.0,0.3,-1093.3291
0.03490658503988659,0.008726646259971648,0.3,-1047.5209
0.03490658503988659,0.017453292519943295,0.3,-967.8141
0.03490658503988659,0.026179938779914945,0.3,-887.1173
0.03490658503988659,0.03490658503988659,0.3,-799.3725
-0.03490658503988659,-0.03490658503988659,0.4,701.7079
-0.03490658503988659,-0.026179938779914945,0.4,789.8325
-0.03490658503988659,-0.017453292519943295,0.4,871.5103
-0.03490658503988659,-0.008726646259971648,0.4,952.4907
-0.03490658503988659,0.0,0.4,-1102.9523
-0.03490658503988659,0.008726646259971648,0.4,975.1493
-0.03490658503988659,0.017453292519943295,0.4,892.699
-0.03490658503988659,0.026179938779914945,0.4,793.596
-0.03490658503988659,0.03490658503988659,0.4,701.7079
-0.026179938779914945,-0.03490658503988659,0.4,590.782
-0.026179938779914945,-0.026179938779914945,0.4,703.1909
-0.026179938779914945,-0.017453292519943295,0.4,814.8291
-0.026179938779914945,-0.008726646259971648,0.4,929.908
-0.026179938779914945,0.0,0.4,-1105.3408
-0.026179938779914945,0.008726646259971648,0.4,950.5579
-0.026179938779914945,0.017453292519943295,0.4,825.3351
-0.026179938779914945,0.026179938779914945,0.4,703.191
-0.026179938779914945,0.03490658503988659,0.4,606.0905
-0.017453292519943295,-0.03490658503988659,0.4,424.4386
-0.017453292519943295,-0.026179938779914945,0.4,548.2265
-0.017453292519943295,-0.017453292519943295,0.4,704.498
-0.017453292519943295,-0.008726646259971648,0.4,874.433
-0.017453292519943295,0.0,0.4,-1107.2721
-0.017453292519943295,0.008726646259971648,0.4,888.321
-0.017453292519943295,0.017453292519943295,0.4,704.498
-0.017453292519943295,0.026179938779914945,0.4,570.6329
-0.017453292519943295,0.03490658503988659,0.4,472.2966
-0.008726646259971648,-0.03490658503988659,0.4,188.7526
-0.008726646259971648,-0.026179938779914945,0.4,285.3159
-0.008726646259971648,-0.017453292519943295,0.4,440.5348
-0.008726646259971648,-0.008726646259971648,0.4,705.5536
-0.008726646259971648,0.0,0.4,-1108.7123
-0.008726646259971648,0.008726646259971648,0.4,705.5538
-0.008726646259971648,0.017453292519943295,0.4,467.8357
-0.008726646259971648,0.026179938779914945,0.4,338.1341
-0.008726646259971648,0.03490658503988659,0.4,265.7156
0.0,-0.03490658503988659,0.4,-99.4652
0.0,-0.026179938779914945,0.4,-89.1481
0.0,-0.017453292519943295,0.4,-77.5424
0.0,-0.008726646259971648,0.4,-65.0187
0.0,0.0,0.4,-1109.4875
0.0,0.008726646259971648,0.4,-38.8491
0.0,0.017453292519943295,0.4,-26.2047
0.0,0.026179938779914945,0.4,-14.4698
0.0,0.03490658503988659,0.4,-4.0259
0.008726646259971648,-0.03490658503988659,0.4,-369.2067
0.008726646259971648,-0.026179938779914945,0.4,-441.7519
0.008726646259971648,-0.017453292519943295,0.4,-571.5826
0.008726646259971648,-0.008726646259971648,0.4,-809.4214
0.008726646259971648,0.0,0.4,-1108.7123
0.008726646259971648,0.008726646259971648,0.4,-809.4214
0.008726646259971648,0.017453292519943295,0.4,-544.2817
0.008726646259971648,0.026179938779914945,0.4,-388.9338
0.008726646259971648,0.03490658503988659,0.4,-292.2437
0.017453292519943295,-0.03490658503988659,0.4,-575.7877
0.017453292519943295,-0.026179938779914945,0.4,-674.2507
0.017453292519943295,-0.017453292519943295,0.4,-808.2451
0.017453292519943295,-0.008726646259971648,0.4,-992.1887
0.017453292519943295,0.0,0.4,-1107.2721
0.017453292519943295,0.008726646259971648,0.4,-978.3007
0.017453292519943295,0.017453292519943295,0.4,-808.245
0.017453292519943295,0.026179938779914945,0.4,-651.8445
0.017453292519943295,0.03490658503988659,0.4,-527.9297
0.026179938779914945,-0.03490658503988659,0.4,-709.5815
0.026179938779914945,-0.026179938779914945,0.4,-806.8088
0.026179938779914945,-0.017453292519943295,0.4,-929.0822
0.026179938779914945,-0.008726646259971648,0.4,-1054.4254
0.026179938779914945,0.0,0.4,-1105.3408
0.026179938779914945,0.008726646259971648,0.4,-1033.7755
0.026179938779914945,0.017453292519943295,0.4,-918.5761
0.026179938779914945,0.026179938779914945,0.4,-806.8088
0.026179938779914945,0.03490658503988659,0.4,-694.273
0.03490658503988659,-0.03490658503988659,0.4,-805.199
0.03490658503988659,-0.026179938779914945,0.4,-897.2137
0.03490658503988659,-0.017453292519943295,0.4,-996.446
0.03490658503988659,-0.008726646259971648,0.4,-1079.0173
0.03490658503988659,0.0,0.4,-1102.9523
0.03490658503988659,0.008726646259971648,0.4,-1056.3584
0.03490658503988659,0.017453292519943295,0.4,-975.2574
0.03490658503988659,0.026179938779914945,0.4,-893.4503
0.03490658503988659,0.03490658503988659,0.4,-805.199
-0.03490658503988659,-0.03490658503988659,0.5,697.623
-0.03490658503988659,-0.026179938779914945,0.5,786.1924
-0.03490658503988659,-0.017453292519943295,0.5,869.0552
-0.03490658503988659,-0.008726646259971648,0.5,951.812
-0.03490658503988659,0.0,0.5,-1114.4189
-0.03490658503988659,0.008726646259971648,0.5,976.6111
-0.03490658503988659,0.017453292519943295,0.5,891.9533
-0.03490658503988659,0.026179938779914945,0.5,791.0132
-0.03490658503988659,0.03490658503988659,0.5,697.6231
-0.026179938779914945,-0.03490658503988659,0.5,586.54
-0.026179938779914945,-0.026179938779914945,0.5,699.0503
-0.026179938779914945,-0.017453292519943295,0.5,811.6826
-0.026179938779914945,-0.008726646259971648,0.5,928.8868
-0.026179938779914945,0.0,0.5,-1117.1842
-0.026179938779914945,0.008726646259971648,0.5,950.9617
-0.026179938779914945,0.017453292519943295,0.5,823.1712
-0.026179938779914945,0.026179938779914945,0.5,699.0504
-0.026179938779914945,0.03490658503988659,0.5,600.5956
-0.017453292519943295,-0.03490658503988659,0.5,420.1912
-0.017453292519943295,-0.026179938779914945,0.5,543.7101
-0.017453292519943295,-0.017453292519943295,0.5,700.307
-0.017453292519943295,-0.008726646259971648,0.5,872.4608
-0.017453292519943295,0.0,0.5,-1119.4475
-0.017453292519943295,0.008726646259971648,0.5,887.2064
-0.017453292519943295,0.017453292519943295,0.5,700.3072
-0.017453292519943295,0.026179938779914945,0.5,564.8271
-0.017453292519943295,0.03490658503988659,0.5,465.6259
-0.008726646259971648,-0.03490658503988659,0.5,184.6723
-0.008726646259971648,-0.026179938779914945,0.5,280.8147
-0.008726646259971648,-0.017453292519943295,0.5,435.6287
-0.008726646259971648,-0.008726646259971648,0.5,701.3212
-0.008726646259971648,0.0,0.5,-1121.1174
-0.008726646259971648,0.008726646259971648,0.5,701.3213
-0.008726646259971648,0.017453292519943295,0.5,461.6992
-0.008726646259971648,0.026179938779914945,0.5,331.4115
-0.008726646259971648,0.03490658503988659,0.5,258.5567
0.0,-0.03490658503988659,0.5,-102.6161
0.0,-0.026179938779914945,0.5,-92.7238
0.0,-0.017453292519943295,0.5,-81.5872
0.0,-0.008726646259971648,0.5,-69.5878
0.0,0.0,0.5,-1121.9714
0.0,0.008726646259971648,0.5,-44.5591
0.0,0.017453292519943295,0.5,-32.4268
0.0,0.026179938779914945,0.5,-21.1478
0.0,0.03490658503988659,0.5,-11.1154
0.008726646259971648,-0.03490658503988659,0.5,-372.2881
0.008726646259971648,-0.026179938779914945,0.5,-445.283
0.008726646259971648,-0.017453292519943295,0.5,-575.7131
0.008726646259971648,-0.008726646259971648,0.5,-815.4682
0.008726646259971648,0.0,0.5,-1121.1174
0.008726646259971648,0.008726646259971648,0.5,-815.4682
0.008726646259971648,0.017453292519943295,0.5,-549.6428
0.008726646259971648,0.026179938779914945,0.5,-394.6862
0.008726646259971648,0.03490658503988659,0.5,-298.4038
0.017453292519943295,-0.03490658503988659,0.5,-579.3574
0.017453292519943295,-0.026179938779914945,0.5,-678.6986
0.017453292519943295,-0.017453292519943295,0.5,-814.321
0.017453292519943295,-0.008726646259971648,0.5,-1001.3532
0.017453292519943295,0.0,0.5,-1119.4474
0.017453292519943295,0.008726646259971648,0.5,-986.6076
0.017453292519943295,0.017453292519943295,0.5,-814.3209
0.017453292519943295,0.026179938779914945,0.5,-657.5817
0.017453292519943295,0.03490658503988659,0.5,-533.9228
0.026179938779914945,-0.03490658503988659,0.5,-714.3271
0.026179938779914945,-0.026179938779914945,0.5,-812.9219
0.026179938779914945,-0.017453292519943295,0.5,-937.1849
0.026179938779914945,-0.008726646259971648,0.5,-1065.1085
0.026179938779914945,0.0,0.5,-1117.1841
0.026179938779914945,0.008726646259971648,0.5,-1043.0334
0.026179938779914945,0.017453292519943295,0.5,-925.6966
0.026179938779914945,0.026179938779914945,0.5,-812.9219
0.026179938779914945,0.03490658503988659,0.5,-700.2715
0.03490658503988659,-0.03490658503988659,0.5,-811.3546
0.03490658503988659,-0.026179938779914945,0.5,-904.8848
0.03490658503988659,-0.017453292519943295,0.5,-1005.9672
0.03490658503988659,-0.008726646259971648,0.5,-1090.7581
0.03490658503988659,0.0,0.5,-1114.4189
0.03490658503988659,0.008726646259971648,0.5,-1065.9589
0.03490658503988659,0.017453292519943295,0.5,-983.069
0.03490658503988659,0.026179938779914945,0.5,-900.0637
0.03490658503988659,0.03490658503988659,0.5,-811.3547
-0.03490658503988659,-0.03490658503988659,0.6,691.1472
-0.03490658503988659,-0.026179938779914945,0.6,780.1508
-0.03490658503988659,-0.017453292519943295,0.6,864.3391
-0.03490658503988659,-0.008726646259971648,0.6,949.3801
-0.03490658503988659,0.0,0.6,-1128.8356
-0.03490658503988659,0.008726646259971648,0.6,977.871
-0.03490658503988659,0.017453292519943295,0.6,890.1121
-0.03490658503988659,0.026179938779914945,0.6,786.3505
-0.03490658503988659,0.03490658503988659,0.6,691.1472
-0.026179938779914945,-0.03490658503988659,0.6,580.0676
-0.026179938779914945,-0.026179938779914945,0.6,692.5029
-0.026179938779914945,-0.017453292519943295,0.6,806.1982
-0.026179938779914945,-0.008726646259971648,0.6,925.9907
-0.026179938779914945,0.0,0.6,-1131.962
-0.026179938779914945,0.008726646259971648,0.6,951.1194
-0.026179938779914945,0.017453292519943295,0.6,819.0105
-0.026179938779914945,0.026179938779914945,0.6,692.5032
-0.026179938779914945,0.03490658503988659,0.6,592.5233
-0.017453292519943295,-0.03490658503988659,0.6,414.5139
-0.017453292519943295,-0.026179938779914945,0.6,536.985
-0.017453292519943295,-0.017453292519943295,0.6,693.6958
-0.017453292519943295,-0.008726646259971648,0.6,868.356
-0.017453292519943295,0.0,0.6,-1134.4058
-0.017453292519943295,0.008726646259971648,0.6,884.4745
-0.017453292519943295,0.017453292519943295,0.6,693.6959
-0.017453292519943295,0.026179938779914945,0.6,556.4274
-0.017453292519943295,0.03490658503988659,0.6,456.2995
-0.008726646259971648,-0.03490658503988659,0.6,180.2201
-0.008726646259971648,-0.026179938779914945,0.6,275.6168
-0.008726646259971648,-0.017453292519943295,0.6,428.7918
-0.008726646259971648,-0.008726646259971648,0.6,694.6575
-0.008726646259971648,0.0,0.6,-1136.1433
-0.008726646259971648,0.008726646259971648,0.6,694.6576
-0.008726646259971648,0.017453292519943295,0.6,453.0431
-0.008726646259971648,0.026179938779914945,0.6,322.2982
-0.008726646259971648,0.03490658503988659,0.6,249.0793
0.0,-0.03490658503988659,0.6,-108.1342
0.0,-0.026179938779914945,0.6,-98.7923
0.0,-0.017453292519943295,0.6,-88.0036
0.0,-0.008726646259971648,0.6,-76.184
0.0,0.0,0.6,-1137.0157
0.0,0.008726646259971648,0.6,-51.2717
0.0,0.017453292519943295,0.6,-39.3033
0.0,0.026179938779914945,0.6,-28.355
0.0,0.03490658503988659,0.6,-18.856
0.008726646259971648,-0.03490658503988659,0.6,-376.0696
0.008726646259971648,-0.026179938779914945,0.6,-449.4454
0.008726646259971648,-0.017453292519943295,0.6,-580.3498
0.008726646259971648,-0.008726646259971648,0.6,-822.1132
0.008726646259971648,0.0,0.6,-1136.1433
0.008726646259971648,0.008726646259971648,0.6,-822.1132
0.008726646259971648,0.017453292519943295,0.6,-556.0986
0.008726646259971648,0.026179938779914945,0.6,-402.7641
0.008726646259971648,0.03490658503988659,0.6,-307.2103
0.017453292519943295,-0.03490658503988659,0.6,-583.2897
0.017453292519943295,-0.026179938779914945,0.6,-683.5745
0.017453292519943295,-0.017453292519943295,0.6,-821.0025
0.017453292519943295,-0.008726646259971648,0.6,-1011.93
0.017453292519943295,0.0,0.6,-1134.4058
0.017453292519943295,0.008726646259971648,0.6,-995.8116
0.017453292519943295,0.017453292519943295,0.6,-821.0026
0.017453292519943295,0.026179938779914945,0.6,-664.1323
0.017453292519943295,0.03490658503988659,0.6,-541.504
0.026179938779914945,-0.03490658503988659,0.6,-719.5134
0.026179938779914945,-0.026179938779914945,0.6,-819.6503
0.026179938779914945,-0.017453292519943295,0.6,-946.3171
0.026179938779914945,-0.008726646259971648,0.6,-1078.575
0.026179938779914945,0.0,0.6,-1131.962
0.026179938779914945,0.008726646259971648,0.6,-1053.4462
0.026179938779914945,0.017453292519943295,0.6,-933.505
0.026179938779914945,0.026179938779914945,0.6,-819.6503
0.026179938779914945,0.03490658503988659,0.6,-707.0577
0.03490658503988659,-0.03490658503988659,0.6,-818.1373
0.03490658503988659,-0.026179938779914945,0.6,-913.4976
0.03490658503988659,-0.017453292519943295,0.6,-1017.4187
0.03490658503988659,-0.008726646259971648,0.6,-1105.3265
0.03490658503988659,0.0,0.6,-1128.8356
0.03490658503988659,0.008726646259971648,0.6,-1076.8358
0.03490658503988659,0.017453292519943295,0.6,-991.6456
0.03490658503988659,0.026179938779914945,0.6,-907.2979
0.03490658503988659,0.03490658503988659,0.6,-818.1374
-0.03490658503988659,-0.03490658503988659,0.7,666.6163
-0.03490658503988659,-0.026179938779914945,0.7,755.1809
-0.03490658503988659,-0.017453292519943295,0.7,840.1141
-0.03490658503988659,-0.008726646259971648,0.7,924.337
-0.03490658503988659,0.0,0.7,-1118.4315
-0.03490658503988659,0.008726646259971648,0.7,950.1705
-0.03490658503988659,0.017453292519943295,0.7,864.0453
-0.03490658503988659,0.026179938779914945,0.7,761.424
-0.03490658503988659,0.03490658503988659,0.7,666.6163
-0.026179938779914945,-0.03490658503988659,0.7,557.4685
-0.026179938779914945,-0.026179938779914945,0.7,667.912
-0.026179938779914945,-0.017453292519943295,0.7,781.9426
-0.026179938779914945,-0.008726646259971648,0.7,901.3648
-0.026179938779914945,0.0,0.7,-1121.4094
-0.026179938779914945,0.008726646259971648,0.7,924.2862
-0.026179938779914945,0.017453292519943295,0.7,794.0392
-0.026179938779914945,0.026179938779914945,0.7,667.9121
-0.026179938779914945,0.03490658503988659,0.7,567.532
-0.017453292519943295,-0.03490658503988659,0.7,395.8345
-0.017453292519943295,-0.026179938779914945,0.7,514.6589
-0.017453292519943295,-0.017453292519943295,0.7,669.0507
-0.017453292519943295,-0.008726646259971648,0.7,844.2743
-0.017453292519943295,0.0,0.7,-1123.7415
-0.017453292519943295,0.008726646259971648,0.7,859.1526
-0.017453292519943295,0.017453292519943295,0.7,669.0509
-0.017453292519943295,0.026179938779914945,0.7,530.9232
-0.017453292519943295,0.03490658503988659,0.7,430.7551
-0.008726646259971648,-0.03490658503988659,0.7,168.7759
-0.008726646259971648,-0.026179938779914945,0.7,259.8289
-0.008726646259971648,-0.017453292519943295,0.7,407.917
-0.008726646259971648,-0.008726646259971648,0.7,669.9677
-0.008726646259971648,0.0,0.7,-1125.401
-0.008726646259971648,0.008726646259971648,0.7,669.9676
-0.008726646259971648,0.017453292519943295,0.7,428.3793
-0.008726646259971648,0.026179938779914945,0.7,299.0018
-0.008726646259971648,0.03490658503988659,0.7,226.456
0.0,-0.03490658503988659,0.7,-109.3783
0.0,-0.026179938779914945,0.7,-101.6119
0.0,-0.017453292519943295,0.7,-92.5765
0.0,-0.008726646259971648,0.7,-82.6388
0.0,0.0,0.7,-1126.233
0.0,0.008726646259971648,0.7,-61.6163
0.0,0.017453292519943295,0.7,-51.5098
0.0,0.026179938779914945,0.7,-42.2931
0.0,0.03490658503988659,0.7,-34.3482
0.008726646259971648,-0.03490658503988659,0.7,-370.1825
0.008726646259971648,-0.026179938779914945,0.7,-442.9066
0.008726646259971648,-0.017453292519943295,0.7,-572.4653
0.008726646259971648,-0.008726646259971648,0.7,-814.2227
0.008726646259971648,0.0,0.7,-1125.401
0.008726646259971648,0.008726646259971648,0.7,-814.2227
0.008726646259971648,0.017453292519943295,0.7,-552.0031
0.008726646259971648,0.026179938779914945,0.7,-403.7338
0.008726646259971648,0.03490658503988659,0.7,-312.5024
0.017453292519943295,-0.03490658503988659,0.7,-574.4815
0.017453292519943295,-0.026179938779914945,0.7,-674.828
0.017453292519943295,-0.017453292519943295,0.7,-813.137
0.017453292519943295,-0.008726646259971648,0.7,-1003.4078
0.017453292519943295,0.0,0.7,-1123.7415
0.017453292519943295,0.008726646259971648,0.7,-988.5293
0.017453292519943295,0.017453292519943295,0.7,-813.1368
0.017453292519943295,0.026179938779914945,0.7,-658.564
0.017453292519943295,0.03490658503988659,0.7,-539.5611
0.026179938779914945,-0.03490658503988659,0.7,-711.2584
0.026179938779914945,-0.026179938779914945,0.7,-811.8169
0.026179938779914945,-0.017453292519943295,0.7,-938.1252
0.026179938779914945,-0.008726646259971648,0.7,-1068.5411
0.026179938779914945,0.0,0.7,-1121.4094
0.026179938779914945,0.008726646259971648,0.7,-1045.6198
0.026179938779914945,0.017453292519943295,0.7,-926.0286
0.026179938779914945,0.026179938779914945,0.7,-811.8169
0.026179938779914945,0.03490658503988659,0.7,-701.195
0.03490658503988659,-0.03490658503988659,0.7,-810.3427
0.03490658503988659,-0.026179938779914945,0.7,-905.3287
0.03490658503988659,-0.017453292519943295,0.7,-1008.1313
0.03490658503988659,-0.008726646259971648,0.7,-1094.4258
0.03490658503988659,0.0,0.7,-1118.4315
0.03490658503988659,0.008726646259971648,0.7,-1068.5922
0.03490658503988659,0.017453292519943295,0.7,-984.2003
0.03490658503988659,0.026179938779914945,0.7,-899.0858
0.03490658503988659,0.03490658503988659,0.7,-810.3428
-0.03490658503988659,-0.03490658503988659,0.8,661.6959
-0.03490658503988659,-0.026179938779914945,0.8,751.4942
-0.03490658503988659,-0.017453292519943295,0.8,837.6722
-0.03490658503988659,-0.008726646259971648,0.8,922.0998
-0.03490658503988659,0.0,0.8,-1135.9437
-0.03490658503988659,0.008726646259971648,0.8,946.1445
-0.03490658503988659,0.017453292519943295,0.8,860.2286
-0.03490658503988659,0.026179938779914945,0.8,757.2712
-0.03490658503988659,0.03490658503988659,0.8,661.6959
-0.026179938779914945,-0.03490658503988659,0.8,551.4083
-0.026179938779914945,-0.026179938779914945,0.8,663.0048
-0.026179938779914945,-0.017453292519943295,0.8,778.7718
-0.026179938779914945,-0.008726646259971648,0.8,899.0704
-0.026179938779914945,0.0,0.8,-1138.7756
-0.026179938779914945,0.008726646259971648,0.8,920.5782
-0.026179938779914945,0.017453292519943295,0.8,790.2339
-0.026179938779914945,0.026179938779914945,0.8,663.0049
-0.026179938779914945,0.03490658503988659,0.8,561.3083
-0.017453292519943295,-0.03490658503988659,0.8,388.4524
-0.017453292519943295,-0.026179938779914945,0.8,508.0457
-0.017453292519943295,-0.017453292519943295,0.8,664.1541
-0.017453292519943295,-0.008726646259971648,0.8,841.6782
-0.017453292519943295,0.0,0.8,-1141.0067
-0.017453292519943295,0.008726646259971648,0.8,855.8043
-0.017453292519943295,0.017453292519943295,0.8,664.1543
-0.017453292519943295,0.026179938779914945,0.8,523.9557
-0.017453292519943295,0.03490658503988659,0.8,422.3813
-0.008726646259971648,-0.03490658503988659,0.8,160.4644
-0.008726646259971648,-0.026179938779914945,0.8,251.3346
-0.008726646259971648,-0.017453292519943295,0.8,400.1301
-0.008726646259971648,-0.008726646259971648,0.8,665.0782
-0.008726646259971648,0.0,0.8,-1142.6062
-0.008726646259971648,0.008726646259971648,0.8,665.0783
-0.008726646259971648,0.017453292519943295,0.8,420.0285
-0.008726646259971648,0.026179938779914945,0.8,289.1583
-0.008726646259971648,0.03490658503988659,0.8,215.7997
0.0,-0.03490658503988659,0.8,-117.7975
0.0,-0.026179938779914945,0.8,-110.4334
0.0,-0.017453292519943295,0.8,-101.8835
0.0,-0.008726646259971648,0.8,-92.4924
0.0,0.0,0.8,-1143.4156
0.0,0.008726646259971648,0.8,-72.6095
0.0,0.017453292519943295,0.8,-63.0246
0.0,0.026179938779914945,0.8,-54.2666
0.0,0.03490658503988659,0.8,-46.6973
0.008726646259971648,-0.03490658503988659,0.8,-380.2946
0.008726646259971648,-0.026179938779914945,0.8,-453.8582
0.008726646259971648,-0.017453292519943295,0.8,-584.9365
0.008726646259971648,-0.008726646259971648,0.8,-830.1802
0.008726646259971648,0.0,0.8,-1142.6063
0.008726646259971648,0.008726646259971648,0.8,-830.1801
0.008726646259971648,0.017453292519943295,0.8,-565.0381
0.008726646259971648,0.026179938779914945,0.8,-416.0346
0.008726646259971648,0.03490658503988659,0.8,-324.9592
0.017453292519943295,-0.03490658503988659,0.8,-586.8761
0.017453292519943295,-0.026179938779914945,0.8,-688.6556
0.017453292519943295,-0.017453292519943295,0.8,-829.0623
0.017453292519943295,-0.008726646259971648,0.8,-1020.9061
0.017453292519943295,0.0,0.8,-1141.0067
0.017453292519943295,0.008726646259971648,0.8,-1006.7798
0.017453292519943295,0.017453292519943295,0.8,-829.0623
0.017453292519943295,0.026179938779914945,0.8,-672.7456
0.017453292519943295,0.03490658503988659,0.8,-552.9472
0.026179938779914945,-0.03490658503988659,0.8,-725.803
0.026179938779914945,-0.026179938779914945,0.8,-827.7048
0.026179938779914945,-0.017453292519943295,0.8,-955.1419
0.026179938779914945,-0.008726646259971648,0.8,-1085.6799
0.026179938779914945,0.0,0.8,-1138.7755
0.026179938779914945,0.008726646259971648,0.8,-1064.1721
0.026179938779914945,0.017453292519943295,0.8,-943.68
0.026179938779914945,0.026179938779914945,0.8,-827.7047
0.026179938779914945,0.03490658503988659,0.8,-715.903
0.03490658503988659,-0.03490658503988659,0.8,-826.1906
0.03490658503988659,-0.026179938779914945,0.8,-921.9711
0.03490658503988659,-0.017453292519943295,0.8,-1025.1366
0.03490658503988659,-0.008726646259971648,0.8,-1111.2467
0.03490658503988659,0.0,0.8,-1135.9436
0.03490658503988659,0.008726646259971648,0.8,-1087.2018
0.03490658503988659,0.017453292519943295,0.8,-1002.5801
0.03490658503988659,0.026179938779914945,0.8,-916.1939
0.03490658503988659,0.03490658503988659,0.8,-826.1906
-0.03490658503988659,-0.03490658503988659,0.9,651.3223
-0.03490658503988659,-0.026179938779914945,0.9,742.4456
-0.03490658503988659,-0.017453292519943295,0.9,830.5009
-0.03490658503988659,-0.008726646259971648,0.9,915.438
-0.03490658503988659,0.0,0.9,-1153.024
-0.03490658503988659,0.008726646259971648,0.9,937.4142
-0.03490658503988659,0.017453292519943295,0.9,851.5916
-0.03490658503988659,0.026179938779914945,0.9,748.0356
-0.03490658503988659,0.03490658503988659,0.9,651.3225
-0.026179938779914945,-0.03490658503988659,0.9,540.3129
-0.026179938779914945,-0.026179938779914945,0.9,652.631
-0.026179938779914945,-0.017453292519943295,0.9,770.6283
-0.026179938779914945,-0.008726646259971648,0.9,892.3672
-0.026179938779914945,0.0,0.9,-1155.7328
-0.026179938779914945,0.008726646259971648,0.9,912.2037
-0.026179938779914945,0.017453292519943295,0.9,781.4892
-0.026179938779914945,0.026179938779914945,0.9,652.6312
-0.026179938779914945,0.03490658503988659,0.9,549.0386
-0.017453292519943295,-0.03490658503988659,0.9,377.0133
-0.017453292519943295,-0.026179938779914945,0.9,496.3779
-0.017453292519943295,-0.017453292519943295,0.9,653.7802
-0.017453292519943295,-0.008726646259971648,0.9,834.5376
-0.017453292519943295,0.0,0.9,-1157.8781
-0.017453292519943295,0.008726646259971648,0.9,847.7649
-0.017453292519943295,0.017453292519943295,0.9,653.7803
-0.017453292519943295,0.026179938779914945,0.9,510.6769
-0.017453292519943295,0.03490658503988659,0.9,407.3348
-0.008726646259971648,-0.03490658503988659,0.9,149.926
-0.008726646259971648,-0.026179938779914945,0.9,239.416
-0.008726646259971648,-0.017453292519943295,0.9,387.515
-0.008726646259971648,-0.008726646259971648,0.9,654.7044
-0.008726646259971648,0.0,0.9,-1159.424
-0.008726646259971648,0.008726646259971648,0.9,654.7046
-0.008726646259971648,0.017453292519943295,0.9,405.4246
-0.008726646259971648,0.026179938779914945,0.9,273.1527
-0.008726646259971648,0.03490658503988659,0.9,198.9716
0.0,-0.03490658503988659,0.9,-125.9896
0.0,-0.026179938779914945,0.9,-119.5486
0.0,-0.017453292519943295,0.9,-112.0445
0.0,-0.008726646259971648,0.9,-103.7887
0.0,0.0,0.9,-1160.2095
0.0,0.008726646259971648,0.9,-86.2719
0.0,0.017453292519943295,0.9,-77.8147
0.0,0.026179938779914945,0.9,-70.0938
0.0,0.03490658503988659,0.9,-63.4384
0.008726646259971648,-0.03490658503988659,0.9,-388.3994
0.008726646259971648,-0.026179938779914945,0.9,-462.7951
0.008726646259971648,-0.017453292519943295,0.9,-595.2838
0.008726646259971648,-0.008726646259971648,0.9,-844.765
0.008726646259971648,0.0,0.9,-1159.424
0.008726646259971648,0.008726646259971648,0.9,-844.765
0.008726646259971648,0.017453292519943295,0.9,-577.3741
0.008726646259971648,0.026179938779914945,0.9,-429.0584
0.008726646259971648,0.03490658503988659,0.9,-339.3539
0.017453292519943295,-0.03490658503988659,0.9,-596.7628
0.017453292519943295,-0.026179938779914945,0.9,-700.3192
0.017453292519943295,-0.017453292519943295,0.9,-843.6395
0.017453292519943295,-0.008726646259971648,0.9,-1037.8252
0.017453292519943295,0.0,0.9,-1157.8781
0.017453292519943295,0.008726646259971648,0.9,-1024.5981
0.017453292519943295,0.017453292519943295,0.9,-843.6394
0.017453292519943295,0.026179938779914945,0.9,-686.0204
0.017453292519943295,0.03490658503988659,0.9,-566.4412
0.026179938779914945,-0.03490658503988659,0.9,-738.4664
0.026179938779914945,-0.026179938779914945,0.9,-842.2734
0.026179938779914945,-0.017453292519943295,0.9,-971.3483
0.026179938779914945,-0.008726646259971648,0.9,-1102.264
0.026179938779914945,0.0,0.9,-1155.7327
0.026179938779914945,0.008726646259971648,0.9,-1082.4276
0.026179938779914945,0.017453292519943295,0.9,-960.4875
0.026179938779914945,0.026179938779914945,0.9,-842.2734
0.026179938779914945,0.03490658503988659,0.9,-729.741
0.03490658503988659,-0.03490658503988659,0.9,-840.7504
0.03490658503988659,-0.026179938779914945,0.9,-937.6778
0.03490658503988659,-0.017453292519943295,0.9,-1041.4507
0.03490658503988659,-0.008726646259971648,0.9,-1127.4751
0.03490658503988659,0.0,0.9,-1153.024
0.03490658503988659,0.008726646259971648,0.9,-1105.4987
0.03490658503988659,0.017453292519943295,0.9,-1020.36
0.03490658503988659,0.026179938779914945,0.9,-932.0878
0.03490658503988659,0.03490658503988659,0.9,-840.7503
-0.03490658503988659,-0.03490658503988659,1,629.9551
-0.03490658503988659,-0.026179938779914945,1,721.4891
-0.03490658503988659,-0.017453292519943295,1,810.0552
-0.03490658503988659,-0.008726646259971648,1,893.593
-0.03490658503988659,0.0,1,-1157.3302
-0.03490658503988659,0.008726646259971648,1,911.8049
-0.03490658503988659,0.017453292519943295,1,828.4877
-0.03490658503988659,0.026179938779914945,1,726.2805
-0.03490658503988659,0.03490658503988659,1,629.9553
-0.026179938779914945,-0.03490658503988659,1,519.5526
-0.026179938779914945,-0.026179938779914945,1,631.3879
-0.026179938779914945,-0.017453292519943295,1,750.2547
-0.026179938779914945,-0.008726646259971648,1,871.0457
-0.026179938779914945,0.0,1,-1159.7876
-0.026179938779914945,0.008726646259971648,1,888.0687
-0.026179938779914945,0.017453292519943295,1,759.838
-0.026179938779914945,0.026179938779914945,1,631.3881
-0.026179938779914945,0.03490658503988659,1,527.2495
-0.017453292519943295,-0.03490658503988659,1,357.8107
-0.017453292519943295,-0.026179938779914945,1,475.7169
-0.017453292519943295,-0.017453292519943295,1,632.6448
-0.017453292519943295,-0.008726646259971648,1,813.9749
-0.017453292519943295,0.0,1,-1161.7665
-0.017453292519943295,0.008726646259971648,1,825.7566
-0.017453292519943295,0.017453292519943295,1,632.6448
-0.017453292519943295,0.026179938779914945,1,488.4499
-0.017453292519943295,0.03490658503988659,1,384.7419
-0.008726646259971648,-0.03490658503988659,1,133.7892
-0.008726646259971648,-0.026179938779914945,1,221.3195
-0.008726646259971648,-0.017453292519943295,1,367.3601
-0.008726646259971648,-0.008726646259971648,1,633.6544
-0.008726646259971648,0.0,1,-1163.2216
-0.008726646259971648,0.008726646259971648,1,633.6544
-0.008726646259971648,0.017453292519943295,1,383.369
-0.008726646259971648,0.026179938779914945,1,251.4395
-0.008726646259971648,0.03490658503988659,1,177.4459
0.0,-0.03490658503988659,1,-136.7907
0.0,-0.026179938779914945,1,-131.1116
0.0,-0.017453292519943295,1,-124.5168
0.0,-0.008726646259971648,1,-117.2865
0.0,0.0,1,-1163.9817
0.0,0.008726646259971648,1,-101.9742
0.0,0.017453292519943295,1,-94.5436
0.0,0.026179938779914945,1,-87.7336
0.0,0.03490658503988659,1,-81.8422
0.008726646259971648,-0.03490658503988659,1,-396.0787
0.008726646259971648,-0.026179938779914945,1,-470.2845
0.008726646259971648,-0.017453292519943295,1,-602.4293
0.008726646259971648,-0.008726646259971648,1,-852.9152
0.008726646259971648,0.0,1,-1163.2214
0.008726646259971648,0.008726646259971648,1,-852.915
0.008726646259971648,0.017453292519943295,1,-586.4203
0.008726646259971648,0.026179938779914945,1,-440.1646
0.008726646259971648,0.03490658503988659,1,-352.422
0.017453292519943295,-0.03490658503988659,1,-603.3746
0.017453292519943295,-0.026179938779914945,1,-707.2949
0.017453292519943295,-0.017453292519943295,1,-851.705
0.017453292519943295,-0.008726646259971648,1,-1045.0171
0.017453292519943295,0.0,1,-1161.7665
0.017453292519943295,0.008726646259971648,1,-1033.2355
0.017453292519943295,0.017453292519943295,1,-851.7051
0.017453292519943295,0.026179938779914945,1,-694.5621
0.017453292519943295,0.03490658503988659,1,-576.4436
0.026179938779914945,-0.03490658503988659,1,-745.8823
0.026179938779914945,-0.026179938779914945,1,-850.233
0.026179938779914945,-0.017453292519943295,1,-978.8983
0.026179938779914945,-0.008726646259971648,1,-1107.3291
0.026179938779914945,0.0,1,-1159.7877
0.026179938779914945,0.008726646259971648,1,-1090.306
0.026179938779914945,0.017453292519943295,1,-969.3151
0.026179938779914945,0.026179938779914945,1,-850.233
0.026179938779914945,0.03490658503988659,1,-738.1854
0.03490658503988659,-0.03490658503988659,1,-848.588
0.03490658503988659,-0.026179938779914945,1,-945.1255
0.03490658503988659,-0.017453292519943295,1,-1047.5479
0.03490658503988659,-0.008726646259971648,1,-1131.0658
0.03490658503988659,0.0,1,-1157.3303
0.03490658503988659,0.008726646259971648,1,-1112.8535
0.03490658503988659,0.017453292519943295,1,-1029.1155
0.03490658503988659,0.026179938779914945,1,-940.334
0.03490658503988659,0.03490658503988659,1,-848.588
