alpha,beta,mach,CD0 [-]
-0.03490658503988659,-0.03490658503988659,0.01,0.711081516744381
-0.03490658503988659,-0.026179938779914945,0.01,0.7015890224435836
-0.03490658503988659,-0.017453292519943295,0.01,0.6949291747881436
-0.03490658503988659,-0.008726646259971648,0.01,0.6908761943733236
-0.03490658503988659,0.0,0.01,0.6895245445508635
-0.03490658503988659,0.008726646259971648,0.01,0.6908761943733236
-0.03490658503988659,0.017453292519943295,0.01,0.6949291747881436
-0.03490658503988659,0.026179938779914945,0.01,0.7015890224435836
-0.03490658503988659,0.03490658503988659,0.01,0.711081516744381
-0.026179938779914945,-0.03490658503988659,0.01,0.7015889372120103
-0.026179938779914945,-0.026179938779914945,0.01,0.6924398949895327
-0.026179938779914945,-0.017453292519943295,0.01,0.6858843027852842
-0.026179938779914945,-0.008726646259971648,0.01,0.6819786228313766
-0.026179938779914945,0.0,0.01,0.6806816041674651
-0.026179938779914945,0.008726646259971648,0.01,0.6819786228313766
-0.026179938779914945,0.017453292519943295,0.01,0.6858843027852842
-0.026179938779914945,0.026179938779914945,0.01,0.6924398949895327
-0.026179938779914945,0.03490658503988659,0.01,0.7015889372120103
-0.017453292519943295,-0.03490658503988659,0.01,0.6949291065075489
-0.017453292519943295,-0.026179938779914945,0.01,0.6858842861837842
-0.017453292519943295,-0.017453292519943295,0.01,0.6796106628850613
-0.017453292519943295,-0.008726646259971648,0.01,0.6757299420642617
-0.017453292519943295,0.0,0.01,0.6744771882332766
-0.017453292519943295,0.008726646259971648,0.01,0.6757299420642617
-0.017453292519943295,0.017453292519943295,0.01,0.6796106628850613
-0.017453292519943295,0.026179938779914945,0.01,0.6858842861837842
-0.017453292519943295,0.03490658503988659,0.01,0.6949291065075489
-0.008726646259971648,-0.03490658503988659,0.01,0.6908761721052027
-0.008726646259971648,-0.026179938779914945,0.01,0.6819786161309446
-0.008726646259971648,-0.017453292519943295,0.01,0.6757299409309072
-0.008726646259971648,-0.008726646259971648,0.01,0.6720307877839193
-0.008726646259971648,0.0,0.01,0.670809308456789
-0.008726646259971648,0.008726646259971648,0.01,0.6720307877839193
-0.008726646259971648,0.017453292519943295,0.01,0.6757299409309072
-0.008726646259971648,0.026179938779914945,0.01,0.6819786161309446
-0.008726646259971648,0.03490658503988659,0.01,0.6908761721052027
0.0,-0.03490658503988659,0.01,0.6895245445508635
0.0,-0.026179938779914945,0.01,0.6806816041674651
0.0,-0.017453292519943295,0.01,0.6744771882332766
0.0,-0.008726646259971648,0.01,0.670809308456789
0.0,0.0,0.01,0.6695
0.0,0.008726646259971648,0.01,0.670809308456789
0.0,0.017453292519943295,0.01,0.6744771882332766
0.0,0.026179938779914945,0.01,0.6806816041674651
0.0,0.03490658503988659,0.01,0.6895245445508635
0.008726646259971648,-0.03490658503988659,0.01,0.6908761721052027
0.008726646259971648,-0.026179938779914945,0.01,0.6819786161309446
0.008726646259971648,-0.017453292519943295,0.01,0.6757299409309072
0.008726646259971648,-0.008726646259971648,0.01,0.6720307877839193
0.008726646259971648,0.0,0.01,0.670809308456789
0.008726646259971648,0.008726646259971648,0.01,0.6720307877839193
0.008726646259971648,0.017453292519943295,0.01,0.6757299409309072
0.008726646259971648,0.026179938779914945,0.01,0.6819786161309446
0.008726646259971648,0.03490658503988659,0.01,0.6908761721052027
0.017453292519943295,-0.03490658503988659,0.01,0.6949291065075489
0.017453292519943295,-0.026179938779914945,0.01,0.6858842861837842
0.017453292519943295,-0.017453292519943295,0.01,0.6796106628850613
0.017453292519943295,-0.008726646259971648,0.01,0.6757299420642617
0.017453292519943295,0.0,0.01,0.6744771882332766
0.017453292519943295,0.008726646259971648,0.01,0.6757299420642617
0.017453292519943295,0.017453292519943295,0.01,0.6796106628850613
0.017453292519943295,0.026179938779914945,0.01,0.6858842861837842
0.017453292519943295,0.03490658503988659,0.01,0.6949291065075489
0.026179938779914945,-0.03490658503988659,0.01,0.7015889372120103
0.026179938779914945,-0.026179938779914945,0.01,0.6924398949895327
0.026179938779914945,-0.017453292519943295,0.01,0.6858843027852842
0.026179938779914945,-0.008726646259971648,0.01,0.6819786228313766
0.026179938779914945,0.0,0.01,0.6806816041674651
0.026179938779914945,0.008726646259971648,0.01,0.6819786228313766
0.026179938779914945,0.017453292519943295,0.01,0.6858843027852842
0.026179938779914945,0.026179938779914945,0.01,0.6924398949895327
0.026179938779914945,0.03490658503988659,0.01,0.7015889372120103
0.03490658503988659,-0.03490658503988659,0.01,0.711081516744381
0.03490658503988659,-0.026179938779914945,0.01,0.7015890224435836
0.03490658503988659,-0.017453292519943295,0.01,0.6949291747881436
0.03490658503988659,-0.008726646259971648,0.01,0.6908761943733236
0.03490658503988659,0.0,0.01,0.6895245445508635
0.03490658503988659,0.008726646259971648,0.01,0.6908761943733236
0.03490658503988659,0.017453292519943295,0.01,0.6949291747881436
0.03490658503988659,0.026179938779914945,0.01,0.7015890224435836
0.03490658503988659,0.03490658503988659,0.01,0.711081516744381
-0.03490658503988659,-0.03490658503988659,0.1,0.5100685617258744
-0.03490658503988659,-0.026179938779914945,0.1,0.5006118955639213
-0.03490658503988659,-0.017453292519943295,0.1,0.49380686858769657
-0.03490658503988659,-0.008726646259971648,0.1,0.4897282926665715
-0.03490658503988659,0.0,0.1,0.4883681107699411
-0.03490658503988659,0.008726646259971648,0.1,0.4897282926665715
-0.03490658503988659,0.017453292519943295,0.1,0.49380686858769657
-0.03490658503988659,0.026179938779914945,0.1,0.5006118955639213
-0.03490658503988659,0.03490658503988659,0.1,0.5100685617258744
-0.026179938779914945,-0.03490658503988659,0.1,0.5006118111293438
-0.026179938779914945,-0.026179938779914945,0.1,0.49129877028705665
-0.026179938779914945,-0.017453292519943295,0.1,0.4847022539293086
-0.026179938779914945,-0.008726646259971648,0.1,0.4807666086085916
-0.026179938779914945,0.0,0.1,0.4794610554292086
-0.026179938779914945,0.008726646259971648,0.1,0.4807666086085916
-0.026179938779914945,0.017453292519943295,0.1,0.4847022539293086
-0.026179938779914945,0.026179938779914945,0.1,0.49129877028705665
-0.026179938779914945,0.03490658503988659,0.1,0.5006118111293438
-0.017453292519943295,-0.03490658503988659,0.1,0.4938068013700124
-0.017453292519943295,-0.026179938779914945,0.1,0.48470223752709524
-0.017453292519943295,-0.017453292519943295,0.1,0.4782824772506751
-0.017453292519943295,-0.008726646259971648,0.1,0.4744743729251838
-0.017453292519943295,0.0,0.1,0.4732130829202262
-0.017453292519943295,0.008726646259971648,0.1,0.4744743729251838
-0.017453292519943295,0.017453292519943295,0.1,0.4782824772506751
-0.017453292519943295,0.026179938779914945,0.1,0.48470223752709524
-0.017453292519943295,0.03490658503988659,0.1,0.4938068013700124
-0.008726646259971648,-0.03490658503988659,0.1,0.48972827066417324
-0.008726646259971648,-0.026179938779914945,0.1,0.4807666020078182
-0.008726646259971648,-0.017453292519943295,0.1,0.47447437185828023
-0.008726646259971648,-0.008726646259971648,0.1,0.4706496154294143
-0.008726646259971648,0.0,0.1,0.4694187224587646
-0.008726646259971648,0.008726646259971648,0.1,0.4706496154294143
-0.008726646259971648,0.017453292519943295,0.1,0.47447437185828023
-0.008726646259971648,0.026179938779914945,0.1,0.4807666020078182
-0.008726646259971648,0.03490658503988659,0.1,0.48972827066417324
0.0,-0.03490658503988659,0.1,0.4883681107699411
0.0,-0.026179938779914945,0.1,0.4794610554292086
0.0,-0.017453292519943295,0.1,0.4732130829202262
0.0,-0.008726646259971648,0.1,0.4694187224587646
0.0,0.0,0.1,0.4681
0.0,0.008726646259971648,0.1,0.4694187224587646
0.0,0.017453292519943295,0.1,0.4732130829202262
0.0,0.026179938779914945,0.1,0.4794610554292086
0.0,0.03490658503988659,0.1,0.4883681107699411
0.008726646259971648,-0.03490658503988659,0.1,0.48972827066417324
0.008726646259971648,-0.026179938779914945,0.1,0.4807666020078182
0.008726646259971648,-0.017453292519943295,0.1,0.47447437185828023
0.008726646259971648,-0.008726646259971648,0.1,0.4706496154294143
0.008726646259971648,0.0,0.1,0.4694187224587646
0.008726646259971648,0.008726646259971648,0.1,0.4706496154294143
0.008726646259971648,0.017453292519943295,0.1,0.47447437185828023
0.008726646259971648,0.026179938779914945,0.1,0.4807666020078182
0.008726646259971648,0.03490658503988659,0.1,0.48972827066417324
0.017453292519943295,-0.03490658503988659,0.1,0.4938068013700124
0.017453292519943295,-0.026179938779914945,0.1,0.48470223752709524
0.017453292519943295,-0.017453292519943295,0.1,0.4782824772506751
0.017453292519943295,-0.008726646259971648,0.1,0.4744743729251838
0.017453292519943295,0.0,0.1,0.4732130829202262
0.017453292519943295,0.008726646259971648,0.1,0.4744743729251838
0.017453292519943295,0.017453292519943295,0.1,0.4782824772506751
0.017453292519943295,0.026179938779914945,0.1,0.48470223752709524
0.017453292519943295,0.03490658503988659,0.1,0.4938068013700124
0.026179938779914945,-0.03490658503988659,0.1,0.5006118111293438
0.026179938779914945,-0.026179938779914945,0.1,0.49129877028705665
0.026179938779914945,-0.017453292519943295,0.1,0.4847022539293086
0.026179938779914945,-0.008726646259971648,0.1,0.4807666086085916
0.026179938779914945,0.0,0.1,0.4794610554292086
0.026179938779914945,0.008726646259971648,0.1,0.4807666086085916
0.026179938779914945,0.017453292519943295,0.1,0.4847022539293086
0.026179938779914945,0.026179938779914945,0.1,0.49129877028705665
0.026179938779914945,0.03490658503988659,0.1,0.5006118111293438
0.03490658503988659,-0.03490658503988659,0.1,0.5100685617258744
0.03490658503988659,-0.026179938779914945,0.1,0.5006118955639213
0.03490658503988659,-0.017453292519943295,0.1,0.49380686858769657
0.03490658503988659,-0.008726646259971648,0.1,0.4897282926665715
0.03490658503988659,0.0,0.1,0.4883681107699411
0.03490658503988659,0.008726646259971648,0.1,0.4897282926665715
0.03490658503988659,0.017453292519943295,0.1,0.49380686858769657
0.03490658503988659,0.026179938779914945,0.1,0.5006118955639213
0.03490658503988659,0.03490658503988659,0.1,0.5100685617258744
-0.03490658503988659,-0.03490658503988659,0.2,0.4951914979492876
-0.03490658503988659,-0.026179938779914945,0.2,0.48561088001986685
-0.03490658503988659,-0.017453292519943295,0.2,0.4787846686990288
-0.03490658503988659,-0.008726646259971648,0.2,0.47469390365601727
-0.03490658503988659,0.0,0.2,0.4733296585270065
-0.03490658503988659,0.008726646259971648,0.2,0.47469390365601727
-0.03490658503988659,0.017453292519943295,0.2,0.4787846686990288
-0.03490658503988659,0.026179938779914945,0.2,0.48561088001986685
-0.03490658503988659,0.03490658503988659,0.2,0.4951914979492876
-0.026179938779914945,-0.03490658503988659,0.2,0.48561079717906824
-0.026179938779914945,-0.026179938779914945,0.2,0.4762719312113748
-0.026179938779914945,-0.017453292519943295,0.2,0.46965247951995587
-0.026179938779914945,-0.008726646259971648,0.2,0.46570464192709293
-0.026179938779914945,0.0,0.2,0.4643976421600471
-0.026179938779914945,0.008726646259971648,0.2,0.46570464192709293
-0.026179938779914945,0.017453292519943295,0.2,0.46965247951995587
-0.026179938779914945,0.026179938779914945,0.2,0.4762719312113748
-0.026179938779914945,0.03490658503988659,0.2,0.48561079717906824
-0.017453292519943295,-0.03490658503988659,0.2,0.47878460094916053
-0.017453292519943295,-0.026179938779914945,0.2,0.46965246271890315
-0.017453292519943295,-0.017453292519943295,0.2,0.4632115080150328
-0.017453292519943295,-0.008726646259971648,0.2,0.45939295443601535
-0.017453292519943295,0.0,0.2,0.4581293446485145
-0.017453292519943295,0.008726646259971648,0.2,0.45939295443601535
-0.017453292519943295,0.017453292519943295,0.2,0.4632115080150328
-0.017453292519943295,0.026179938779914945,0.2,0.46965246271890315
-0.017453292519943295,0.03490658503988659,0.2,0.47878460094916053
-0.008726646259971648,-0.03490658503988659,0.2,0.47469388152053005
-0.008726646259971648,-0.026179938779914945,0.2,0.465704635226585
-0.008726646259971648,-0.017453292519943295,0.2,0.45939295330264834
-0.008726646259971648,-0.008726646259971648,0.2,0.4556577388112281
-0.008726646259971648,0.0,0.2,0.45432278803469495
-0.008726646259971648,0.008726646259971648,0.2,0.4556577388112281
-0.008726646259971648,0.017453292519943295,0.2,0.45939295330264834
-0.008726646259971648,0.026179938779914945,0.2,0.465704635226585
-0.008726646259971648,0.03490658503988659,0.2,0.47469388152053005
0.0,-0.03490658503988659,0.2,0.4733296585270065
0.0,-0.026179938779914945,0.2,0.4643976421600471
0.0,-0.017453292519943295,0.2,0.4581293446485145
0.0,-0.008726646259971648,0.2,0.45432278803469495
0.0,0.0,0.2,0.4531
0.0,0.008726646259971648,0.2,0.45432278803469495
0.0,0.017453292519943295,0.2,0.4581293446485145
0.0,0.026179938779914945,0.2,0.4643976421600471
0.0,0.03490658503988659,0.2,0.4733296585270065
0.008726646259971648,-0.03490658503988659,0.2,0.47469388152053005
0.008726646259971648,-0.026179938779914945,0.2,0.465704635226585
0.008726646259971648,-0.017453292519943295,0.2,0.45939295330264834
0.008726646259971648,-0.008726646259971648,0.2,0.4556577388112281
0.008726646259971648,0.0,0.2,0.45432278803469495
0.008726646259971648,0.008726646259971648,0.2,0.4556577388112281
0.008726646259971648,0.017453292519943295,0.2,0.45939295330264834
0.008726646259971648,0.026179938779914945,0.2,0.465704635226585
0.008726646259971648,0.03490658503988659,0.2,0.47469388152053005
0.017453292519943295,-0.03490658503988659,0.2,0.47878460094916053
0.017453292519943295,-0.026179938779914945,0.2,0.46965246271890315
0.017453292519943295,-0.017453292519943295,0.2,0.4632115080150328
0.017453292519943295,-0.008726646259971648,0.2,0.45939295443601535
0.017453292519943295,0.0,0.2,0.4581293446485145
0.017453292519943295,0.008726646259971648,0.2,0.45939295443601535
0.017453292519943295,0.017453292519943295,0.2,0.4632115080150328
0.017453292519943295,0.026179938779914945,0.2,0.46965246271890315
0.017453292519943295,0.03490658503988659,0.2,0.47878460094916053
0.026179938779914945,-0.03490658503988659,0.2,0.48561079717906824
0.026179938779914945,-0.026179938779914945,0.2,0.4762719312113748
0.026179938779914945,-0.017453292519943295,0.2,0.46965247951995587
0.026179938779914945,-0.008726646259971648,0.2,0.46570464192709293
0.026179938779914945,0.0,0.2,0.4643976421600471
0.026179938779914945,0.008726646259971648,0.2,0.46570464192709293
0.026179938779914945,0.017453292519943295,0.2,0.46965247951995587
0.026179938779914945,0.026179938779914945,0.2,0.4762719312113748
0.026179938779914945,0.03490658503988659,0.2,0.48561079717906824
0.03490658503988659,-0.03490658503988659,0.2,0.4951914979492876
0.03490658503988659,-0.026179938779914945,0.2,0.48561088001986685
0.03490658503988659,-0.017453292519943295,0.2,0.4787846686990288
0.03490658503988659,-0.008726646259971648,0.2,0.47469390365601727
0.03490658503988659,0.0,0.2,0.4733296585270065
0.03490658503988659,0.008726646259971648,0.2,0.47469390365601727
0.03490658503988659,0.017453292519943295,0.2,0.4787846686990288
0.03490658503988659,0.026179938779914945,0.2,0.48561088001986685
0.03490658503988659,0.03490658503988659,0.2,0.4951914979492876
-0.03490658503988659,-0.03490658503988659,0.3,0.49317559960129576
-0.03490658503988659,-0.026179938779914945,0.3,0.48365593995646555
-0.03490658503988659,-0.017453292519943295,0.3,0.47679968060747513
-0.03490658503988659,-0.008726646259971648,0.3,0.4726947238065899
-0.03490658503988659,0.0,0.3,0.47132167648169293
-0.03490658503988659,0.008726646259971648,0.3,0.4726947238065899
-0.03490658503988659,0.017453292519943295,0.3,0.47679968060747513
-0.03490658503988659,0.026179938779914945,0.3,0.48365593995646555
-0.03490658503988659,0.03490658503988659,0.3,0.49317559960129576
-0.026179938779914945,-0.03490658503988659,0.3,0.48365585631697094
-0.026179938779914945,-0.026179938779914945,0.3,0.4742728255600983
-0.026179938779914945,-0.017453292519943295,0.3,0.46762855291930977
-0.026179938779914945,-0.008726646259971648,0.3,0.4636639019567973
-0.026179938779914945,0.0,0.3,0.4623480979793834
-0.026179938779914945,0.008726646259971648,0.3,0.4636639019567973
-0.026179938779914945,0.017453292519943295,0.3,0.46762855291930977
-0.026179938779914945,0.026179938779914945,0.3,0.4742728255600983
-0.026179938779914945,0.03490658503988659,0.3,0.48365585631697094
-0.017453292519943295,-0.03490658503988659,0.3,0.47679961285655426
-0.017453292519943295,-0.026179938779914945,0.3,0.4676285363173541
-0.017453292519943295,-0.017453292519943295,0.3,0.4611575204478879
-0.017453292519943295,-0.008726646259971648,0.3,0.4573221500648966
-0.017453292519943295,0.0,0.3,0.45605235261705457
-0.017453292519943295,0.008726646259971648,0.3,0.4573221500648966
-0.017453292519943295,0.017453292519943295,0.3,0.4611575204478879
-0.017453292519943295,0.026179938779914945,0.3,0.4676285363173541
-0.017453292519943295,0.03490658503988659,0.3,0.47679961285655426
-0.008726646259971648,-0.03490658503988659,0.3,0.47269470206945874
-0.008726646259971648,-0.026179938779914945,0.3,0.4636638951565093
-0.008726646259971648,-0.017453292519943295,0.3,0.4573221488650584
-0.008726646259971648,-0.008726646259971648,0.3,0.45356837037454406
-0.008726646259971648,0.0,0.3,0.45222810391755924
-0.008726646259971648,0.008726646259971648,0.3,0.45356837037454406
-0.008726646259971648,0.017453292519943295,0.3,0.4573221488650584
-0.008726646259971648,0.026179938779914945,0.3,0.4636638951565093
-0.008726646259971648,0.03490658503988659,0.3,0.47269470206945874
0.0,-0.03490658503988659,0.3,0.47132167648169293
0.0,-0.026179938779914945,0.3,0.4623480979793834
0.0,-0.017453292519943295,0.3,0.45605235261705457
0.0,-0.008726646259971648,0.3,0.45222810391755924
0.0,0.0,0.3,0.4509
0.0,0.008726646259971648,0.3,0.45222810391755924
0.0,0.017453292519943295,0.3,0.45605235261705457
0.0,0.026179938779914945,0.3,0.4623480979793834
0.0,0.03490658503988659,0.3,0.47132167648169293
0.008726646259971648,-0.03490658503988659,0.3,0.47269470206945874
0.008726646259971648,-0.026179938779914945,0.3,0.4636638951565093
0.008726646259971648,-0.017453292519943295,0.3,0.4573221488650584
0.008726646259971648,-0.008726646259971648,0.3,0.45356837037454406
0.008726646259971648,0.0,0.3,0.45222810391755924
0.008726646259971648,0.008726646259971648,0.3,0.45356837037454406
0.008726646259971648,0.017453292519943295,0.3,0.4573221488650584
0.008726646259971648,0.026179938779914945,0.3,0.4636638951565093
0.008726646259971648,0.03490658503988659,0.3,0.47269470206945874
0.017453292519943295,-0.03490658503988659,0.3,0.47679961285655426
0.017453292519943295,-0.026179938779914945,0.3,0.4676285363173541
0.017453292519943295,-0.017453292519943295,0.3,0.4611575204478879
0.017453292519943295,-0.008726646259971648,0.3,0.4573221500648966
0.017453292519943295,0.0,0.3,0.45605235261705457
0.017453292519943295,0.008726646259971648,0.3,0.4573221500648966
0.017453292519943295,0.017453292519943295,0.3,0.4611575204478879
0.017453292519943295,0.026179938779914945,0.3,0.4676285363173541
0.017453292519943295,0.03490658503988659,0.3,0.47679961285655426
0.026179938779914945,-0.03490658503988659,0.3,0.48365585631697094
0.026179938779914945,-0.026179938779914945,0.3,0.4742728255600983
0.026179938779914945,-0.017453292519943295,0.3,0.46762855291930977
0.026179938779914945,-0.008726646259971648,0.3,0.4636639019567973
0.026179938779914945,0.0,0.3,0.4623480979793834
0.026179938779914945,0.008726646259971648,0.3,0.4636639019567973
0.026179938779914945,0.017453292519943295,0.3,0.46762855291930977
0.026179938779914945,0.026179938779914945,0.3,0.4742728255600983
0.026179938779914945,0.03490658503988659,0.3,0.48365585631697094
0.03490658503988659,-0.03490658503988659,0.3,0.49317559960129576
0.03490658503988659,-0.026179938779914945,0.3,0.48365593995646555
0.03490658503988659,-0.017453292519943295,0.3,0.47679968060747513
0.03490658503988659,-0.008726646259971648,0.3,0.4726947238065899
0.03490658503988659,0.0,0.3,0.47132167648169293
0.03490658503988659,0.008726646259971648,0.3,0.4726947238065899
0.03490658503988659,0.017453292519943295,0.3,0.47679968060747513
0.03490658503988659,0.026179938779914945,0.3,0.48365593995646555
0.03490658503988659,0.03490658503988659,0.3,0.49317559960129576
-0.03490658503988659,-0.03490658503988659,0.4,0.49111345586214183
-0.03490658503988659,-0.026179938779914945,0.4,0.4814200162485961
-0.03490658503988659,-0.017453292519943295,0.4,0.4746143751955979
-0.03490658503988659,-0.008726646259971648,0.4,0.47047775001571834
-0.03490658503988659,0.0,0.4,0.4690976359803596
-0.03490658503988659,0.008726646259971648,0.4,0.47047775001571834
-0.03490658503988659,0.017453292519943295,0.4,0.4746143751955979
-0.03490658503988659,0.026179938779914945,0.4,0.4814200162485961
-0.03490658503988659,0.03490658503988659,0.4,0.49111345586214183
-0.026179938779914945,-0.03490658503988659,0.4,0.481419932606551
-0.026179938779914945,-0.026179938779914945,0.4,0.4720681463461814
-0.026179938779914945,-0.017453292519943295,0.4,0.46536584918233864
-0.026179938779914945,-0.008726646259971648,0.4,0.46137213859359333
-0.026179938779914945,0.0,0.4,0.4600457751081812
-0.026179938779914945,0.008726646259971648,0.4,0.46137213859359333
-0.026179938779914945,0.017453292519943295,0.4,0.46536584918233864
-0.026179938779914945,0.026179938779914945,0.4,0.4720681463461814
-0.026179938779914945,0.03490658503988659,0.4,0.481419932606551
-0.017453292519943295,-0.03490658503988659,0.4,0.4746143079742702
-0.017453292519943295,-0.026179938779914945,0.4,0.4653658325799276
-0.017453292519943295,-0.017453292519943295,0.4,0.4588455068424363
-0.017453292519943295,-0.008726646259971648,0.4,0.4549767081646048
-0.017453292519943295,0.0,0.4,0.4535946191546131
-0.017453292519943295,0.008726646259971648,0.4,0.4549767081646048
-0.017453292519943295,0.017453292519943295,0.4,0.4588455068424363
-0.017453292519943295,0.026179938779914945,0.4,0.4653658325799276
-0.017453292519943295,0.03490658503988659,0.4,0.4746143079742702
-0.008726646259971648,-0.03490658503988659,0.4,0.47047772841086655
-0.008726646259971648,-0.026179938779914945,0.4,0.46137213189279697
-0.008726646259971648,-0.017453292519943295,0.4,0.4549767070311896
-0.008726646259971648,-0.008726646259971648,0.4,0.45109124931593075
-0.008726646259971648,0.0,0.4,0.44983866714480325
-0.008726646259971648,0.008726646259971648,0.4,0.45109124931593075
-0.008726646259971648,0.017453292519943295,0.4,0.4549767070311896
-0.008726646259971648,0.026179938779914945,0.4,0.46137213189279697
-0.008726646259971648,0.03490658503988659,0.4,0.47047772841086655
0.0,-0.03490658503988659,0.4,0.4690976359803596
0.0,-0.026179938779914945,0.4,0.4600457751081812
0.0,-0.017453292519943295,0.4,0.4535946191546131
0.0,-0.008726646259971648,0.4,0.44983866714480325
0.0,0.0,0.4,0.4485
0.0,0.008726646259971648,0.4,0.44983866714480325
0.0,0.017453292519943295,0.4,0.4535946191546131
0.0,0.026179938779914945,0.4,0.4600457751081812
0.0,0.03490658503988659,0.4,0.4690976359803596
0.008726646259971648,-0.03490658503988659,0.4,0.47047772841086655
0.008726646259971648,-0.026179938779914945,0.4,0.46137213189279697
0.008726646259971648,-0.017453292519943295,0.4,0.4549767070311896
0.008726646259971648,-0.008726646259971648,0.4,0.45109124931593075
0.008726646259971648,0.0,0.4,0.44983866714480325
0.008726646259971648,0.008726646259971648,0.4,0.45109124931593075
0.008726646259971648,0.017453292519943295,0.4,0.4549767070311896
0.008726646259971648,0.026179938779914945,0.4,0.46137213189279697
0.008726646259971648,0.03490658503988659,0.4,0.47047772841086655
0.017453292519943295,-0.03490658503988659,0.4,0.4746143079742702
0.017453292519943295,-0.026179938779914945,0.4,0.4653658325799276
0.017453292519943295,-0.017453292519943295,0.4,0.4588455068424363
0.017453292519943295,-0.008726646259971648,0.4,0.4549767081646048
0.017453292519943295,0.0,0.4,0.4535946191546131
0.017453292519943295,0.008726646259971648,0.4,0.4549767081646048
0.017453292519943295,0.017453292519943295,0.4,0.4588455068424363
0.017453292519943295,0.026179938779914945,0.4,0.4653658325799276
0.017453292519943295,0.03490658503988659,0.4,0.4746143079742702
0.026179938779914945,-0.03490658503988659,0.4,0.481419932606551
0.026179938779914945,-0.026179938779914945,0.4,0.4720681463461814
0.026179938779914945,-0.017453292519943295,0.4,0.46536584918233864
0.026179938779914945,-0.008726646259971648,0.4,0.46137213859359333
0.026179938779914945,0.0,0.4,0.4600457751081812
0.026179938779914945,0.008726646259971648,0.4,0.46137213859359333
0.026179938779914945,0.017453292519943295,0.4,0.46536584918233864
0.026179938779914945,0.026179938779914945,0.4,0.4720681463461814
0.026179938779914945,0.03490658503988659,0.4,0.481419932606551
0.03490658503988659,-0.03490658503988659,0.4,0.49111345586214183
0.03490658503988659,-0.026179938779914945,0.4,0.4814200162485961
0.03490658503988659,-0.017453292519943295,0.4,0.4746143751955979
0.03490658503988659,-0.008726646259971648,0.4,0.47047775001571834
0.03490658503988659,0.0,0.4,0.4690976359803596
0.03490658503988659,0.008726646259971648,0.4,0.47047775001571834
0.03490658503988659,0.017453292519943295,0.4,0.4746143751955979
0.03490658503988659,0.026179938779914945,0.4,0.4814200162485961
0.03490658503988659,0.03490658503988659,0.4,0.49111345586214183
-0.03490658503988659,-0.03490658503988659,0.5,0.48887029966252576
-0.03490658503988659,-0.026179938779914945,0.5,0.4791749088564001
-0.03490658503988659,-0.017453292519943295,0.5,0.4722025802326622
-0.03490658503988659,-0.008726646259971648,0.5,0.46802378789238486
-0.03490658503988659,0.0,0.5,0.46662961742564457
-0.03490658503988659,0.008726646259971648,0.5,0.46802378789238486
-0.03490658503988659,0.017453292519943295,0.5,0.4722025802326622
-0.03490658503988659,0.026179938779914945,0.5,0.4791749088564001
-0.03490658503988659,0.03490658503988659,0.5,0.48887029966252576
-0.026179938779914945,-0.03490658503988659,0.5,0.47917482640687303
-0.026179938779914945,-0.026179938779914945,0.5,0.46962648661376655
-0.026179938779914945,-0.017453292519943295,0.5,0.46285564323546885
-0.026179938779914945,-0.008726646259971648,0.5,0.4588180088033033
-0.026179938779914945,0.0,0.5,0.4574775850722866
-0.026179938779914945,0.008726646259971648,0.5,0.4588180088033033
-0.026179938779914945,0.017453292519943295,0.5,0.46285564323546885
-0.026179938779914945,0.026179938779914945,0.5,0.46962648661376655
-0.026179938779914945,0.03490658503988659,0.5,0.47917482640687303
-0.017453292519943295,-0.03490658503988659,0.5,0.4722025140718159
-0.017453292519943295,-0.026179938779914945,0.5,0.4628556268317753
-0.017453292519943295,-0.017453292519943295,0.5,0.45626150633676266
-0.017453292519943295,-0.008726646259971648,0.5,0.4523487753848288
-0.017453292519943295,0.0,0.5,0.4510543533290932
-0.017453292519943295,0.008726646259971648,0.5,0.4523487753848288
-0.017453292519943295,0.017453292519943295,0.5,0.45626150633676266
-0.017453292519943295,0.026179938779914945,0.5,0.4628556268317753
-0.017453292519943295,0.03490658503988659,0.5,0.4722025140718159
-0.008726646259971648,-0.03490658503988659,0.5,0.46802376655249656
-0.008726646259971648,-0.026179938779914945,0.5,0.4588180023016116
-0.008726646259971648,-0.017453292519943295,0.5,0.45234877431782666
-0.008726646259971648,-0.008726646259971648,0.5,0.44851937169417466
-0.008726646259971648,0.0,0.5,0.44715360506287727
-0.008726646259971648,0.008726646259971648,0.5,0.44851937169417466
-0.008726646259971648,0.017453292519943295,0.5,0.45234877431782666
-0.008726646259971648,0.026179938779914945,0.5,0.4588180023016116
-0.008726646259971648,0.03490658503988659,0.5,0.46802376655249656
0.0,-0.03490658503988659,0.5,0.46662961742564457
0.0,-0.026179938779914945,0.5,0.4574775850722866
0.0,-0.017453292519943295,0.5,0.4510543533290932
0.0,-0.008726646259971648,0.5,0.44715360506287727
0.0,0.0,0.5,0.4459
0.0,0.008726646259971648,0.5,0.44715360506287727
0.0,0.017453292519943295,0.5,0.4510543533290932
0.0,0.026179938779914945,0.5,0.4574775850722866
0.0,0.03490658503988659,0.5,0.46662961742564457
0.008726646259971648,-0.03490658503988659,0.5,0.46802376655249656
0.008726646259971648,-0.026179938779914945,0.5,0.4588180023016116
0.008726646259971648,-0.017453292519943295,0.5,0.45234877431782666
0.008726646259971648,-0.008726646259971648,0.5,0.44851937169417466
0.008726646259971648,0.0,0.5,0.44715360506287727
0.008726646259971648,0.008726646259971648,0.5,0.44851937169417466
0.008726646259971648,0.017453292519943295,0.5,0.45234877431782666
0.008726646259971648,0.026179938779914945,0.5,0.4588180023016116
0.008726646259971648,0.03490658503988659,0.5,0.46802376655249656
0.017453292519943295,-0.03490658503988659,0.5,0.4722025140718159
0.017453292519943295,-0.026179938779914945,0.5,0.4628556268317753
0.017453292519943295,-0.017453292519943295,0.5,0.45626150633676266
0.017453292519943295,-0.008726646259971648,0.5,0.4523487753848288
0.017453292519943295,0.0,0.5,0.4510543533290932
0.017453292519943295,0.008726646259971648,0.5,0.4523487753848288
0.017453292519943295,0.017453292519943295,0.5,0.45626150633676266
0.017453292519943295,0.026179938779914945,0.5,0.4628556268317753
0.017453292519943295,0.03490658503988659,0.5,0.4722025140718159
0.026179938779914945,-0.03490658503988659,0.5,0.47917482640687303
0.026179938779914945,-0.026179938779914945,0.5,0.46962648661376655
0.026179938779914945,-0.017453292519943295,0.5,0.46285564323546885
0.026179938779914945,-0.008726646259971648,0.5,0.4588180088033033
0.026179938779914945,0.0,0.5,0.4574775850722866
0.026179938779914945,0.008726646259971648,0.5,0.4588180088033033
0.026179938779914945,0.017453292519943295,0.5,0.46285564323546885
0.026179938779914945,0.026179938779914945,0.5,0.46962648661376655
0.026179938779914945,0.03490658503988659,0.5,0.47917482640687303
0.03490658503988659,-0.03490658503988659,0.5,0.48887029966252576
0.03490658503988659,-0.026179938779914945,0.5,0.4791749088564001
0.03490658503988659,-0.017453292519943295,0.5,0.4722025802326622
0.03490658503988659,-0.008726646259971648,0.5,0.46802378789238486
0.03490658503988659,0.0,0.5,0.46662961742564457
0.03490658503988659,0.008726646259971648,0.5,0.46802378789238486
0.03490658503988659,0.017453292519943295,0.5,0.4722025802326622
0.03490658503988659,0.026179938779914945,0.5,0.4791749088564001
0.03490658503988659,0.03490658503988659,0.5,0.48887029966252576
-0.03490658503988659,-0.03490658503988659,0.6,0.4857701062804375
-0.03490658503988659,-0.026179938779914945,0.6,0.47586835801780225
-0.03490658503988659,-0.017453292519943295,0.6,0.46881946412614994
-0.03490658503988659,-0.008726646259971648,0.6,0.4645931572035743
-0.03490658503988659,0.0,0.6,0.4631831477419319
-0.03490658503988659,0.008726646259971648,0.6,0.4645931572035743
-0.03490658503988659,0.017453292519943295,0.6,0.46881946412614994
-0.03490658503988659,0.026179938779914945,0.6,0.47586835801780225
-0.03490658503988659,0.03490658503988659,0.6,0.4857701062804375
-0.026179938779914945,-0.03490658503988659,0.6,0.47586827715907853
-0.026179938779914945,-0.026179938779914945,0.6,0.466211684577189
-0.026179938779914945,-0.017453292519943295,0.6,0.45936163712277994
-0.026179938779914945,-0.008726646259971648,0.6,0.455376437365762
-0.026179938779914945,0.0,0.6,0.45402279191806794
-0.026179938779914945,0.008726646259971648,0.6,0.455376437365762
-0.026179938779914945,0.017453292519943295,0.6,0.45936163712277994
-0.026179938779914945,0.026179938779914945,0.6,0.466211684577189
-0.026179938779914945,0.03490658503988659,0.6,0.47586827715907853
-0.017453292519943295,-0.03490658503988659,0.6,0.46881939796238886
-0.017453292519943295,-0.026179938779914945,0.6,0.4593616207184032
-0.017453292519943295,-0.017453292519943295,0.6,0.45268828106401604
-0.017453292519943295,-0.008726646259971648,0.6,0.44873063163844384
-0.017453292519943295,0.0,0.6,0.4474177455201888
-0.017453292519943295,0.008726646259971648,0.6,0.44873063163844384
-0.017453292519943295,0.017453292519943295,0.6,0.45268828106401604
-0.017453292519943295,0.026179938779914945,0.6,0.4593616207184032
-0.017453292519943295,0.03490658503988659,0.6,0.46881939796238886
-0.008726646259971648,-0.03490658503988659,0.6,0.46459313586277506
-0.008726646259971648,-0.026179938779914945,0.6,0.455376430863797
-0.008726646259971648,-0.017453292519943295,0.6,0.4487306305049401
-0.008726646259971648,-0.008726646259971648,0.6,0.4448528136616977
-0.008726646259971648,0.0,0.6,0.4435694499037433
-0.008726646259971648,0.008726646259971648,0.6,0.4448528136616977
-0.008726646259971648,0.017453292519943295,0.6,0.4487306305049401
-0.008726646259971648,0.026179938779914945,0.6,0.455376430863797
-0.008726646259971648,0.03490658503988659,0.6,0.46459313586277506
0.0,-0.03490658503988659,0.6,0.4631831477419319
0.0,-0.026179938779914945,0.6,0.45402279191806794
0.0,-0.017453292519943295,0.6,0.4474177455201888
0.0,-0.008726646259971648,0.6,0.4435694499037433
0.0,0.0,0.6,0.4422
0.0,0.008726646259971648,0.6,0.4435694499037433
0.0,0.017453292519943295,0.6,0.4474177455201888
0.0,0.026179938779914945,0.6,0.45402279191806794
0.0,0.03490658503988659,0.6,0.4631831477419319
0.008726646259971648,-0.03490658503988659,0.6,0.46459313586277506
0.008726646259971648,-0.026179938779914945,0.6,0.455376430863797
0.008726646259971648,-0.017453292519943295,0.6,0.4487306305049401
0.008726646259971648,-0.008726646259971648,0.6,0.4448528136616977
0.008726646259971648,0.0,0.6,0.4435694499037433
0.008726646259971648,0.008726646259971648,0.6,0.4448528136616977
0.008726646259971648,0.017453292519943295,0.6,0.4487306305049401
0.008726646259971648,0.026179938779914945,0.6,0.455376430863797
0.008726646259971648,0.03490658503988659,0.6,0.46459313586277506
0.017453292519943295,-0.03490658503988659,0.6,0.46881939796238886
0.017453292519943295,-0.026179938779914945,0.6,0.4593616207184032
0.017453292519943295,-0.017453292519943295,0.6,0.45268828106401604
0.017453292519943295,-0.008726646259971648,0.6,0.44873063163844384
0.017453292519943295,0.0,0.6,0.4474177455201888
0.017453292519943295,0.008726646259971648,0.6,0.44873063163844384
0.017453292519943295,0.017453292519943295,0.6,0.45268828106401604
0.017453292519943295,0.026179938779914945,0.6,0.4593616207184032
0.017453292519943295,0.03490658503988659,0.6,0.46881939796238886
0.026179938779914945,-0.03490658503988659,0.6,0.47586827715907853
0.026179938779914945,-0.026179938779914945,0.6,0.466211684577189
0.026179938779914945,-0.017453292519943295,0.6,0.45936163712277994
0.026179938779914945,-0.008726646259971648,0.6,0.455376437365762
0.026179938779914945,0.0,0.6,0.45402279191806794
0.026179938779914945,0.008726646259971648,0.6,0.455376437365762
0.026179938779914945,0.017453292519943295,0.6,0.45936163712277994
0.026179938779914945,0.026179938779914945,0.6,0.466211684577189
0.026179938779914945,0.03490658503988659,0.6,0.47586827715907853
0.03490658503988659,-0.03490658503988659,0.6,0.4857701062804375
0.03490658503988659,-0.026179938779914945,0.6,0.47586835801780225
0.03490658503988659,-0.017453292519943295,0.6,0.46881946412614994
0.03490658503988659,-0.008726646259971648,0.6,0.4645931572035743
0.03490658503988659,0.0,0.6,0.4631831477419319
0.03490658503988659,0.008726646259971648,0.6,0.4645931572035743
0.03490658503988659,0.017453292519943295,0.6,0.46881946412614994
0.03490658503988659,0.026179938779914945,0.6,0.47586835801780225
0.03490658503988659,0.03490658503988659,0.6,0.4857701062804375
-0.03490658503988659,-0.03490658503988659,0.7,0.482362890870621
-0.03490658503988659,-0.026179938779914945,0.7,0.4725548731765388
-0.03490658503988659,-0.017453292519943295,0.7,0.4655018419813582
-0.03490658503988659,-0.008726646259971648,0.7,0.46127340474789685
-0.03490658503988659,0.0,0.7,0.4598632672805478
-0.03490658503988659,0.008726646259971648,0.7,0.46127340474789685
-0.03490658503988659,0.017453292519943295,0.7,0.4655018419813582
-0.03490658503988659,0.026179938779914945,0.7,0.4725548731765388
-0.03490658503988659,0.03490658503988659,0.7,0.482362890870621
-0.026179938779914945,-0.03490658503988659,0.7,0.4725548002890471
-0.026179938779914945,-0.026179938779914945,0.7,0.46286588317801364
-0.026179938779914945,-0.017453292519943295,0.7,0.4559898795475355
-0.026179938779914945,-0.008726646259971648,0.7,0.4518921110211739
-0.026179938779914945,0.0,0.7,0.45053135103621816
-0.026179938779914945,0.008726646259971648,0.7,0.4518921110211739
-0.026179938779914945,0.017453292519943295,0.7,0.4559898795475355
-0.026179938779914945,0.026179938779914945,0.7,0.46286588317801364
-0.026179938779914945,0.03490658503988659,0.7,0.4725548002890471
-0.017453292519943295,-0.03490658503988659,0.7,0.46550178325788993
-0.017453292519943295,-0.026179938779914945,0.7,0.4559898651362172
-0.017453292519943295,-0.017453292519943295,0.7,0.449276602503704
-0.017453292519943295,-0.008726646259971648,0.7,0.4452897621536607
-0.017453292519943295,0.0,0.7,0.44396889056580957
-0.017453292519943295,0.008726646259971648,0.7,0.4452897621536607
-0.017453292519943295,0.017453292519943295,0.7,0.449276602503704
-0.017453292519943295,0.026179938779914945,0.7,0.4559898651362172
-0.017453292519943295,0.03490658503988659,0.7,0.46550178325788993
-0.008726646259971648,-0.03490658503988659,0.7,0.4612733856657649
-0.008726646259971648,-0.026179938779914945,0.7,0.4518921052167585
-0.008726646259971648,-0.017453292519943295,0.7,0.4452897610865775
-0.008726646259971648,-0.008726646259971648,0.7,0.4413775140293778
-0.008726646259971648,0.0,0.7,0.4400826729762663
-0.008726646259971648,0.008726646259971648,0.7,0.4413775140293778
-0.008726646259971648,0.017453292519943295,0.7,0.4452897610865775
-0.008726646259971648,0.026179938779914945,0.7,0.4518921052167585
-0.008726646259971648,0.03490658503988659,0.7,0.4612733856657649
0.0,-0.03490658503988659,0.7,0.4598632672805478
0.0,-0.026179938779914945,0.7,0.45053135103621816
0.0,-0.017453292519943295,0.7,0.44396889056580957
0.0,-0.008726646259971648,0.7,0.4400826729762663
0.0,0.0,0.7,0.4387
0.0,0.008726646259971648,0.7,0.4400826729762663
0.0,0.017453292519943295,0.7,0.44396889056580957
0.0,0.026179938779914945,0.7,0.45053135103621816
0.0,0.03490658503988659,0.7,0.4598632672805478
0.008726646259971648,-0.03490658503988659,0.7,0.4612733856657649
0.008726646259971648,-0.026179938779914945,0.7,0.4518921052167585
0.008726646259971648,-0.017453292519943295,0.7,0.4452897610865775
0.008726646259971648,-0.008726646259971648,0.7,0.4413775140293778
0.008726646259971648,0.0,0.7,0.4400826729762663
0.008726646259971648,0.008726646259971648,0.7,0.4413775140293778
0.008726646259971648,0.017453292519943295,0.7,0.4452897610865775
0.008726646259971648,0.026179938779914945,0.7,0.4518921052167585
0.008726646259971648,0.03490658503988659,0.7,0.4612733856657649
0.017453292519943295,-0.03490658503988659,0.7,0.46550178325788993
0.017453292519943295,-0.026179938779914945,0.7,0.4559898651362172
0.017453292519943295,-0.017453292519943295,0.7,0.449276602503704
0.017453292519943295,-0.008726646259971648,0.7,0.4452897621536607
0.017453292519943295,0.0,0.7,0.44396889056580957
0.017453292519943295,0.008726646259971648,0.7,0.4452897621536607
0.017453292519943295,0.017453292519943295,0.7,0.449276602503704
0.017453292519943295,0.026179938779914945,0.7,0.4559898651362172
0.017453292519943295,0.03490658503988659,0.7,0.46550178325788993
0.026179938779914945,-0.03490658503988659,0.7,0.4725548002890471
0.026179938779914945,-0.026179938779914945,0.7,0.46286588317801364
0.026179938779914945,-0.017453292519943295,0.7,0.4559898795475355
0.026179938779914945,-0.008726646259971648,0.7,0.4518921110211739
0.026179938779914945,0.0,0.7,0.45053135103621816
0.026179938779914945,0.008726646259971648,0.7,0.4518921110211739
0.026179938779914945,0.017453292519943295,0.7,0.4559898795475355
0.026179938779914945,0.026179938779914945,0.7,0.46286588317801364
0.026179938779914945,0.03490658503988659,0.7,0.4725548002890471
0.03490658503988659,-0.03490658503988659,0.7,0.482362890870621
0.03490658503988659,-0.026179938779914945,0.7,0.4725548731765388
0.03490658503988659,-0.017453292519943295,0.7,0.4655018419813582
0.03490658503988659,-0.008726646259971648,0.7,0.46127340474789685
0.03490658503988659,0.0,0.7,0.4598632672805478
0.03490658503988659,0.008726646259971648,0.7,0.46127340474789685
0.03490658503988659,0.017453292519943295,0.7,0.4655018419813582
0.03490658503988659,0.026179938779914945,0.7,0.4725548731765388
0.03490658503988659,0.03490658503988659,0.7,0.482362890870621
-0.03490658503988659,-0.03490658503988659,0.8,0.48036614611402456
-0.03490658503988659,-0.026179938779914945,0.8,0.47033460309668
-0.03490658503988659,-0.017453292519943295,0.8,0.4631895012825857
-0.03490658503988659,-0.008726646259971648,0.8,0.45890756149512035
-0.03490658503988659,0.0,0.8,0.4575824365502909
-0.03490658503988659,0.008726646259971648,0.8,0.45890756149512035
-0.03490658503988659,0.017453292519943295,0.8,0.4631895012825857
-0.03490658503988659,0.026179938779914945,0.8,0.47033460309668
-0.03490658503988659,0.03490658503988659,0.8,0.48036614611402456
-0.026179938779914945,-0.03490658503988659,0.8,0.47033453179914153
-0.026179938779914945,-0.026179938779914945,0.8,0.4605132098205286
-0.026179938779914945,-0.017453292519943295,0.8,0.45364767832619995
-0.026179938779914945,-0.008726646259971648,0.8,0.4494902957911174
-0.026179938779914945,0.0,0.8,0.4481102452397752
-0.026179938779914945,0.008726646259971648,0.8,0.4494902957911174
-0.026179938779914945,0.017453292519943295,0.8,0.45364767832619995
-0.026179938779914945,0.026179938779914945,0.8,0.4605132098205286
-0.026179938779914945,0.03490658503988659,0.8,0.47033453179914153
-0.017453292519943295,-0.03490658503988659,0.8,0.46318944415024454
-0.017453292519943295,-0.026179938779914945,0.8,0.4536476641133715
-0.017453292519943295,-0.017453292519943295,0.8,0.44683794434060636
-0.017453292519943295,-0.008726646259971648,0.8,0.4427914786962501
-0.017453292519943295,0.0,0.8,0.4414495676280144
-0.017453292519943295,0.008726646259971648,0.8,0.4427914786962501
-0.017453292519943295,0.017453292519943295,0.8,0.44683794434060636
-0.017453292519943295,0.026179938779914945,0.8,0.4536476641133715
-0.017453292519943295,0.03490658503988659,0.8,0.46318944415024454
-0.008726646259971648,-0.03490658503988659,0.8,0.4589075432092451
-0.008726646259971648,-0.026179938779914945,0.8,0.4494902901857155
-0.008726646259971648,-0.017453292519943295,0.8,0.44279147782847145
-0.008726646259971648,-0.008726646259971648,0.8,0.43871786093996584
-0.008726646259971648,0.0,0.8,0.43740284681563923
-0.008726646259971648,0.008726646259971648,0.8,0.43871786093996584
-0.008726646259971648,0.017453292519943295,0.8,0.44279147782847145
-0.008726646259971648,0.026179938779914945,0.8,0.4494902901857155
-0.008726646259971648,0.03490658503988659,0.8,0.4589075432092451
0.0,-0.03490658503988659,0.8,0.4575824365502909
0.0,-0.026179938779914945,0.8,0.4481102452397752
0.0,-0.017453292519943295,0.8,0.4414495676280144
0.0,-0.008726646259971648,0.8,0.43740284681563923
0.0,0.0,0.8,0.4361
0.0,0.008726646259971648,0.8,0.43740284681563923
0.0,0.017453292519943295,0.8,0.4414495676280144
0.0,0.026179938779914945,0.8,0.4481102452397752
0.0,0.03490658503988659,0.8,0.4575824365502909
0.008726646259971648,-0.03490658503988659,0.8,0.4589075432092451
0.008726646259971648,-0.026179938779914945,0.8,0.4494902901857155
0.008726646259971648,-0.017453292519943295,0.8,0.44279147782847145
0.008726646259971648,-0.008726646259971648,0.8,0.43871786093996584
0.008726646259971648,0.0,0.8,0.43740284681563923
0.008726646259971648,0.008726646259971648,0.8,0.43871786093996584
0.008726646259971648,0.017453292519943295,0.8,0.44279147782847145
0.008726646259971648,0.026179938779914945,0.8,0.4494902901857155
0.008726646259971648,0.03490658503988659,0.8,0.4589075432092451
0.017453292519943295,-0.03490658503988659,0.8,0.46318944415024454
0.017453292519943295,-0.026179938779914945,0.8,0.4536476641133715
0.017453292519943295,-0.017453292519943295,0.8,0.44683794434060636
0.017453292519943295,-0.008726646259971648,0.8,0.4427914786962501
0.017453292519943295,0.0,0.8,0.4414495676280144
0.017453292519943295,0.008726646259971648,0.8,0.4427914786962501
0.017453292519943295,0.017453292519943295,0.8,0.44683794434060636
0.017453292519943295,0.026179938779914945,0.8,0.4536476641133715
0.017453292519943295,0.03490658503988659,0.8,0.46318944415024454
0.026179938779914945,-0.03490658503988659,0.8,0.47033453179914153
0.026179938779914945,-0.026179938779914945,0.8,0.4605132098205286
0.026179938779914945,-0.017453292519943295,0.8,0.45364767832619995
0.026179938779914945,-0.008726646259971648,0.8,0.4494902957911174
0.026179938779914945,0.0,0.8,0.4481102452397752
0.026179938779914945,0.008726646259971648,0.8,0.4494902957911174
0.026179938779914945,0.017453292519943295,0.8,0.45364767832619995
0.026179938779914945,0.026179938779914945,0.8,0.4605132098205286
0.026179938779914945,0.03490658503988659,0.8,0.47033453179914153
0.03490658503988659,-0.03490658503988659,0.8,0.48036614611402456
0.03490658503988659,-0.026179938779914945,0.8,0.47033460309668
0.03490658503988659,-0.017453292519943295,0.8,0.4631895012825857
0.03490658503988659,-0.008726646259971648,0.8,0.45890756149512035
0.03490658503988659,0.0,0.8,0.4575824365502909
0.03490658503988659,0.008726646259971648,0.8,0.45890756149512035
0.03490658503988659,0.017453292519943295,0.8,0.4631895012825857
0.03490658503988659,0.026179938779914945,0.8,0.47033460309668
0.03490658503988659,0.03490658503988659,0.8,0.48036614611402456
-0.03490658503988659,-0.03490658503988659,0.9,0.6190449751805449
-0.03490658503988659,-0.026179938779914945,0.9,0.6088435123082062
-0.03490658503988659,-0.017453292519943295,0.9,0.6016754514753119
-0.03490658503988659,-0.008726646259971648,0.9,0.5973176927376508
-0.03490658503988659,0.0,0.9,0.595867354309773
-0.03490658503988659,0.008726646259971648,0.9,0.5973176927376508
-0.03490658503988659,0.017453292519943295,0.9,0.6016754514753119
-0.03490658503988659,0.026179938779914945,0.9,0.6088435123082062
-0.03490658503988659,0.03490658503988659,0.9,0.6190449751805449
-0.026179938779914945,-0.03490658503988659,0.9,0.6088434473808947
-0.026179938779914945,-0.026179938779914945,0.9,0.5989363863737227
-0.026179938779914945,-0.017453292519943295,0.9,0.5918340441364913
-0.026179938779914945,-0.008726646259971648,0.9,0.5875947003153116
-0.026179938779914945,0.0,0.9,0.5861876187804246
-0.026179938779914945,0.008726646259971648,0.9,0.5875947003153116
-0.026179938779914945,0.017453292519943295,0.9,0.5918340441364913
-0.026179938779914945,0.026179938779914945,0.9,0.5989363863737227
-0.026179938779914945,0.03490658503988659,0.9,0.6088434473808947
-0.017453292519943295,-0.03490658503988659,0.9,0.601675398589107
-0.017453292519943295,-0.026179938779914945,0.9,0.5918340309188826
-0.017453292519943295,-0.017453292519943295,0.9,0.5848786797760092
-0.017453292519943295,-0.008726646259971648,0.9,0.5807441279653363
-0.017453292519943295,0.0,0.9,0.5793734349939945
-0.017453292519943295,0.008726646259971648,0.9,0.5807441279653363
-0.017453292519943295,0.017453292519943295,0.9,0.5848786797760092
-0.017453292519943295,0.026179938779914945,0.9,0.5918340309188826
-0.017453292519943295,0.03490658503988659,0.9,0.601675398589107
-0.008726646259971648,-0.03490658503988659,0.9,0.5973176752471214
-0.008726646259971648,-0.026179938779914945,0.9,0.587594695008324
-0.008726646259971648,-0.017453292519943295,0.9,0.5807441270974538
-0.008726646259971648,-0.008726646259971648,0.9,0.5766806610236104
-0.008726646259971648,0.0,0.9,0.5753342474552816
-0.008726646259971648,0.008726646259971648,0.9,0.5766806610236104
-0.008726646259971648,0.017453292519943295,0.9,0.5807441270974538
-0.008726646259971648,0.026179938779914945,0.9,0.587594695008324
-0.008726646259971648,0.03490658503988659,0.9,0.5973176752471214
0.0,-0.03490658503988659,0.9,0.595867354309773
0.0,-0.026179938779914945,0.9,0.5861876187804246
0.0,-0.017453292519943295,0.9,0.5793734349939945
0.0,-0.008726646259971648,0.9,0.5753342474552816
0.0,0.0,0.9,0.5739
0.0,0.008726646259971648,0.9,0.5753342474552816
0.0,0.017453292519943295,0.9,0.5793734349939945
0.0,0.026179938779914945,0.9,0.5861876187804246
0.0,0.03490658503988659,0.9,0.595867354309773
0.008726646259971648,-0.03490658503988659,0.9,0.5973176752471214
0.008726646259971648,-0.026179938779914945,0.9,0.587594695008324
0.008726646259971648,-0.017453292519943295,0.9,0.5807441270974538
0.008726646259971648,-0.008726646259971648,0.9,0.5766806610236104
0.008726646259971648,0.0,0.9,0.5753342474552816
0.008726646259971648,0.008726646259971648,0.9,0.5766806610236104
0.008726646259971648,0.017453292519943295,0.9,0.5807441270974538
0.008726646259971648,0.026179938779914945,0.9,0.587594695008324
0.008726646259971648,0.03490658503988659,0.9,0.5973176752471214
0.017453292519943295,-0.03490658503988659,0.9,0.601675398589107
0.017453292519943295,-0.026179938779914945,0.9,0.5918340309188826
0.017453292519943295,-0.017453292519943295,0.9,0.5848786797760092
0.017453292519943295,-0.008726646259971648,0.9,0.5807441279653363
0.017453292519943295,0.0,0.9,0.5793734349939945
0.017453292519943295,0.008726646259971648,0.9,0.5807441279653363
0.017453292519943295,0.017453292519943295,0.9,0.5848786797760092
0.017453292519943295,0.026179938779914945,0.9,0.5918340309188826
0.017453292519943295,0.03490658503988659,0.9,0.601675398589107
0.026179938779914945,-0.03490658503988659,0.9,0.6088434473808947
0.026179938779914945,-0.026179938779914945,0.9,0.5989363863737227
0.026179938779914945,-0.017453292519943295,0.9,0.5918340441364913
0.026179938779914945,-0.008726646259971648,0.9,0.5875947003153116
0.026179938779914945,0.0,0.9,0.5861876187804246
0.026179938779914945,0.008726646259971648,0.9,0.5875947003153116
0.026179938779914945,0.017453292519943295,0.9,0.5918340441364913
0.026179938779914945,0.026179938779914945,0.9,0.5989363863737227
0.026179938779914945,0.03490658503988659,0.9,0.6088434473808947
0.03490658503988659,-0.03490658503988659,0.9,0.6190449751805449
0.03490658503988659,-0.026179938779914945,0.9,0.6088435123082062
0.03490658503988659,-0.017453292519943295,0.9,0.6016754514753119
0.03490658503988659,-0.008726646259971648,0.9,0.5973176927376508
0.03490658503988659,0.0,0.9,0.595867354309773
0.03490658503988659,0.008726646259971648,0.9,0.5973176927376508
0.03490658503988659,0.017453292519943295,0.9,0.6016754514753119
0.03490658503988659,0.026179938779914945,0.9,0.6088435123082062
0.03490658503988659,0.03490658503988659,0.9,0.6190449751805449
-0.03490658503988659,-0.03490658503988659,1,0.8413679640002505
-0.03490658503988659,-0.026179938779914945,1,0.8307757532581516
-0.03490658503988659,-0.017453292519943295,1,0.8232641685337815
-0.03490658503988659,-0.008726646259971648,1,0.8187004486810086
-0.03490658503988659,0.0,1,0.8171826164013276
-0.03490658503988659,0.008726646259971648,1,0.8187004486810086
-0.03490658503988659,0.017453292519943295,1,0.8232641685337815
-0.03490658503988659,0.026179938779914945,1,0.8307757532581516
-0.03490658503988659,0.03490658503988659,1,0.8413679640002505
-0.026179938779914945,-0.03490658503988659,1,0.8307756911024722
-0.026179938779914945,-0.026179938779914945,1,0.820377873193222
-0.026179938779914945,-0.017453292519943295,1,0.8129284241894028
-0.026179938779914945,-0.008726646259971648,1,0.8084865530261347
-0.026179938779914945,0.0,1,0.8071084342975293
-0.026179938779914945,0.008726646259971648,1,0.8084865530261347
-0.026179938779914945,0.017453292519943295,1,0.8129284241894028
-0.026179938779914945,0.026179938779914945,1,0.820377873193222
-0.026179938779914945,0.03490658503988659,1,0.8307756911024722
-0.017453292519943295,-0.03490658503988659,1,0.8232641188225437
-0.017453292519943295,-0.026179938779914945,1,0.8129284117658293
-0.017453292519943295,-0.017453292519943295,1,0.8057258572964408
-0.017453292519943295,-0.008726646259971648,1,0.8013861323067931
-0.017453292519943295,0.0,1,0.7999470445902438
-0.017453292519943295,0.008726646259971648,1,0.8013861323067931
-0.017453292519943295,0.017453292519943295,1,0.8057258572964408
-0.017453292519943295,0.026179938779914945,1,0.8129284117658293
-0.017453292519943295,0.03490658503988659,1,0.8232641188225437
-0.008726646259971648,-0.03490658503988659,1,0.8187004325149424
-0.008726646259971648,-0.026179938779914945,1,0.8084865480168321
-0.008726646259971648,-0.017453292519943295,1,0.8013861314386881
-0.008726646259971648,-0.008726646259971648,1,0.7971157234719252
-0.008726646259971648,0.0,1,0.795601783772848
-0.008726646259971648,0.008726646259971648,1,0.7971157234719252
-0.008726646259971648,0.017453292519943295,1,0.8013861314386881
-0.008726646259971648,0.026179938779914945,1,0.8084865480168321
-0.008726646259971648,0.03490658503988659,1,0.8187004325149424
0.0,-0.03490658503988659,1,0.8171826164013276
0.0,-0.026179938779914945,1,0.8071084342975293
0.0,-0.017453292519943295,1,0.7999470445902438
0.0,-0.008726646259971648,1,0.795601783772848
0.0,0.0,1,0.7942
0.0,0.008726646259971648,1,0.795601783772848
0.0,0.017453292519943295,1,0.7999470445902438
0.0,0.026179938779914945,1,0.8071084342975293
0.0,0.03490658503988659,1,0.8171826164013276
0.008726646259971648,-0.03490658503988659,1,0.8187004325149424
0.008726646259971648,-0.026179938779914945,1,0.8084865480168321
0.008726646259971648,-0.017453292519943295,1,0.8013861314386881
0.008726646259971648,-0.008726646259971648,1,0.7971157234719252
0.008726646259971648,0.0,1,0.795601783772848
0.008726646259971648,0.008726646259971648,1,0.7971157234719252
0.008726646259971648,0.017453292519943295,1,0.8013861314386881
0.008726646259971648,0.026179938779914945,1,0.8084865480168321
0.008726646259971648,0.03490658503988659,1,0.8187004325149424
0.017453292519943295,-0.03490658503988659,1,0.8232641188225437
0.017453292519943295,-0.026179938779914945,1,0.8129284117658293
0.017453292519943295,-0.017453292519943295,1,0.8057258572964408
0.017453292519943295,-0.008726646259971648,1,0.8013861323067931
0.017453292519943295,0.0,1,0.7999470445902438
0.017453292519943295,0.008726646259971648,1,0.8013861323067931
0.017453292519943295,0.017453292519943295,1,0.8057258572964408
0.017453292519943295,0.026179938779914945,1,0.8129284117658293
0.017453292519943295,0.03490658503988659,1,0.8232641188225437
0.026179938779914945,-0.03490658503988659,1,0.8307756911024722
0.026179938779914945,-0.026179938779914945,1,0.820377873193222
0.026179938779914945,-0.017453292519943295,1,0.8129284241894028
0.026179938779914945,-0.008726646259971648,1,0.8084865530261347
0.026179938779914945,0.0,1,0.8071084342975293
0.026179938779914945,0.008726646259971648,1,0.8084865530261347
0.026179938779914945,0.017453292519943295,1,0.8129284241894028
0.026179938779914945,0.026179938779914945,1,0.820377873193222
0.026179938779914945,0.03490658503988659,1,0.8307756911024722
0.03490658503988659,-0.03490658503988659,1,0.8413679640002505
0.03490658503988659,-0.026179938779914945,1,0.8307757532581516
0.03490658503988659,-0.017453292519943295,1,0.8232641685337815
0.03490658503988659,-0.008726646259971648,1,0.8187004486810086
0.03490658503988659,0.0,1,0.8171826164013276
0.03490658503988659,0.008726646259971648,1,0.8187004486810086
0.03490658503988659,0.017453292519943295,1,0.8232641685337815
0.03490658503988659,0.026179938779914945,1,0.8307757532581516
0.03490658503988659,0.03490658503988659,1,0.8413679640002505
