alpha,beta,mach,CLp [1/rad]
-0.03490658503988659,-0.03490658503988659,0.01,-0.6121268815491961
-0.03490658503988659,-0.026179938779914945,0.01,-0.8536796444397116
-0.03490658503988659,-0.017453292519943295,0.01,-1.066649829677481
-0.03490658503988659,-0.008726646259971648,0.01,-1.2184572963016815
-0.03490658503988659,0.0,0.01,-1.2765219033514912
-0.03490658503988659,0.008726646259971648,0.01,-1.219256808963297
-0.03490658503988659,0.017453292519943295,0.01,-1.0679490377526057
-0.03490658503988659,0.026179938779914945,0.01,-0.8548789134321345
-0.03490658503988659,0.03490658503988659,0.01,-0.6121268815491961
-0.026179938779914945,-0.03490658503988659,0.01,-0.4510453850289714
-0.026179938779914945,-0.026179938779914945,0.01,-0.6815663641683349
-0.026179938779914945,-0.017453292519943295,0.01,-0.8852965269983536
-0.026179938779914945,-0.008726646259971648,0.01,-1.0247487238324438
-0.026179938779914945,0.0,0.01,-1.0732321040937585
-0.026179938779914945,0.008726646259971648,0.01,-1.0253485182274291
-0.026179938779914945,0.017453292519943295,0.01,-0.8859962871258363
-0.026179938779914945,0.026179938779914945,0.01,-0.6815663641683349
-0.026179938779914945,0.03490658503988659,0.01,-0.4489461046465228
-0.017453292519943295,-0.03490658503988659,0.01,-0.2979546131566046
-0.017453292519943295,-0.026179938779914945,0.01,-0.4811267109092555
-0.017453292519943295,-0.017453292519943295,0.01,-0.6388026924354184
-0.017453292519943295,-0.008726646259971648,0.01,-0.7398872944157295
-0.017453292519943295,0.0,0.01,-0.7739821008205625
-0.017453292519943295,0.008726646259971648,0.01,-0.7401872487242764
-0.017453292519943295,0.017453292519943295,0.01,-0.6388026924354184
-0.017453292519943295,0.026179938779914945,0.01,-0.4797269241360365
-0.017453292519943295,0.03490658503988659,0.01,-0.29375525283694776
-0.008726646259971648,-0.03490658503988659,0.01,-0.1498942922673193
-0.008726646259971648,-0.026179938779914945,0.01,-0.2534903474967674
-0.008726646259971648,-0.017453292519943295,0.01,-0.33438726707265887
-0.008726646259971648,-0.008726646259971648,0.01,-0.3872852528027535
-0.008726646259971648,0.0,0.01,-0.4065845179178921
-0.008726646259971648,0.008726646259971648,0.01,-0.3872852528027535
-0.008726646259971648,0.017453292519943295,0.01,-0.33368729372651396
-0.008726646259971648,0.026179938779914945,0.01,-0.2508904464968006
-0.008726646259971648,0.03490658503988659,0.01,-0.1441945093058535
0.0,-0.03490658503988659,0.01,-0.0031
0.0,-0.026179938779914945,0.01,-0.0015
0.0,-0.017453292519943295,0.01,-0.0005
0.0,-0.008726646259971648,0.01,-0.0001
0.0,0.0,0.01,-0.0
0.0,0.008726646259971648,0.01,0.0001
0.0,0.017453292519943295,0.01,0.0005
0.0,0.026179938779914945,0.01,0.0015
0.0,0.03490658503988659,0.01,0.0031
0.008726646259971648,-0.03490658503988659,0.01,0.1441945093058535
0.008726646259971648,-0.026179938779914945,0.01,0.2508904464968006
0.008726646259971648,-0.017453292519943295,0.01,0.33368729372651396
0.008726646259971648,-0.008726646259971648,0.01,0.3872852528027535
0.008726646259971648,0.0,0.01,0.4065845179178921
0.008726646259971648,0.008726646259971648,0.01,0.3872852528027535
0.008726646259971648,0.017453292519943295,0.01,0.33438726707265887
0.008726646259971648,0.026179938779914945,0.01,0.2534903474967674
0.008726646259971648,0.03490658503988659,0.01,0.1498942922673193
0.017453292519943295,-0.03490658503988659,0.01,0.29375525283694776
0.017453292519943295,-0.026179938779914945,0.01,0.4797269241360365
0.017453292519943295,-0.017453292519943295,0.01,0.6388026924354184
0.017453292519943295,-0.008726646259971648,0.01,0.7401872487242764
0.017453292519943295,0.0,0.01,0.7739821008205625
0.017453292519943295,0.008726646259971648,0.01,0.7398872944157295
0.017453292519943295,0.017453292519943295,0.01,0.6388026924354184
0.017453292519943295,0.026179938779914945,0.01,0.4811267109092555
0.017453292519943295,0.03490658503988659,0.01,0.2979546131566046
0.026179938779914945,-0.03490658503988659,0.01,0.4489461046465228
0.026179938779914945,-0.026179938779914945,0.01,0.6815663641683349
0.026179938779914945,-0.017453292519943295,0.01,0.8859962871258363
0.026179938779914945,-0.008726646259971648,0.01,1.0253485182274291
0.026179938779914945,0.0,0.01,1.0732321040937585
0.026179938779914945,0.008726646259971648,0.01,1.0247487238324438
0.026179938779914945,0.017453292519943295,0.01,0.8852965269983536
0.026179938779914945,0.026179938779914945,0.01,0.6815663641683349
0.026179938779914945,0.03490658503988659,0.01,0.4510453850289714
0.03490658503988659,-0.03490658503988659,0.01,0.6121268815491961
0.03490658503988659,-0.026179938779914945,0.01,0.8548789134321345
0.03490658503988659,-0.017453292519943295,0.01,1.0679490377526057
0.03490658503988659,-0.008726646259971648,0.01,1.219256808963297
0.03490658503988659,0.0,0.01,1.2765219033514912
0.03490658503988659,0.008726646259971648,0.01,1.2184572963016815
0.03490658503988659,0.017453292519943295,0.01,1.066649829677481
0.03490658503988659,0.026179938779914945,0.01,0.8536796444397116
0.03490658503988659,0.03490658503988659,0.01,0.6121268815491961
-0.03490658503988659,-0.03490658503988659,0.1,-0.6139257850378305
-0.03490658503988659,-0.026179938779914945,0.1,-0.8559782433418556
-0.03490658503988659,-0.017453292519943295,0.1,-1.0693481849104325
-0.03490658503988659,-0.008726646259971648,0.1,-1.2214554687827388
-0.03490658503988659,0.0,0.1,-1.2795200758325482
-0.03490658503988659,0.008726646259971648,0.1,-1.2222549814443542
-0.03490658503988659,0.017453292519943295,0.1,-1.0706473929855571
-0.03490658503988659,0.026179938779914945,0.1,-0.8571775123342784
-0.03490658503988659,0.03490658503988659,0.1,-0.6139257850378305
-0.026179938779914945,-0.03490658503988659,0.1,-0.4523449395514397
-0.026179938779914945,-0.026179938779914945,0.1,-0.6832657816207934
-0.026179938779914945,-0.017453292519943295,0.1,-0.8874957731132997
-0.026179938779914945,-0.008726646259971648,0.1,-1.0272478671448828
-0.026179938779914945,0.0,0.1,-1.0757312474061973
-0.026179938779914945,0.008726646259971648,0.1,-1.027847661539868
-0.026179938779914945,0.017453292519943295,0.1,-0.8881955332407826
-0.026179938779914945,0.026179938779914945,0.1,-0.6832657816207934
-0.026179938779914945,0.03490658503988659,0.1,-0.4501456934364934
-0.017453292519943295,-0.03490658503988659,0.1,-0.29875449131272974
-0.017453292519943295,-0.026179938779914945,0.1,-0.4823265281434431
-0.017453292519943295,-0.017453292519943295,0.1,-0.6403024639781529
-0.017453292519943295,-0.008726646259971648,0.1,-0.741687020267011
-0.017453292519943295,0.0,0.1,-0.7759817962108753
-0.017453292519943295,0.008726646259971648,0.1,-0.741986974575558
-0.017453292519943295,0.017453292519943295,0.1,-0.6403024639781529
-0.017453292519943295,0.026179938779914945,0.1,-0.48082675660070856
-0.017453292519943295,0.03490658503988659,0.1,-0.29455513099307284
-0.008726646259971648,-0.03490658503988659,0.1,-0.15029427703654494
-0.008726646259971648,-0.026179938779914945,0.1,-0.2539903284582995
-0.008726646259971648,-0.017453292519943295,0.1,-0.33508724041880383
-0.008726646259971648,-0.008726646259971648,0.1,-0.3881852185335113
-0.008726646259971648,0.0,0.1,-0.40768447603326263
-0.008726646259971648,0.008726646259971648,0.1,-0.3881852185335113
-0.008726646259971648,0.017453292519943295,0.1,-0.33438726707265887
-0.008726646259971648,0.026179938779914945,0.1,-0.25149042365063906
-0.008726646259971648,0.03490658503988659,0.1,-0.14459449407507918
0.0,-0.03490658503988659,0.1,-0.0031
0.0,-0.026179938779914945,0.1,-0.0015
0.0,-0.017453292519943295,0.1,-0.0005
0.0,-0.008726646259971648,0.1,-0.0001
0.0,0.0,0.1,-0.0
0.0,0.008726646259971648,0.1,0.0001
0.0,0.017453292519943295,0.1,0.0005
0.0,0.026179938779914945,0.1,0.0015
0.0,0.03490658503988659,0.1,0.0031
0.008726646259971648,-0.03490658503988659,0.1,0.14459449407507918
0.008726646259971648,-0.026179938779914945,0.1,0.25149042365063906
0.008726646259971648,-0.017453292519943295,0.1,0.33438726707265887
0.008726646259971648,-0.008726646259971648,0.1,0.3881852185335113
0.008726646259971648,0.0,0.1,0.40768447603326263
0.008726646259971648,0.008726646259971648,0.1,0.3881852185335113
0.008726646259971648,0.017453292519943295,0.1,0.33508724041880383
0.008726646259971648,0.026179938779914945,0.1,0.2539903284582995
0.008726646259971648,0.03490658503988659,0.1,0.15029427703654494
0.017453292519943295,-0.03490658503988659,0.1,0.29455513099307284
0.017453292519943295,-0.026179938779914945,0.1,0.48082675660070856
0.017453292519943295,-0.017453292519943295,0.1,0.6403024639781529
0.017453292519943295,-0.008726646259971648,0.1,0.741986974575558
0.017453292519943295,0.0,0.1,0.7759817962108753
0.017453292519943295,0.008726646259971648,0.1,0.741687020267011
0.017453292519943295,0.017453292519943295,0.1,0.6403024639781529
0.017453292519943295,0.026179938779914945,0.1,0.4823265281434431
0.017453292519943295,0.03490658503988659,0.1,0.29875449131272974
0.026179938779914945,-0.03490658503988659,0.1,0.4501456934364934
0.026179938779914945,-0.026179938779914945,0.1,0.6832657816207934
0.026179938779914945,-0.017453292519943295,0.1,0.8881955332407826
0.026179938779914945,-0.008726646259971648,0.1,1.027847661539868
0.026179938779914945,0.0,0.1,1.0757312474061973
0.026179938779914945,0.008726646259971648,0.1,1.0272478671448828
0.026179938779914945,0.017453292519943295,0.1,0.8874957731132997
0.026179938779914945,0.026179938779914945,0.1,0.6832657816207934
0.026179938779914945,0.03490658503988659,0.1,0.4523449395514397
0.03490658503988659,-0.03490658503988659,0.1,0.6139257850378305
0.03490658503988659,-0.026179938779914945,0.1,0.8571775123342784
0.03490658503988659,-0.017453292519943295,0.1,1.0706473929855571
0.03490658503988659,-0.008726646259971648,0.1,1.2222549814443542
0.03490658503988659,0.0,0.1,1.2795200758325482
0.03490658503988659,0.008726646259971648,0.1,1.2214554687827388
0.03490658503988659,0.017453292519943295,0.1,1.0693481849104325
0.03490658503988659,0.026179938779914945,0.1,0.8559782433418556
0.03490658503988659,0.03490658503988659,0.1,0.6139257850378305
-0.03490658503988659,-0.03490658503988659,0.2,-0.6148252367821477
-0.03490658503988659,-0.026179938779914945,0.2,-0.8571775123342784
-0.03490658503988659,-0.017453292519943295,0.2,-1.0706473929855571
-0.03490658503988659,-0.008726646259971648,0.2,-1.2228546159405655
-0.03490658503988659,0.0,0.2,-1.2809192229903752
-0.03490658503988659,0.008726646259971648,0.2,-1.2236541286021807
-0.03490658503988659,0.017453292519943295,0.2,-1.0719466010606822
-0.03490658503988659,0.026179938779914945,0.2,-0.8583767813267014
-0.03490658503988659,0.03490658503988659,0.2,-0.6149251758648496
-0.026179938779914945,-0.03490658503988659,0.2,-0.45284476821392744
-0.026179938779914945,-0.026179938779914945,0.2,-0.6840655074807739
-0.026179938779914945,-0.017453292519943295,0.2,-0.8885953961707729
-0.026179938779914945,-0.008726646259971648,0.2,-1.0285474216673507
-0.026179938779914945,0.0,0.2,-1.0771307676611628
-0.026179938779914945,0.008726646259971648,0.2,-1.0291472160623363
-0.026179938779914945,0.017453292519943295,0.2,-0.8892951562982557
-0.026179938779914945,0.026179938779914945,0.2,-0.6840655074807739
-0.026179938779914945,0.03490658503988659,0.2,-0.4506455220989812
-0.017453292519943295,-0.03490658503988659,0.2,-0.2990544456212766
-0.017453292519943295,-0.026179938779914945,0.2,-0.4827264672215057
-0.017453292519943295,-0.017453292519943295,0.2,-0.6410023573647624
-0.017453292519943295,-0.008726646259971648,0.2,-0.7426868679621674
-0.017453292519943295,0.0,0.2,-0.7770816286755473
-0.017453292519943295,0.008726646259971648,0.2,-0.7429868222707143
-0.017453292519943295,0.017453292519943295,0.2,-0.6410023573647624
-0.017453292519943295,0.026179938779914945,0.2,-0.48132668044828675
-0.017453292519943295,0.03490658503988659,0.2,-0.29475510053210413
-0.008726646259971648,-0.03490658503988659,0.2,-0.15039427322885138
-0.008726646259971648,-0.026179938779914945,0.2,-0.2541903208429123
-0.008726646259971648,-0.017453292519943295,0.2,-0.3354872251880295
-0.008726646259971648,-0.008726646259971648,0.2,-0.38878519568734976
-0.008726646259971648,0.0,0.2,-0.40828445318710116
-0.008726646259971648,0.008726646259971648,0.2,-0.38878519568734976
-0.008726646259971648,0.017453292519943295,0.2,-0.3347872518418845
-0.008726646259971648,0.026179938779914945,0.2,-0.2516904160352519
-0.008726646259971648,0.03490658503988659,0.2,-0.1446944902673856
0.0,-0.03490658503988659,0.2,-0.0031
0.0,-0.026179938779914945,0.2,-0.0015
0.0,-0.017453292519943295,0.2,-0.0005
0.0,-0.008726646259971648,0.2,-0.0001
0.0,0.0,0.2,-0.0
0.0,0.008726646259971648,0.2,0.0001
0.0,0.017453292519943295,0.2,0.0005
0.0,0.026179938779914945,0.2,0.0015
0.0,0.03490658503988659,0.2,0.0031
0.008726646259971648,-0.03490658503988659,0.2,0.1446944902673856
0.008726646259971648,-0.026179938779914945,0.2,0.2516904160352519
0.008726646259971648,-0.017453292519943295,0.2,0.3347872518418845
0.008726646259971648,-0.008726646259971648,0.2,0.38878519568734976
0.008726646259971648,0.0,0.2,0.40828445318710116
0.008726646259971648,0.008726646259971648,0.2,0.38878519568734976
0.008726646259971648,0.017453292519943295,0.2,0.3354872251880295
0.008726646259971648,0.026179938779914945,0.2,0.2541903208429123
0.008726646259971648,0.03490658503988659,0.2,0.15039427322885138
0.017453292519943295,-0.03490658503988659,0.2,0.2948550853016198
0.017453292519943295,-0.026179938779914945,0.2,0.48132668044828675
0.017453292519943295,-0.017453292519943295,0.2,0.6410023573647624
0.017453292519943295,-0.008726646259971648,0.2,0.7429868222707143
0.017453292519943295,0.0,0.2,0.7769816439060316
0.017453292519943295,0.008726646259971648,0.2,0.7426868679621674
0.017453292519943295,0.017453292519943295,0.2,0.6410023573647624
0.017453292519943295,0.026179938779914945,0.2,0.4827264672215057
0.017453292519943295,0.03490658503988659,0.2,0.2990544456212766
0.026179938779914945,-0.03490658503988659,0.2,0.4506455220989812
0.026179938779914945,-0.026179938779914945,0.2,0.6840655074807739
0.026179938779914945,-0.017453292519943295,0.2,0.8892951562982557
0.026179938779914945,-0.008726646259971648,0.2,1.0291472160623363
0.026179938779914945,0.0,0.2,1.0771307676611628
0.026179938779914945,0.008726646259971648,0.2,1.0285474216673507
0.026179938779914945,0.017453292519943295,0.2,0.8884954304382753
0.026179938779914945,0.026179938779914945,0.2,0.6840655074807739
0.026179938779914945,0.03490658503988659,0.2,0.45284476821392744
0.03490658503988659,-0.03490658503988659,0.2,0.6148252367821477
0.03490658503988659,-0.026179938779914945,0.2,0.8582768422439995
0.03490658503988659,-0.017453292519943295,0.2,1.0719466010606822
0.03490658503988659,-0.008726646259971648,0.2,1.2236541286021807
0.03490658503988659,0.0,0.2,1.2809192229903752
0.03490658503988659,0.008726646259971648,0.2,1.2228546159405655
0.03490658503988659,0.017453292519943295,0.2,1.0706473929855571
0.03490658503988659,0.026179938779914945,0.2,0.8571775123342784
0.03490658503988659,0.03490658503988659,0.2,0.6148252367821477
-0.03490658503988659,-0.03490658503988659,0.3,-0.6153249321956573
-0.03490658503988659,-0.026179938779914945,0.3,-0.857677207747788
-0.03490658503988659,-0.017453292519943295,0.3,-1.071247027481769
-0.03490658503988659,-0.008726646259971648,0.3,-1.2235541895194788
-0.03490658503988659,0.0,0.3,-1.2816187965692885
-0.03490658503988659,0.008726646259971648,0.3,-1.2243537021810944
-0.03490658503988659,0.017453292519943295,0.3,-1.0725462355568935
-0.03490658503988659,0.026179938779914945,0.3,-0.8587765376575089
-0.03490658503988659,0.03490658503988659,0.3,-0.6153249321956573
-0.026179938779914945,-0.03490658503988659,0.3,-0.45284476821392744
-0.026179938779914945,-0.026179938779914945,0.3,-0.684265438945769
-0.026179938779914945,-0.017453292519943295,0.3,-0.888995259100763
-0.026179938779914945,-0.008726646259971648,0.3,-1.0292471817948339
-0.026179938779914945,0.0,0.3,-1.0779304935211433
-0.026179938779914945,0.008726646259971648,0.3,-1.029846976189819
-0.026179938779914945,0.017453292519943295,0.3,-0.8897949849607435
-0.026179938779914945,0.026179938779914945,0.3,-0.684265438945769
-0.026179938779914945,0.03490658503988659,0.3,-0.4507454878314788
-0.017453292519943295,-0.03490658503988659,0.3,-0.29885447608224536
-0.017453292519943295,-0.026179938779914945,0.3,-0.4827264672215057
-0.017453292519943295,-0.017453292519943295,0.3,-0.641402296442825
-0.017453292519943295,-0.008726646259971648,0.3,-0.7433867613487769
-0.017453292519943295,0.0,0.3,-0.7777815220621568
-0.017453292519943295,0.008726646259971648,0.3,-0.7436867156573238
-0.017453292519943295,0.017453292519943295,0.3,-0.6413023116733093
-0.017453292519943295,0.026179938779914945,0.3,-0.48132668044828675
-0.017453292519943295,0.03490658503988659,0.3,-0.2946551157625885
-0.008726646259971648,-0.03490658503988659,0.3,-0.15029427703654494
-0.008726646259971648,-0.026179938779914945,0.3,-0.2541903208429123
-0.008726646259971648,-0.017453292519943295,0.3,-0.3355872213803359
-0.008726646259971648,-0.008726646259971648,0.3,-0.3890851842642691
-0.008726646259971648,0.0,0.3,-0.40878443414863325
-0.008726646259971648,0.008726646259971648,0.3,-0.3890851842642691
-0.008726646259971648,0.017453292519943295,0.3,-0.33488724803419095
-0.008726646259971648,0.026179938779914945,0.3,-0.2515904198429455
-0.008726646259971648,0.03490658503988659,0.3,-0.14459449407507918
0.0,-0.03490658503988659,0.3,-0.0031
0.0,-0.026179938779914945,0.3,-0.0015
0.0,-0.017453292519943295,0.3,-0.0005
0.0,-0.008726646259971648,0.3,-0.0001
0.0,0.0,0.3,-0.0
0.0,0.008726646259971648,0.3,0.0001
0.0,0.017453292519943295,0.3,0.0005
0.0,0.026179938779914945,0.3,0.0015
0.0,0.03490658503988659,0.3,0.0031
0.008726646259971648,-0.03490658503988659,0.3,0.14459449407507918
0.008726646259971648,-0.026179938779914945,0.3,0.2515904198429455
0.008726646259971648,-0.017453292519943295,0.3,0.33488724803419095
0.008726646259971648,-0.008726646259971648,0.3,0.3890851842642691
0.008726646259971648,0.0,0.3,0.40878443414863325
0.008726646259971648,0.008726646259971648,0.3,0.3890851842642691
0.008726646259971648,0.017453292519943295,0.3,0.3355872213803359
0.008726646259971648,0.026179938779914945,0.3,0.2541903208429123
0.008726646259971648,0.03490658503988659,0.3,0.15029427703654494
0.017453292519943295,-0.03490658503988659,0.3,0.2946551157625885
0.017453292519943295,-0.026179938779914945,0.3,0.48132668044828675
0.017453292519943295,-0.017453292519943295,0.3,0.6413023116733093
0.017453292519943295,-0.008726646259971648,0.3,0.7436867156573238
0.017453292519943295,0.0,0.3,0.7777815220621568
0.017453292519943295,0.008726646259971648,0.3,0.7433867613487769
0.017453292519943295,0.017453292519943295,0.3,0.6413023116733093
0.017453292519943295,0.026179938779914945,0.3,0.4827264672215057
0.017453292519943295,0.03490658503988659,0.3,0.29885447608224536
0.026179938779914945,-0.03490658503988659,0.3,0.4507454878314788
0.026179938779914945,-0.026179938779914945,0.3,0.684265438945769
0.026179938779914945,-0.017453292519943295,0.3,0.8897949849607435
0.026179938779914945,-0.008726646259971648,0.3,1.029846976189819
0.026179938779914945,0.0,0.3,1.0779304935211433
0.026179938779914945,0.008726646259971648,0.3,1.0292471817948339
0.026179938779914945,0.017453292519943295,0.3,0.888995259100763
0.026179938779914945,0.026179938779914945,0.3,0.684265438945769
0.026179938779914945,0.03490658503988659,0.3,0.45284476821392744
0.03490658503988659,-0.03490658503988659,0.3,0.6153249321956573
0.03490658503988659,-0.026179938779914945,0.3,0.8587765376575089
0.03490658503988659,-0.017453292519943295,0.3,1.0725462355568935
0.03490658503988659,-0.008726646259971648,0.3,1.2243537021810944
0.03490658503988659,0.0,0.3,1.2816187965692885
0.03490658503988659,0.008726646259971648,0.3,1.2235541895194788
0.03490658503988659,0.017453292519943295,0.3,1.071247027481769
0.03490658503988659,0.026179938779914945,0.3,0.8575772686650861
0.03490658503988659,0.03490658503988659,0.3,0.6153249321956573
-0.03490658503988659,-0.03490658503988659,0.4,-0.6126265769627057
-0.03490658503988659,-0.026179938779914945,0.4,-0.8541793398532211
-0.03490658503988659,-0.017453292519943295,0.4,-1.0670495860082887
-0.03490658503988659,-0.008726646259971648,0.4,-1.2188570526324891
-0.03490658503988659,0.0,0.4,-1.2768217205995969
-0.03490658503988659,0.008726646259971648,0.4,-1.2196565652941045
-0.03490658503988659,0.017453292519943295,0.4,-1.0684487331661152
-0.03490658503988659,0.026179938779914945,0.4,-0.8553786088456441
-0.03490658503988659,0.03490658503988659,0.4,-0.6126265769627057
-0.026179938779914945,-0.03490658503988659,0.4,-0.45054555636648363
-0.026179938779914945,-0.026179938779914945,0.4,-0.6813664327033399
-0.026179938779914945,-0.017453292519943295,0.4,-0.8856963899283438
-0.026179938779914945,-0.008726646259971648,0.4,-1.0255484496924243
-0.026179938779914945,0.0,0.4,-1.0742317614187338
-0.026179938779914945,0.008726646259971648,0.4,-1.0261482440874095
-0.026179938779914945,0.017453292519943295,0.4,-0.8863961500558266
-0.026179938779914945,0.026179938779914945,0.4,-0.6813664327033399
-0.026179938779914945,0.03490658503988659,0.4,-0.44844627598403497
-0.017453292519943295,-0.03490658503988659,0.4,-0.2971547350004795
-0.017453292519943295,-0.026179938779914945,0.4,-0.48052680229216166
-0.017453292519943295,-0.017453292519943295,0.4,-0.6390026619744497
-0.017453292519943295,-0.008726646259971648,0.4,-0.7408871421108859
-0.017453292519943295,0.0,0.4,-0.7752819028242658
-0.017453292519943295,0.008726646259971648,0.4,-0.7411870964194328
-0.017453292519943295,0.017453292519943295,0.4,-0.6390026619744497
-0.017453292519943295,0.026179938779914945,0.4,-0.4791270155189427
-0.017453292519943295,0.03490658503988659,0.4,-0.2929553746808226
-0.008726646259971648,-0.03490658503988659,0.4,-0.14929431511348076
-0.008726646259971648,-0.026179938779914945,0.4,-0.2529903665352353
-0.008726646259971648,-0.017453292519943295,0.4,-0.33438726707265887
-0.008726646259971648,-0.008726646259971648,0.4,-0.3878852299565921
-0.008726646259971648,0.0,0.4,-0.40758447984095625
-0.008726646259971648,0.008726646259971648,0.4,-0.3878852299565921
-0.008726646259971648,0.017453292519943295,0.4,-0.33368729372651396
-0.008726646259971648,0.026179938779914945,0.4,-0.2504904617275749
-0.008726646259971648,0.03490658503988659,0.4,-0.14369452834432142
0.0,-0.03490658503988659,0.4,-0.0031
0.0,-0.026179938779914945,0.4,-0.0015
0.0,-0.017453292519943295,0.4,-0.0005
0.0,-0.008726646259971648,0.4,-0.0001
0.0,0.0,0.4,-0.0
0.0,0.008726646259971648,0.4,0.0001
0.0,0.017453292519943295,0.4,0.0005
0.0,0.026179938779914945,0.4,0.0015
0.0,0.03490658503988659,0.4,0.0031
0.008726646259971648,-0.03490658503988659,0.4,0.14369452834432142
0.008726646259971648,-0.026179938779914945,0.4,0.2504904617275749
0.008726646259971648,-0.017453292519943295,0.4,0.33368729372651396
0.008726646259971648,-0.008726646259971648,0.4,0.3878852299565921
0.008726646259971648,0.0,0.4,0.40758447984095625
0.008726646259971648,0.008726646259971648,0.4,0.3878852299565921
0.008726646259971648,0.017453292519943295,0.4,0.33438726707265887
0.008726646259971648,0.026179938779914945,0.4,0.2529903665352353
0.008726646259971648,0.03490658503988659,0.4,0.14929431511348076
0.017453292519943295,-0.03490658503988659,0.4,0.2929553746808226
0.017453292519943295,-0.026179938779914945,0.4,0.4791270155189427
0.017453292519943295,-0.017453292519943295,0.4,0.6390026619744497
0.017453292519943295,-0.008726646259971648,0.4,0.7411870964194328
0.017453292519943295,0.0,0.4,0.7752819028242658
0.017453292519943295,0.008726646259971648,0.4,0.7408871421108859
0.017453292519943295,0.017453292519943295,0.4,0.6390026619744497
0.017453292519943295,0.026179938779914945,0.4,0.48052680229216166
0.017453292519943295,0.03490658503988659,0.4,0.2971547350004795
0.026179938779914945,-0.03490658503988659,0.4,0.44844627598403497
0.026179938779914945,-0.026179938779914945,0.4,0.6813664327033399
0.026179938779914945,-0.017453292519943295,0.4,0.8863961500558266
0.026179938779914945,-0.008726646259971648,0.4,1.0261482440874095
0.026179938779914945,0.0,0.4,1.0742317614187338
0.026179938779914945,0.008726646259971648,0.4,1.0255484496924243
0.026179938779914945,0.017453292519943295,0.4,0.8856963899283438
0.026179938779914945,0.026179938779914945,0.4,0.6813664327033399
0.026179938779914945,0.03490658503988659,0.4,0.45054555636648363
0.03490658503988659,-0.03490658503988659,0.4,0.6126265769627057
0.03490658503988659,-0.026179938779914945,0.4,0.8553786088456441
0.03490658503988659,-0.017453292519943295,0.4,1.0684487331661152
0.03490658503988659,-0.008726646259971648,0.4,1.2196565652941045
0.03490658503988659,0.0,0.4,1.2768217205995969
0.03490658503988659,0.008726646259971648,0.4,1.2188570526324891
0.03490658503988659,0.017453292519943295,0.4,1.0670495860082887
0.03490658503988659,0.026179938779914945,0.4,0.8541793398532211
0.03490658503988659,0.03490658503988659,0.4,0.6126265769627057
-0.03490658503988659,-0.03490658503988659,0.5,-0.6087289527373312
-0.03490658503988659,-0.026179938779914945,0.5,-0.8490824466354238
-0.03490658503988659,-0.017453292519943295,0.5,-1.0610532410461742
-0.03490658503988659,-0.008726646259971648,0.5,-1.2121611340914613
-0.03490658503988659,0.0,0.5,-1.2699259238931648
-0.03490658503988659,0.008726646259971648,0.5,-1.2129606467530765
-0.03490658503988659,0.017453292519943295,0.5,-1.0623524491212988
-0.03490658503988659,0.026179938779914945,0.5,-0.8502817156278467
-0.03490658503988659,0.03490658503988659,0.5,-0.6087289527373312
-0.026179938779914945,-0.03490658503988659,0.5,-0.44724668719406435
-0.026179938779914945,-0.026179938779914945,0.5,-0.6771678719384425
-0.026179938779914945,-0.017453292519943295,0.5,-0.8807980690359635
-0.026179938779914945,-0.008726646259971648,0.5,-1.0202502658700536
-0.026179938779914945,0.0,0.5,-1.0687336461313681
-0.026179938779914945,0.008726646259971648,0.5,-1.0208500602650392
-0.026179938779914945,0.017453292519943295,0.5,-0.8814978291634464
-0.026179938779914945,0.026179938779914945,0.5,-0.6771678719384425
-0.026179938779914945,0.03490658503988659,0.5,-0.44524737254411323
-0.017453292519943295,-0.03490658503988659,0.5,-0.2948550853016198
-0.017453292519943295,-0.026179938779914945,0.5,-0.4775272592066925
-0.017453292519943295,-0.017453292519943295,0.5,-0.6355031950414023
-0.017453292519943295,-0.008726646259971648,0.5,-0.7371877056388072
-0.017453292519943295,0.0,0.5,-0.7714824815826714
-0.017453292519943295,0.008726646259971648,0.5,-0.7374876599473542
-0.017453292519943295,0.017453292519943295,0.5,-0.6355031950414023
-0.017453292519943295,0.026179938779914945,0.5,-0.47612747243347353
-0.017453292519943295,0.03490658503988659,0.5,-0.2907557097514786
-0.008726646259971648,-0.03490658503988659,0.5,-0.1480943608058038
-0.008726646259971648,-0.026179938779914945,0.5,-0.2513904274583327
-0.008726646259971648,-0.017453292519943295,0.5,-0.33248733941883696
-0.008726646259971648,-0.008726646259971648,0.5,-0.3859853023027701
-0.008726646259971648,0.0,0.5,-0.4056845521871343
-0.008726646259971648,0.008726646259971648,0.5,-0.3859853023027701
-0.008726646259971648,0.017453292519943295,0.5,-0.33188736226499843
-0.008726646259971648,0.026179938779914945,0.5,-0.24889052265067224
-0.008726646259971648,0.03490658503988659,0.5,-0.1424945740366444
0.0,-0.03490658503988659,0.5,-0.0031
0.0,-0.026179938779914945,0.5,-0.0014
0.0,-0.017453292519943295,0.5,-0.0005
0.0,-0.008726646259971648,0.5,-0.0001
0.0,0.0,0.5,-0.0
0.0,0.008726646259971648,0.5,0.0001
0.0,0.017453292519943295,0.5,0.0005
0.0,0.026179938779914945,0.5,0.0014
0.0,0.03490658503988659,0.5,0.0031
0.008726646259971648,-0.03490658503988659,0.5,0.1424945740366444
0.008726646259971648,-0.026179938779914945,0.5,0.24889052265067224
0.008726646259971648,-0.017453292519943295,0.5,0.33188736226499843
0.008726646259971648,-0.008726646259971648,0.5,0.3859853023027701
0.008726646259971648,0.0,0.5,0.4056845521871343
0.008726646259971648,0.008726646259971648,0.5,0.3859853023027701
0.008726646259971648,0.017453292519943295,0.5,0.33248733941883696
0.008726646259971648,0.026179938779914945,0.5,0.2513904274583327
0.008726646259971648,0.03490658503988659,0.5,0.1480943608058038
0.017453292519943295,-0.03490658503988659,0.5,0.2907557097514786
0.017453292519943295,-0.026179938779914945,0.5,0.47612747243347353
0.017453292519943295,-0.017453292519943295,0.5,0.6355031950414023
0.017453292519943295,-0.008726646259971648,0.5,0.7374876599473542
0.017453292519943295,0.0,0.5,0.7714824815826714
0.017453292519943295,0.008726646259971648,0.5,0.7371877056388072
0.017453292519943295,0.017453292519943295,0.5,0.6355031950414023
0.017453292519943295,0.026179938779914945,0.5,0.4775272592066925
0.017453292519943295,0.03490658503988659,0.5,0.2948550853016198
0.026179938779914945,-0.03490658503988659,0.5,0.44524737254411323
0.026179938779914945,-0.026179938779914945,0.5,0.6771678719384425
0.026179938779914945,-0.017453292519943295,0.5,0.8814978291634464
0.026179938779914945,-0.008726646259971648,0.5,1.0208500602650392
0.026179938779914945,0.0,0.5,1.0687336461313681
0.026179938779914945,0.008726646259971648,0.5,1.0202502658700536
0.026179938779914945,0.017453292519943295,0.5,0.8807980690359635
0.026179938779914945,0.026179938779914945,0.5,0.6771678719384425
0.026179938779914945,0.03490658503988659,0.5,0.44724668719406435
0.03490658503988659,-0.03490658503988659,0.5,0.6087289527373312
0.03490658503988659,-0.026179938779914945,0.5,0.8502817156278467
0.03490658503988659,-0.017453292519943295,0.5,1.0623524491212988
0.03490658503988659,-0.008726646259971648,0.5,1.2129606467530765
0.03490658503988659,0.0,0.5,1.2699259238931648
0.03490658503988659,0.008726646259971648,0.5,1.2121611340914613
0.03490658503988659,0.017453292519943295,0.5,1.0610532410461742
0.03490658503988659,0.026179938779914945,0.5,0.8490824466354238
0.03490658503988659,0.03490658503988659,0.5,0.6087289527373312
-0.03490658503988659,-0.03490658503988659,0.6,-0.6047313894292549
-0.03490658503988659,-0.026179938779914945,0.6,-0.8442853706657321
-0.03490658503988659,-0.017453292519943295,0.6,-1.055356713332165
-0.03490658503988659,-0.008726646259971648,0.6,-1.205665093715837
-0.03490658503988659,0.0,0.6,-1.2630301271867332
-0.03490658503988659,0.008726646259971648,0.6,-1.2064646063774525
-0.03490658503988659,0.017453292519943295,0.6,-1.056555982324588
-0.03490658503988659,0.026179938779914945,0.6,-0.845484639658155
-0.03490658503988659,0.03490658503988659,0.6,-0.6047313894292549
-0.026179938779914945,-0.03490658503988659,0.6,-0.4444476466841328
-0.026179938779914945,-0.026179938779914945,0.6,-0.6733691741035354
-0.026179938779914945,-0.017453292519943295,0.6,-0.8760996796085784
-0.026179938779914945,-0.008726646259971648,0.6,-1.0148521163151858
-0.026179938779914945,0.0,0.6,-1.0630355993790075
-0.026179938779914945,0.008726646259971648,0.6,-1.0154519107101712
-0.026179938779914945,0.017453292519943295,0.6,-0.8767994397360612
-0.026179938779914945,0.026179938779914945,0.6,-0.6733691741035354
-0.026179938779914945,0.03490658503988659,0.6,-0.44244833203418166
-0.017453292519943295,-0.03490658503988659,0.6,-0.2930553594503383
-0.017453292519943295,-0.026179938779914945,0.6,-0.4748276704297702
-0.017453292519943295,-0.017453292519943295,0.6,-0.6320037281083549
-0.017453292519943295,-0.008726646259971648,0.6,-0.733388284397213
-0.017453292519943295,0.0,0.6,-0.7675830755715616
-0.017453292519943295,0.008726646259971648,0.6,-0.7336882387057599
-0.017453292519943295,0.017453292519943295,0.6,-0.6320037281083549
-0.017453292519943295,0.026179938779914945,0.6,-0.47342788365655125
-0.017453292519943295,0.03490658503988659,0.6,-0.28895598390019706
-0.008726646259971648,-0.03490658503988659,0.6,-0.147194395075046
-0.008726646259971648,-0.026179938779914945,0.6,-0.24989048457373642
-0.008726646259971648,-0.017453292519943295,0.6,-0.33068740795732143
-0.008726646259971648,-0.008726646259971648,0.6,-0.38398537845664177
-0.008726646259971648,0.0,0.6,-0.40368462834100594
-0.008726646259971648,0.008726646259971648,0.6,-0.38398537845664177
-0.008726646259971648,0.017453292519943295,0.6,-0.3299874346111765
-0.008726646259971648,0.026179938779914945,0.6,-0.2474905759583824
-0.008726646259971648,0.03490658503988659,0.6,-0.14159460830588666
0.0,-0.03490658503988659,0.6,-0.003
0.0,-0.026179938779914945,0.6,-0.0014
0.0,-0.017453292519943295,0.6,-0.0005
0.0,-0.008726646259971648,0.6,-0.0001
0.0,0.0,0.6,-0.0
0.0,0.008726646259971648,0.6,0.0001
0.0,0.017453292519943295,0.6,0.0005
0.0,0.026179938779914945,0.6,0.0014
0.0,0.03490658503988659,0.6,0.003
0.008726646259971648,-0.03490658503988659,0.6,0.14159460830588666
0.008726646259971648,-0.026179938779914945,0.6,0.2474905759583824
0.008726646259971648,-0.017453292519943295,0.6,0.3299874346111765
0.008726646259971648,-0.008726646259971648,0.6,0.38398537845664177
0.008726646259971648,0.0,0.6,0.40368462834100594
0.008726646259971648,0.008726646259971648,0.6,0.38398537845664177
0.008726646259971648,0.017453292519943295,0.6,0.33068740795732143
0.008726646259971648,0.026179938779914945,0.6,0.24989048457373642
0.008726646259971648,0.03490658503988659,0.6,0.147194395075046
0.017453292519943295,-0.03490658503988659,0.6,0.28895598390019706
0.017453292519943295,-0.026179938779914945,0.6,0.47342788365655125
0.017453292519943295,-0.017453292519943295,0.6,0.6320037281083549
0.017453292519943295,-0.008726646259971648,0.6,0.7336882387057599
0.017453292519943295,0.0,0.6,0.7675830755715616
0.017453292519943295,0.008726646259971648,0.6,0.733388284397213
0.017453292519943295,0.017453292519943295,0.6,0.6320037281083549
0.017453292519943295,0.026179938779914945,0.6,0.4748276704297702
0.017453292519943295,0.03490658503988659,0.6,0.2930553594503383
0.026179938779914945,-0.03490658503988659,0.6,0.44244833203418166
0.026179938779914945,-0.026179938779914945,0.6,0.6733691741035354
0.026179938779914945,-0.017453292519943295,0.6,0.8767994397360612
0.026179938779914945,-0.008726646259971648,0.6,1.0154519107101712
0.026179938779914945,0.0,0.6,1.0630355993790075
0.026179938779914945,0.008726646259971648,0.6,1.0148521163151858
0.026179938779914945,0.017453292519943295,0.6,0.8760996796085784
0.026179938779914945,0.026179938779914945,0.6,0.6733691741035354
0.026179938779914945,0.03490658503988659,0.6,0.4444476466841328
0.03490658503988659,-0.03490658503988659,0.6,0.6047313894292549
0.03490658503988659,-0.026179938779914945,0.6,0.8453847005754531
0.03490658503988659,-0.017453292519943295,0.6,1.056555982324588
0.03490658503988659,-0.008726646259971648,0.6,1.2064646063774525
0.03490658503988659,0.0,0.6,1.2630301271867332
0.03490658503988659,0.008726646259971648,0.6,1.205665093715837
0.03490658503988659,0.017453292519943295,0.6,1.055356713332165
0.03490658503988659,0.026179938779914945,0.6,0.8442853706657321
0.03490658503988659,0.03490658503988659,0.6,0.6047313894292549
-0.03490658503988659,-0.03490658503988659,0.7,-0.5300768946509283
-0.03490658503988659,-0.026179938779914945,0.7,-0.7465449477832645
-0.03490658503988659,-0.017453292519943295,0.7,-0.9371287784958061
-0.03490658503988659,-0.008726646259971648,0.7,-1.0729459918877013
-0.03490658503988659,0.0,0.7,-1.1247144367272903
-0.03490658503988659,0.008726646259971648,0.7,-1.0735456263839127
-0.03490658503988659,0.017453292519943295,0.7,-0.9382281084055271
-0.03490658503988659,0.026179938779914945,0.7,-0.7475443386102836
-0.03490658503988659,0.03490658503988659,0.7,-0.5300768946509283
-0.026179938779914945,-0.03490658503988659,0.7,-0.389266562345482
-0.026179938779914945,-0.026179938779914945,0.7,-0.5960956628829248
-0.026179938779914945,-0.017453292519943295,0.7,-0.7792328848184469
-0.026179938779914945,-0.008726646259971648,0.7,-0.9045899133703817
-0.026179938779914945,0.0,0.7,-0.9481749727393161
-0.026179938779914945,0.008726646259971648,0.7,-0.9050897420328695
-0.026179938779914945,0.017453292519943295,0.7,-0.7799326449459297
-0.026179938779914945,0.026179938779914945,0.7,-0.5960956628829248
-0.026179938779914945,0.03490658503988659,0.7,-0.387467179160526
-0.017453292519943295,-0.03490658503988659,0.7,-0.25646093380761437
-0.017453292519943295,-0.026179938779914945,0.7,-0.4206359253522938
-0.017453292519943295,-0.017453292519943295,0.7,-0.5628142676035326
-0.017453292519943295,-0.008726646259971648,0.7,-0.6544003164798581
-0.017453292519943295,0.0,0.7,-0.6853955950297063
-0.017453292519943295,0.008726646259971648,0.7,-0.6547002707884051
-0.017453292519943295,0.017453292519943295,0.7,-0.5628142676035326
-0.017453292519943295,0.026179938779914945,0.7,-0.4194361081181061
-0.017453292519943295,0.03490658503988659,0.7,-0.2528614821050514
-0.008726646259971648,-0.03490658503988659,0.7,-0.12879509569066527
-0.008726646259971648,-0.026179938779914945,0.7,-0.22159156215102035
-0.008726646259971648,-0.017453292519943295,0.7,-0.29458878253470483
-0.008726646259971648,-0.008726646259971648,0.7,-0.34288694341870435
-0.008726646259971648,0.0,0.7,-0.360786261841553
-0.008726646259971648,0.008726646259971648,0.7,-0.34288694341870435
-0.008726646259971648,0.017453292519943295,0.7,-0.29398880538086636
-0.008726646259971648,0.026179938779914945,0.7,-0.2193916459202792
-0.008726646259971648,0.03490658503988659,0.7,-0.1237952860753444
0.0,-0.03490658503988659,0.7,-0.0027
0.0,-0.026179938779914945,0.7,-0.0013
0.0,-0.017453292519943295,0.7,-0.0004
0.0,-0.008726646259971648,0.7,-0.0001
0.0,0.0,0.7,-0.0
0.0,0.008726646259971648,0.7,0.0001
0.0,0.017453292519943295,0.7,0.0004
0.0,0.026179938779914945,0.7,0.0013
0.0,0.03490658503988659,0.7,0.0027
0.008726646259971648,-0.03490658503988659,0.7,0.1237952860753444
0.008726646259971648,-0.026179938779914945,0.7,0.2193916459202792
0.008726646259971648,-0.017453292519943295,0.7,0.29398880538086636
0.008726646259971648,-0.008726646259971648,0.7,0.34288694341870435
0.008726646259971648,0.0,0.7,0.360786261841553
0.008726646259971648,0.008726646259971648,0.7,0.34288694341870435
0.008726646259971648,0.017453292519943295,0.7,0.29458878253470483
0.008726646259971648,0.026179938779914945,0.7,0.22159156215102035
0.008726646259971648,0.03490658503988659,0.7,0.12879509569066527
0.017453292519943295,-0.03490658503988659,0.7,0.2528614821050514
0.017453292519943295,-0.026179938779914945,0.7,0.4194361081181061
0.017453292519943295,-0.017453292519943295,0.7,0.5628142676035326
0.017453292519943295,-0.008726646259971648,0.7,0.6547002707884051
0.017453292519943295,0.0,0.7,0.6853955950297063
0.017453292519943295,0.008726646259971648,0.7,0.6544003164798581
0.017453292519943295,0.017453292519943295,0.7,0.5628142676035326
0.017453292519943295,0.026179938779914945,0.7,0.4206359253522938
0.017453292519943295,0.03490658503988659,0.7,0.25646093380761437
0.026179938779914945,-0.03490658503988659,0.7,0.387467179160526
0.026179938779914945,-0.026179938779914945,0.7,0.5960956628829248
0.026179938779914945,-0.017453292519943295,0.7,0.7799326449459297
0.026179938779914945,-0.008726646259971648,0.7,0.9050897420328695
0.026179938779914945,0.0,0.7,0.9481749727393161
0.026179938779914945,0.008726646259971648,0.7,0.9045899133703817
0.026179938779914945,0.017453292519943295,0.7,0.7792328848184469
0.026179938779914945,0.026179938779914945,0.7,0.5960956628829248
0.026179938779914945,0.03490658503988659,0.7,0.389266562345482
0.03490658503988659,-0.03490658503988659,0.7,0.5300768946509283
0.03490658503988659,-0.026179938779914945,0.7,0.7475443386102836
0.03490658503988659,-0.017453292519943295,0.7,0.938328047488229
0.03490658503988659,-0.008726646259971648,0.7,1.0735456263839127
0.03490658503988659,0.0,0.7,1.1247144367272903
0.03490658503988659,0.008726646259971648,0.7,1.0729459918877013
0.03490658503988659,0.017453292519943295,0.7,0.9371287784958061
0.03490658503988659,0.026179938779914945,0.7,0.7465449477832645
0.03490658503988659,0.03490658503988659,0.7,0.5300768946509283
-0.03490658503988659,-0.03490658503988659,0.8,-0.5109885298548636
-0.03490658503988659,-0.026179938779914945,0.8,-0.7235589587618253
-0.03490658503988659,-0.017453292519943295,0.8,-0.9106449215798
-0.03490658503988659,-0.008726646259971648,0.8,-1.0438637188214455
-0.03490658503988659,0.0,0.8,-1.0946327728340155
-0.03490658503988659,0.008726646259971648,0.8,-1.0444633533176568
-0.03490658503988659,0.017453292519943295,0.8,-0.9117442514895211
-0.03490658503988659,0.026179938779914945,0.8,-0.7245583495888444
-0.03490658503988659,0.03490658503988659,0.8,-0.5109885298548636
-0.026179938779914945,-0.03490658503988659,0.8,-0.37507142833082907
-0.026179938779914945,-0.026179938779914945,0.8,-0.5782017967658624
-0.026179938779914945,-0.017453292519943295,0.8,-0.7579401837964675
-0.026179938779914945,-0.008726646259971648,0.8,-0.8809980005009586
-0.026179938779914945,0.0,0.8,-0.9236833682774149
-0.026179938779914945,0.008726646259971648,0.8,-0.8814978291634464
-0.026179938779914945,0.017453292519943295,0.8,-0.7585399781914529
-0.026179938779914945,0.026179938779914945,0.8,-0.5782017967658624
-0.026179938779914945,0.03490658503988659,0.8,-0.3732720451458731
-0.017453292519943295,-0.03490658503988659,0.8,-0.24706236547314428
-0.017453292519943295,-0.026179938779914945,0.8,-0.4081378291628389
-0.017453292519943295,-0.017453292519943295,0.8,-0.5477165674066711
-0.017453292519943295,-0.008726646259971648,0.8,-0.637802844740262
-0.017453292519943295,0.0,0.8,-0.6681982146730163
-0.017453292519943295,0.008726646259971648,0.8,-0.6380028142792933
-0.017453292519943295,0.017453292519943295,0.8,-0.5477165674066711
-0.017453292519943295,0.026179938779914945,0.8,-0.4070379966981669
-0.017453292519943295,0.03490658503988659,0.8,-0.24346291377058127
-0.008726646259971648,-0.03490658503988659,0.8,-0.12399527845995724
-0.008726646259971648,-0.026179938779914945,0.8,-0.21509180965110325
-0.008726646259971648,-0.017453292519943295,0.8,-0.2867890795348043
-0.008726646259971648,-0.008726646259971648,0.8,-0.3342872708803524
-0.008726646259971648,0.0,0.8,-0.35188660072628186
-0.008726646259971648,0.008726646259971648,0.8,-0.3342872708803524
-0.008726646259971648,0.017453292519943295,0.8,-0.28618910238096584
-0.008726646259971648,0.026179938779914945,0.8,-0.2129918896126685
-0.008726646259971648,0.03490658503988659,0.8,-0.11919546122924922
0.0,-0.03490658503988659,0.8,-0.0026
0.0,-0.026179938779914945,0.8,-0.0012
0.0,-0.017453292519943295,0.8,-0.0004
0.0,-0.008726646259971648,0.8,-0.0001
0.0,0.0,0.8,-0.0
0.0,0.008726646259971648,0.8,0.0001
0.0,0.017453292519943295,0.8,0.0004
0.0,0.026179938779914945,0.8,0.0012
0.0,0.03490658503988659,0.8,0.0026
0.008726646259971648,-0.03490658503988659,0.8,0.11919546122924922
0.008726646259971648,-0.026179938779914945,0.8,0.2129918896126685
0.008726646259971648,-0.017453292519943295,0.8,0.28618910238096584
0.008726646259971648,-0.008726646259971648,0.8,0.3342872708803524
0.008726646259971648,0.0,0.8,0.35188660072628186
0.008726646259971648,0.008726646259971648,0.8,0.3342872708803524
0.008726646259971648,0.017453292519943295,0.8,0.2867890795348043
0.008726646259971648,0.026179938779914945,0.8,0.21509180965110325
0.008726646259971648,0.03490658503988659,0.8,0.12399527845995724
0.017453292519943295,-0.03490658503988659,0.8,0.24346291377058127
0.017453292519943295,-0.026179938779914945,0.8,0.4070379966981669
0.017453292519943295,-0.017453292519943295,0.8,0.5477165674066711
0.017453292519943295,-0.008726646259971648,0.8,0.6380028142792933
0.017453292519943295,0.0,0.8,0.6680982299035007
0.017453292519943295,0.008726646259971648,0.8,0.637802844740262
0.017453292519943295,0.017453292519943295,0.8,0.5477165674066711
0.017453292519943295,0.026179938779914945,0.8,0.40823781393235453
0.017453292519943295,0.03490658503988659,0.8,0.24696238070362864
0.026179938779914945,-0.03490658503988659,0.8,0.3732720451458731
0.026179938779914945,-0.026179938779914945,0.8,0.5782017967658624
0.026179938779914945,-0.017453292519943295,0.8,0.7585399781914529
0.026179938779914945,-0.008726646259971648,0.8,0.8813978634309488
0.026179938779914945,0.0,0.8,0.9236833682774149
0.026179938779914945,0.008726646259971648,0.8,0.8809980005009586
0.026179938779914945,0.017453292519943295,0.8,0.7579401837964675
0.026179938779914945,0.026179938779914945,0.8,0.5782017967658624
0.026179938779914945,0.03490658503988659,0.8,0.37507142833082907
0.03490658503988659,-0.03490658503988659,0.8,0.5109885298548636
0.03490658503988659,-0.026179938779914945,0.8,0.7245583495888444
0.03490658503988659,-0.017453292519943295,0.8,0.9117442514895211
0.03490658503988659,-0.008726646259971648,0.8,1.0444633533176568
0.03490658503988659,0.0,0.8,1.0946327728340155
0.03490658503988659,0.008726646259971648,0.8,1.0438637188214455
0.03490658503988659,0.017453292519943295,0.8,0.9106449215798
0.03490658503988659,0.026179938779914945,0.8,0.7235589587618253
0.03490658503988659,0.03490658503988659,0.8,0.5108885907721618
-0.03490658503988659,-0.03490658503988659,0.9,-0.45951990226338024
-0.03490658503988659,-0.026179938779914945,0.9,-0.6578989814266707
-0.03490658503988659,-0.017453292519943295,0.9,-0.8327923761550126
-0.03490658503988659,-0.008726646259971648,0.9,-0.9575163513669956
-0.03490658503988659,0.0,0.9,-1.0050873547331047
-0.03490658503988659,0.008726646259971648,0.9,-0.9581159858632071
-0.03490658503988659,0.017453292519943295,0.9,-0.8337917669820316
-0.03490658503988659,0.026179938779914945,0.9,-0.658798433170988
-0.03490658503988659,0.03490658503988659,0.9,-0.45951990226338024
-0.026179938779914945,-0.03490658503988659,0.9,-0.33698448424926036
-0.026179938779914945,-0.026179938779914945,0.9,-0.5267194445296212
-0.026179938779914945,-0.017453292519943295,0.9,-0.6946618751255147
-0.026179938779914945,-0.008726646259971648,0.9,-0.8096224674977037
-0.026179938779914945,0.0,0.9,-0.8496087604967261
-0.026179938779914945,0.008726646259971648,0.9,-0.8101222961601916
-0.026179938779914945,0.017453292519943295,0.9,-0.6952616695205001
-0.026179938779914945,0.026179938779914945,0.9,-0.5267194445296212
-0.026179938779914945,0.03490658503988659,0.9,-0.33538503252929946
-0.017453292519943295,-0.03490658503988659,0.9,-0.2218662035552032
-0.017453292519943295,-0.026179938779914945,0.9,-0.372643235984787
-0.017453292519943295,-0.017453292519943295,0.9,-0.5029233906636648
-0.017453292519943295,-0.008726646259971648,0.9,-0.5867106275177704
-0.017453292519943295,0.0,0.9,-0.6150063172906962
-0.017453292519943295,0.008726646259971648,0.9,-0.5870105818263173
-0.017453292519943295,0.017453292519943295,0.9,-0.5029233906636648
-0.017453292519943295,0.026179938779914945,0.9,-0.371543403520115
-0.017453292519943295,0.03490658503988659,0.9,-0.2186666909307028
-0.008726646259971648,-0.03490658503988659,0.9,-0.1114957544216551
-0.008726646259971648,-0.026179938779914945,0.9,-0.19669251026672252
-0.008726646259971648,-0.017453292519943295,0.9,-0.263689959112022
-0.008726646259971648,-0.008726646259971648,0.9,-0.3076882837268455
-0.008726646259971648,0.0,0.9,-0.3238876668804851
-0.008726646259971648,0.008726646259971648,0.9,-0.3076882837268455
-0.008726646259971648,0.017453292519943295,0.9,-0.26308998195818345
-0.008726646259971648,0.026179938779914945,0.9,-0.19479258261290058
-0.008726646259971648,0.03490658503988659,0.9,-0.10699592576786633
0.0,-0.03490658503988659,0.9,-0.0024
0.0,-0.026179938779914945,0.9,-0.0011
0.0,-0.017453292519943295,0.9,-0.0004
0.0,-0.008726646259971648,0.9,-0.0001
0.0,0.0,0.9,-0.0
0.0,0.008726646259971648,0.9,0.0001
0.0,0.017453292519943295,0.9,0.0004
0.0,0.026179938779914945,0.9,0.0011
0.0,0.03490658503988659,0.9,0.0024
0.008726646259971648,-0.03490658503988659,0.9,0.10699592576786633
0.008726646259971648,-0.026179938779914945,0.9,0.19479258261290058
0.008726646259971648,-0.017453292519943295,0.9,0.26308998195818345
0.008726646259971648,-0.008726646259971648,0.9,0.3076882837268455
0.008726646259971648,0.0,0.9,0.3238876668804851
0.008726646259971648,0.008726646259971648,0.9,0.3076882837268455
0.008726646259971648,0.017453292519943295,0.9,0.263689959112022
0.008726646259971648,0.026179938779914945,0.9,0.19669251026672252
0.008726646259971648,0.03490658503988659,0.9,0.1114957544216551
0.017453292519943295,-0.03490658503988659,0.9,0.2186666909307028
0.017453292519943295,-0.026179938779914945,0.9,0.371543403520115
0.017453292519943295,-0.017453292519943295,0.9,0.5029233906636648
0.017453292519943295,-0.008726646259971648,0.9,0.5870105818263173
0.017453292519943295,0.0,0.9,0.6150063172906962
0.017453292519943295,0.008726646259971648,0.9,0.5867106275177704
0.017453292519943295,0.017453292519943295,0.9,0.5029233906636648
0.017453292519943295,0.026179938779914945,0.9,0.372643235984787
0.017453292519943295,0.03490658503988659,0.9,0.2218662035552032
0.026179938779914945,-0.03490658503988659,0.9,0.33538503252929946
0.026179938779914945,-0.026179938779914945,0.9,0.5267194445296212
0.026179938779914945,-0.017453292519943295,0.9,0.6952616695205001
0.026179938779914945,-0.008726646259971648,0.9,0.8101222961601916
0.026179938779914945,0.0,0.9,0.8496087604967261
0.026179938779914945,0.008726646259971648,0.9,0.8096224674977037
0.026179938779914945,0.017453292519943295,0.9,0.6946618751255147
0.026179938779914945,0.026179938779914945,0.9,0.5267194445296212
0.026179938779914945,0.03490658503988659,0.9,0.33698448424926036
0.03490658503988659,-0.03490658503988659,0.9,0.45951990226338024
0.03490658503988659,-0.026179938779914945,0.9,0.658798433170988
0.03490658503988659,-0.017453292519943295,0.9,0.8337917669820316
0.03490658503988659,-0.008726646259971648,0.9,0.9581159858632071
0.03490658503988659,0.0,0.9,1.0050873547331047
0.03490658503988659,0.008726646259971648,0.9,0.9575163513669956
0.03490658503988659,0.017453292519943295,0.9,0.8327923761550126
0.03490658503988659,0.026179938779914945,0.9,0.6578989814266707
0.03490658503988659,0.03490658503988659,0.9,0.45951990226338024
-0.03490658503988659,-0.03490658503988659,1,-0.42094341634044313
-0.03490658503988659,-0.026179938779914945,1,-0.610128099895158
-0.03490658503988659,-0.017453292519943295,1,-0.7770263680073469
-0.03490658503988659,-0.008726646259971648,1,-0.8960538155053213
-0.03490658503988659,0.0,1,-0.9414261590519881
-0.03490658503988659,0.008726646259971648,1,-0.8965535109188308
-0.03490658503988659,0.017453292519943295,1,-0.7779258197516641
-0.03490658503988659,0.026179938779914945,1,-0.6110275516394752
-0.03490658503988659,0.03490658503988659,1,-0.42094341634044313
-0.026179938779914945,-0.03490658503988659,1,-0.30849425048745693
-0.026179938779914945,-0.026179938779914945,1,-0.4894322263080328
-0.026179938779914945,-0.017453292519943295,1,-0.6496772955016147
-0.026179938779914945,-0.008726646259971648,1,-0.7593397040514334
-0.026179938779914945,0.0,1,-0.797426648133002
-0.026179938779914945,0.008726646259971648,1,-0.7597395669814235
-0.026179938779914945,0.017453292519943295,1,-0.6501771241641024
-0.026179938779914945,0.026179938779914945,1,-0.4894322263080328
-0.026179938779914945,0.03490658503988659,1,-0.30699476449999363
-0.017453292519943295,-0.03490658503988659,1,-0.20306906688626308
-0.017453292519943295,-0.026179938779914945,1,-0.34684716544975214
-0.017453292519943295,-0.017453292519943295,1,-0.47102824918817593
-0.017453292519943295,-0.008726646259971648,1,-0.5510160648006872
-0.017453292519943295,0.0,1,-0.5780119525699098
-0.017453292519943295,0.008726646259971648,1,-0.5512160343397186
-0.017453292519943295,0.017453292519943295,1,-0.47102824918817593
-0.017453292519943295,0.026179938779914945,1,-0.3458473177545957
-0.017453292519943295,0.03490658503988659,1,-0.19996953903127826
-0.008726646259971648,-0.03490658503988659,1,-0.10199611615254546
-0.008726646259971648,-0.026179938779914945,1,-0.18329302049766258
-0.008726646259971648,-0.017453292519943295,1,-0.24719058738146316
-0.008726646259971648,-0.008726646259971648,1,-0.28918898815015837
-0.008726646259971648,0.0,1,-0.304688397957653
-0.008726646259971648,0.008726646259971648,1,-0.28918898815015837
-0.008726646259971648,0.017453292519943295,1,-0.24669060641993107
-0.008726646259971648,0.026179938779914945,1,-0.18149308903614708
-0.008726646259971648,0.03490658503988659,1,-0.09789627226798238
0.0,-0.03490658503988659,1,-0.0023
0.0,-0.026179938779914945,1,-0.0011
0.0,-0.017453292519943295,1,-0.0004
0.0,-0.008726646259971648,1,-0.0
0.0,0.0,1,-0.0
0.0,0.008726646259971648,1,-0.0
0.0,0.017453292519943295,1,0.0004
0.0,0.026179938779914945,1,0.0011
0.0,0.03490658503988659,1,0.0023
0.008726646259971648,-0.03490658503988659,1,0.09789627226798238
0.008726646259971648,-0.026179938779914945,1,0.18149308903614708
0.008726646259971648,-0.017453292519943295,1,0.24669060641993107
0.008726646259971648,-0.008726646259971648,1,0.28918898815015837
0.008726646259971648,0.0,1,0.304688397957653
0.008726646259971648,0.008726646259971648,1,0.28918898815015837
0.008726646259971648,0.017453292519943295,1,0.24719058738146316
0.008726646259971648,0.026179938779914945,1,0.18329302049766258
0.008726646259971648,0.03490658503988659,1,0.10199611615254546
0.017453292519943295,-0.03490658503988659,1,0.19996953903127826
0.017453292519943295,-0.026179938779914945,1,0.3458473177545957
0.017453292519943295,-0.017453292519943295,1,0.47102824918817593
0.017453292519943295,-0.008726646259971648,1,0.5512160343397186
0.017453292519943295,0.0,1,0.5780119525699098
0.017453292519943295,0.008726646259971648,1,0.5510160648006872
0.017453292519943295,0.017453292519943295,1,0.47102824918817593
0.017453292519943295,0.026179938779914945,1,0.34684716544975214
0.017453292519943295,0.03490658503988659,1,0.20306906688626308
0.026179938779914945,-0.03490658503988659,1,0.30699476449999363
0.026179938779914945,-0.026179938779914945,1,0.4894322263080328
0.026179938779914945,-0.017453292519943295,1,0.6501771241641024
0.026179938779914945,-0.008726646259971648,1,0.7597395669814235
0.026179938779914945,0.0,1,0.797426648133002
0.026179938779914945,0.008726646259971648,1,0.7593397040514334
0.026179938779914945,0.017453292519943295,1,0.6495773297691172
0.026179938779914945,0.026179938779914945,1,0.4894322263080328
0.026179938779914945,0.03490658503988659,1,0.30849425048745693
0.03490658503988659,-0.03490658503988659,1,0.42094341634044313
0.03490658503988659,-0.026179938779914945,1,0.6110275516394752
0.03490658503988659,-0.017453292519943295,1,0.7779258197516641
0.03490658503988659,-0.008726646259971648,1,0.8965535109188308
0.03490658503988659,0.0,1,0.9414261590519881
0.03490658503988659,0.008726646259971648,1,0.8960538155053213
0.03490658503988659,0.017453292519943295,1,0.7770263680073469
0.03490658503988659,0.026179938779914945,1,0.610128099895158
0.03490658503988659,0.03490658503988659,1,0.42094341634044313
